last_scraped,source,name,description,neighborhood_overview,host_name,host_since,host_location,host_about,host_response_time,host_is_superhost,host_verifications,host_identity_verified,neighbourhood_cleansed,property_type,room_type,bathrooms_text,amenities,first_review,license,instant_bookable,id,host_response_rate,host_acceptance_rate,host_listings_count,host_total_listings_count,latitude,longitude,accommodates,bathrooms,bedrooms,beds,price,minimum_nights,maximum_nights,minimum_nights_avg_ntm,maximum_nights_avg_ntm,availability_30,availability_60,availability_90,availability_365,number_of_reviews,number_of_reviews_l30d,review_scores_rating,review_scores_accuracy,review_scores_cleanliness,review_scores_communication,review_scores_location,review_scores_value,reviews_per_month
2024-09-26,previous scrape,COOL PENT HOUSE APARTMENT @CONDESA,Amazing Pent House apartment in the heart fo Condesa,Información acerca del vecindario no proporcionada,Fernando,2010-08-09,2010-08-09,Condesa Haus  offers independent  studios and private rooms.,within an hour,t,"['email', 'phone', 'work_email']",t,Cuauhtémoc,Room in serviced apartment,Hotel room,1 private bath,"[""Iron"", ""Washer"", ""Wifi"", ""Host greets you"", ""Refrigerator"", ""Dishes and silverware"", ""Dishwasher"", ""Hangers"", ""Free parking on premises"", ""Carbon monoxide alarm"", ""Coffee maker"", ""Backyard"", ""Essentials"", ""Shampoo"", ""Hot water"", ""Dryer"", ""TV with standard cable"", ""Patio or balcony"", ""Kitchen"", ""Oven"", ""Smoke alarm"", ""Stove"", ""Free street parking"", ""Exterior security cameras on property"", ""Cooking basics"", ""Hair dryer"", ""Microwave""]",2015-01-05,No disponible,t,281134,1.0,0.93,12.0,13.0,19.41124,-99.17748,3.0,1.5,1.0,2.0,4216.0,1.0,365.0,2.0,365.0,14,33,43,312,7.0,0.0,4.71,4.71,5.0,5.0,5.0,4.86,0.06
2024-09-26,previous scrape,Descansa en la Suite de la Abuelita San Angel CDMX,"Beautiful, spacious and calm independent Suite on ground floor, fully decorated with Mexican hands&crafts, with a comfortable kingsize bed, 800 threads sheets.  Small dinning room.  Bathroom with bathtub. Kitchennette.  <br />Free WiFi, complimentary full breakfast and daily cleaning.<br />Located inside our Artist´s Residence, our guests can enjoy our common spaces: dinning room, living rooms, roof deck with BBQ and fire pit (available upon request for you and your friends).","San Ángel is a XVI century village nestled in the big Mexico City: its architecture is lovely and still preserve beautiful houses and gardens, and its safe to walk around its unique small alleys and secret spots.<br /><br />During the Viceroyalty in the XVI - XVIII centuries, San Angel was the perfect place for country homes to rest from the city. <br /><br />Walking distance, you will find several museums as the Carrillo Gil Modern Art Museum, the Diego Rivera and Frida Kahlo Studio Museum, the gorgeous Ex-Convento del Carmen Museum, the Mexican Revolutions Museum, la Casa del Risco or the Isidro Fabela House.<br /><br />You cannot miss the Bazaar del Sábado, on Saturdays... just 2 blocks away in Plaza San Jacinto, where local artists and all-around-the-country handcrafts market promenade is really enjoyable.<br /><br />Other nice neighborhoods as Coyoacan or Chimalistac, and the main campus of UNAM (National University) are close enough to visit plenty of cultural spots as the fantas",Martha Laura,2012-06-01,2012-06-01,"We are a mexican couple who has been together for more than 25 years. We have two teenagers: a daughter, a son.
We are in the IT business and we love to travel. We always travel as if it was the last trip of our lives. For us, family, love and harmony are essential in life. We enjoy contemporary art and we are dedicated to promoting mexican artists and culture in every place we visit. 
Pancho and I met scuba diving in 1994, therefore the sea, nature and outdoor activities are basic and necessary. We enjoy camping, scuba diving and sailing, sport in which we compete every month in Acapulco.
Lunch time is a special moment for us, a pause where we can enjoy and celebrate being together, a moment apart from the rush of the city where we prepare ourselves for the afternoon daily commitments.
We love Mexico and we are ambassadors of our country, we always talk about how great is the mexican spirit, its culture, gastronomy, nature, beaches and its history. If we had to choose another country to live, it would be Italy for the same reasons we love Mexico.
We recognize ourselves as entrepreneurs because of our professional upbringing, we generate projects and ideas, some of which become business ventures. We've always been motivated by the risk, investing time, money and effort to develop new ideas with a purposeful end. Another factor deeply rooted in our family is ecology and self sustainability and seek to have the least possible impact on our environment and our planet .
We have a francophile part because the 4 of Pancho's grandparents were born in France and married in Mexico . With some friends, we spontaneously create an amateur theater group fifteen years ago, ""Théâtre a la Dérive"", where we enjoy making plays in French just for the pleasure of the whole process, costumes, learning the script and friendship. The group is composed mainly by frenchies living in México.
Today what bring us here is that 14 years ago, on a sabathical year, we lived in a ""Chateau"" in France countryside, and we opened 11 rooms to host our beloved...  more than a hundred friends and family members came to visit and stayed with us in that 12th century castle. The uniqueness of this experience led us to replicate the model in Mexico, and we open our home with a project: Art Residence to share it with you, people with similar interests, that want to enjoy living among art in our village of San Angel,  town founded 500 years ago and today immersed in one of the largest and most exciting cities in the world: Mexico City. Welcome!

In our country we say to our guests: ""Mi casa es tu casa. My home is your home"".",within an hour,t,"['email', 'phone', 'work_email']",t,Álvaro Obregón,Room in boutique hotel,Hotel room,1 private bath,"[""Shared patio or balcony"", ""Iron"", ""Outdoor furniture"", ""High chair"", ""Paid washer \u2013 In building"", ""HDTV with standard cable, Amazon Prime Video, Apple TV, Netflix"", ""Heating"", ""Fire pit"", ""Children\u2019s books and toys"", ""Refrigerator"", ""Dishes and silverware"", ""Self check-in"", ""Outdoor kitchen"", ""Hangers"", ""Carbon monoxide alarm"", ""Coffee maker"", ""Breakfast"", ""Crib"", ""Long term stays allowed"", ""First aid kit"", ""Essentials"", ""Shampoo"", ""Hot water"", ""Luggage dropoff allowed"", ""Kitchen"", ""BBQ grill"", ""Outdoor dining area"", ""Paid parking off premises"", ""Smoke alarm"", ""Fast wifi \u2013 85 Mbps"", ""Fire extinguisher"", ""Pack \u2019n play/Travel crib"", ""Indoor fireplace: gas"", ""Paid dryer \u2013 In building"", ""Free street parking"", ""Exterior security cameras on property"", ""Dedicated workspace"", ""Cooking basics"", ""Hair dryer"", ""Building staff""]",2013-11-12,No disponible,f,1565220,1.0,0.92,8.0,9.0,19.34735,-99.19016,2.0,1.5,1.0,2.0,4216.0,1.0,1125.0,1.0,1125.0,1,31,61,336,28.0,0.0,4.96,5.0,5.0,4.96,4.93,4.93,0.21
2024-09-26,previous scrape,"Cómodo Estudio del Botánico, San Angel CDMX","Small, very practical and beautiful independent studio on first floor, with a comfortable queensize bed, 800 threads sheets. Private Bathroom. Kitchennette.<br />Free WiFi, optional full breakfast and daily cleaning.<br />Located inside our Artist´s Residence, our guests can enjoy our common spaces: dinning room, living rooms, roof deck with BBQ and fire pit (available upon request for you and your friends).","San Ángel is a XVI century village nestled in the big Mexico City: its architecture is lovely and still preserve beautiful houses and gardens, and its safe to walk around its unique small alleys and secret spots.<br /><br />During the Viceroyalty in the XVI - XVIII centuries, San Angel was the perfect place for country homes to rest from the city. <br /><br />Walking distance, you will find several museums as the Carrillo Gil Modern Art Museum, the Diego Rivera and Frida Kahlo Studio Museum, the gorgeous Ex-Convento del Carmen Museum, the Mexican Revolutions Museum, la Casa del Risco or the Isidro Fabela House.<br /><br />You cannot miss the Bazaar del Sábado, on Saturdays... just 2 blocks away in Plaza San Jacinto, where local artists and all-around-the-country handcrafts market promenade is really enjoyable.<br /><br />Other nice neighborhoods as Coyoacan or Chimalistac, and the main campus of UNAM (National University) are close enough to visit plenty of cultural spots as the fantas",Martha Laura,2012-06-01,2012-06-01,"We are a mexican couple who has been together for more than 25 years. We have two teenagers: a daughter, a son.
We are in the IT business and we love to travel. We always travel as if it was the last trip of our lives. For us, family, love and harmony are essential in life. We enjoy contemporary art and we are dedicated to promoting mexican artists and culture in every place we visit. 
Pancho and I met scuba diving in 1994, therefore the sea, nature and outdoor activities are basic and necessary. We enjoy camping, scuba diving and sailing, sport in which we compete every month in Acapulco.
Lunch time is a special moment for us, a pause where we can enjoy and celebrate being together, a moment apart from the rush of the city where we prepare ourselves for the afternoon daily commitments.
We love Mexico and we are ambassadors of our country, we always talk about how great is the mexican spirit, its culture, gastronomy, nature, beaches and its history. If we had to choose another country to live, it would be Italy for the same reasons we love Mexico.
We recognize ourselves as entrepreneurs because of our professional upbringing, we generate projects and ideas, some of which become business ventures. We've always been motivated by the risk, investing time, money and effort to develop new ideas with a purposeful end. Another factor deeply rooted in our family is ecology and self sustainability and seek to have the least possible impact on our environment and our planet .
We have a francophile part because the 4 of Pancho's grandparents were born in France and married in Mexico . With some friends, we spontaneously create an amateur theater group fifteen years ago, ""Théâtre a la Dérive"", where we enjoy making plays in French just for the pleasure of the whole process, costumes, learning the script and friendship. The group is composed mainly by frenchies living in México.
Today what bring us here is that 14 years ago, on a sabathical year, we lived in a ""Chateau"" in France countryside, and we opened 11 rooms to host our beloved...  more than a hundred friends and family members came to visit and stayed with us in that 12th century castle. The uniqueness of this experience led us to replicate the model in Mexico, and we open our home with a project: Art Residence to share it with you, people with similar interests, that want to enjoy living among art in our village of San Angel,  town founded 500 years ago and today immersed in one of the largest and most exciting cities in the world: Mexico City. Welcome!

In our country we say to our guests: ""Mi casa es tu casa. My home is your home"".",within an hour,t,"['email', 'phone', 'work_email']",t,Álvaro Obregón,Room in boutique hotel,Hotel room,1 private bath,"[""Shared patio or balcony"", ""Iron"", ""Outdoor furniture"", ""Wifi"", ""Paid washer \u2013 In building"", ""Heating"", ""Fire pit"", ""Children\u2019s books and toys"", ""Refrigerator"", ""Dishes and silverware"", ""Self check-in"", ""Resort access"", ""Outdoor kitchen"", ""Hangers"", ""Carbon monoxide alarm"", ""Coffee maker"", ""Breakfast"", ""Crib"", ""Long term stays allowed"", ""First aid kit"", ""Essentials"", ""Shampoo"", ""Hot water"", ""Luggage dropoff allowed"", ""Pocket wifi"", ""Kitchen"", ""Shared backyard \u2013 Fully fenced"", ""BBQ grill"", ""Outdoor dining area"", ""Paid parking off premises"", ""Smoke alarm"", ""Fire extinguisher"", ""Pack \u2019n play/Travel crib"", ""Indoor fireplace: gas"", ""Paid dryer \u2013 In building"", ""Free street parking"", ""Exterior security cameras on property"", ""Dedicated workspace"", ""Cooking basics"", ""Hair dryer"", ""Building staff""]",2014-03-04,No disponible,f,1736063,1.0,0.92,8.0,9.0,19.3486,-99.19296,2.0,1.5,1.0,2.0,4216.0,1.0,1125.0,1.0,1125.0,17,47,77,352,58.0,0.0,4.88,4.84,4.97,4.93,4.96,4.86,0.45
2024-09-26,city scrape,MODERN/HIP FURNISHED APARTMENT ( S1 Condesa Haus),"This is a one bedroom furnished apartment in the heart of the Condesa Neighborhood.<br /><br />All you need is to relax, and let us take care of you. The apartment has Wi fi Internet, Flat Cable TV , a fully equipped Kitchen w/utensils, living, a 4 seat dinning table and a small balcony . There is also a washer and dryer available. IF there are 3 guests we can add a twin bed in the living area, <br /><br />Services included. Wi fi internet, Cable TV and daily  house keeping 3 times a week for long stays .",Información acerca del vecindario no proporcionada,Fernando,2010-08-09,2010-08-09,Condesa Haus  offers independent  studios and private rooms.,within an hour,t,"['email', 'phone', 'work_email']",t,Cuauhtémoc,Room in serviced apartment,Hotel room,1 bath,"[""Dryer"", ""Iron"", ""Washer"", ""Carbon monoxide alarm"", ""Wifi"", ""Free parking on premises"", ""TV with standard cable"", ""Exterior security cameras on property"", ""Hangers"", ""Fire extinguisher"", ""Host greets you"", ""Kitchen"", ""Essentials"", ""Shampoo"", ""Hot water"", ""Cooking basics"", ""Smoke alarm"", ""Hair dryer""]",2019-02-08,No disponible,t,571166,1.0,0.93,12.0,13.0,19.41346,-99.1775,3.0,1.0,1.0,1.0,1872.0,1.0,365.0,2.0,365.0,0,0,0,253,1.0,0.0,4.0,5.0,5.0,4.9,5.0,4.0,0.01
2024-09-26,city scrape,Business Suite BEIGE near Reforma,Descripción no proporcionada,"The area in which our service is located stands out for being the main commercial district of Mexico and having multiple tourist attractions. Cuenta con museos, bancos, oficinas trasnacionales, embajadas, parques, centros comerciales, cines y teatros. La zona es segura y con una alta demanda por ejecutivos y turistas. <br /><br />The area where our service is located is known as one of the main economic districts of Mexico and offers plenty of touristic sites as well. You’ll find museums, banks, parks, international office buildings, embassies, shopping malls, theaters, movie theaters, restaurants, and bars. The area is considered very safe and has a very high demand by business executives and tourists.",Hermann,2012-10-12,2012-10-12,"I am a 41 y/o architect responsible for the building and management of several Business Suites service. As owner, partner and architect, I can assure you I've made my best effort to design these spaces with the best materials, including a great design and making sure you receive the best of service.",within an hour,f,"['email', 'phone']",t,Cuauhtémoc,Room in serviced apartment,Hotel room,1 bath,"[""Iron"", ""Washer"", ""Wifi"", ""Host greets you"", ""Hangers"", ""Free parking on premises"", ""Carbon monoxide alarm"", ""Breakfast"", ""Long term stays allowed"", ""First aid kit"", ""Essentials"", ""Shampoo"", ""Hot water"", ""Smoking allowed"", ""Dryer"", ""Luggage dropoff allowed"", ""TV with standard cable"", ""Kitchen"", ""Smoke alarm"", ""Fire extinguisher"", ""Cooking basics"", ""Hair dryer""]",2013-01-05,No disponible,t,737328,1.0,0.89,19.0,21.0,19.43059,-99.17073,2.0,1.0,1.0,1.0,1275.0,2.0,730.0,2.0,1125.0,23,42,72,347,25.0,0.0,4.84,4.88,4.84,5.0,4.84,4.8,0.18
2024-09-26,city scrape,Business Suite RED near Reforma Av.,Descripción no proporcionada,Información acerca del vecindario no proporcionada,Hermann,2012-10-12,2012-10-12,"I am a 41 y/o architect responsible for the building and management of several Business Suites service. As owner, partner and architect, I can assure you I've made my best effort to design these spaces with the best materials, including a great design and making sure you receive the best of service.",within an hour,f,"['email', 'phone']",t,Cuauhtémoc,Room in serviced apartment,Hotel room,1 bath,"[""Iron"", ""Washer"", ""Wifi"", ""Host greets you"", ""Paid parking on premises"", ""Hangers"", ""Free parking on premises"", ""Carbon monoxide alarm"", ""First aid kit"", ""Essentials"", ""Shampoo"", ""Hot water"", ""Smoking allowed"", ""Dryer"", ""TV with standard cable"", ""Kitchen"", ""Smoke alarm"", ""Hair dryer"", ""Fire extinguisher"", ""Cooking basics"", ""Paid parking off premises""]",2013-03-02,No disponible,t,865012,1.0,0.89,19.0,21.0,19.43078,-99.17011,2.0,1.0,1.0,1.0,1275.0,2.0,730.0,2.0,1125.0,24,44,74,345,31.0,0.0,4.97,4.97,4.94,5.0,4.97,4.97,0.22
2024-09-26,city scrape,Business Suite PURPLE near Reforma,Descripción no proporcionada,Información acerca del vecindario no proporcionada,Hermann,2012-10-12,2012-10-12,"I am a 41 y/o architect responsible for the building and management of several Business Suites service. As owner, partner and architect, I can assure you I've made my best effort to design these spaces with the best materials, including a great design and making sure you receive the best of service.",within an hour,f,"['email', 'phone']",t,Cuauhtémoc,Room in serviced apartment,Hotel room,1 bath,"[""Iron"", ""Washer"", ""Wifi"", ""Dishes and silverware"", ""Self check-in"", ""Hangers"", ""Free parking on premises"", ""Carbon monoxide alarm"", ""Long term stays allowed"", ""First aid kit"", ""Essentials"", ""Shampoo"", ""Hot water"", ""Smoking allowed"", ""Dryer"", ""Luggage dropoff allowed"", ""TV with standard cable"", ""Kitchen"", ""Smoke alarm"", ""Fire extinguisher"", ""Cooking basics"", ""Hair dryer"", ""Building staff""]",2014-08-03,No disponible,t,868843,1.0,0.89,19.0,21.0,19.43068,-99.17007,2.0,1.0,1.0,1.0,1159.0,2.0,730.0,2.0,1125.0,25,40,70,345,55.0,0.0,4.98,4.98,4.87,4.98,4.98,4.89,0.44
2024-09-26,city scrape,Business Suite BLACK near Reforma,"Beautiful business suite facing our indoor patio. Fully equipped kitchen with refrigerator, cooker, microwave oven, blender, toaster, coffee machine and working bar. Living área, one queen size bed for one or two, balcony, large bathroom with shower.","We are located in the most developed area of Mexico City, close to museums, embassies,  international enterprises, malls, gyms, cinemas and all kinds of restaurants. This doesn't necessarilly mean you need to spend a lot of money to move around. You'll find inexpensive taco joints and small restaurants at walking distance. Other neighborhoods like Polanco, Condesa, Downtown and Santa Fe are located not so far away.",Hermann,2012-10-12,2012-10-12,"I am a 41 y/o architect responsible for the building and management of several Business Suites service. As owner, partner and architect, I can assure you I've made my best effort to design these spaces with the best materials, including a great design and making sure you receive the best of service.",within an hour,f,"['email', 'phone']",t,Cuauhtémoc,Room in serviced apartment,Hotel room,1 bath,"[""Iron"", ""Washer"", ""Wifi"", ""Self check-in"", ""Hangers"", ""Free parking on premises"", ""Carbon monoxide alarm"", ""Long term stays allowed"", ""First aid kit"", ""Essentials"", ""Shampoo"", ""Hot water"", ""Dryer"", ""Luggage dropoff allowed"", ""TV with standard cable"", ""Kitchen"", ""Smoke alarm"", ""Cooking basics"", ""Fire extinguisher"", ""Smoking allowed"", ""Hair dryer"", ""Building staff""]",2016-01-05,No disponible,t,869063,1.0,0.89,19.0,21.0,19.43052,-99.17003,2.0,1.0,1.0,1.0,1353.0,2.0,730.0,2.0,1125.0,11,32,62,337,38.0,0.0,4.92,5.0,4.97,5.0,4.97,4.95,0.36
2024-09-26,city scrape,2 bedroom apt in Colonia Juarez,"Incredible apt, totally renovated: WIFI ,2 bedrooms, 1 bath, equipated kitchen, refrigerator, mocrowave, cleaning service once a week. Located in the incredible Colonia Juarez, an area with a lot of rentaurants, coffes and bars, only at 4 blocks of Reforma avenue,<br />2 of Colonia Roma, 2 of metro,  30 minutes walking ofCentro Histórico (downtown). One of the best and coolest areas to stay in the city.","Located in the very famous an cool Colonia Juarez, an area with a lot of historic buildings, a lot of restaurants, coffes and bars.",Suites,2012-05-03,2012-05-03,"Hola, ofrezco hospedaje en 3 lugares muy céntricos de la ciudad de México.
Me gusta que los huéspedes puedan disfrutar de un ambiente cómodo, céntrico y privado con precios accesibles.",within an hour,f,"['email', 'phone']",t,Cuauhtémoc,Room in serviced apartment,Hotel room,1 private bath,"[""Iron"", ""TV"", ""Wifi"", ""Elevator"", ""Heating"", ""Kitchen"", ""Refrigerator"", ""Dishes and silverware"", ""Essentials"", ""Shampoo"", ""Hot water"", ""Paid parking off premises"", ""Cooking basics"", ""Single level home"", ""Hangers"", ""Microwave""]",2019-03-01,No disponible,f,2908932,1.0,0.98,44.0,48.0,19.42644,-99.161,4.0,1.0,1.0,3.0,1159.0,2.0,1125.0,2.0,1125.0,0,0,0,266,4.0,0.0,4.5,5.0,5.0,5.0,5.0,4.75,0.06
2024-09-26,city scrape,✯ MASTER SUITES PRIME LOCATION ✯,"Welcome to Mexico City! ✈  <br /><br />☆ It combines fully equipped Suites with a workspace, so you can work on success 24/7: Workspace for escaping the grind! ☆<br /><br />Special offer for groups:<br />☆ Weekly stay: 7th night free.<br />☆ Monthly stay: 4th week for free.<br /><br />Ultra-luxury Suites with one of the best facilities in Airbnb Mexico City: Fully equipped living and dining rooms with executive kitchen, all supplies included.","✦ ✧ Paseo de la Reforma is the most prestigious movement of the nation and is where the business center, embassies, prestigious shops, and high-class restaurants are located. There you will find many cafes and boutiques while walking through the ridges with gardens. ✧ ✦<br /><br />What to do within 15 min walking distance:<br /><br />* Parque Mexico * Cinepolis movie complex * Reforma 222 shopping mall * Chapultepec park & zoo  * Anthropology museum * Angel Obelisque  * US Embassy * Polanco * Zona Rosa gay area with dozens of restaurants & bars.",Thor,2015-06-09,2015-06-09,"Welcome, Airbnbers!

I am from Norway and raised in U.S.A. and Mexico City. As a global traveler & entrepreneur, I understand my guest's travel needs.  My passion for hospitality is based on offering: Prime location + Complimentary Housekeeping & Affordable = THE PERFECT STAY.

5 stars hospitality 
☆☆☆☆☆

I look forward to welcome you!

Thor",within a few hours,f,"['email', 'phone']",t,Cuauhtémoc,Room in bed and breakfast,Hotel room,No expecificado,"[""Iron"", ""Washer"", ""Wifi"", ""Self check-in"", ""Resort access"", ""Hangers"", ""Free parking on premises"", ""Carbon monoxide alarm"", ""Long term stays allowed"", ""First aid kit"", ""Shared hot tub"", ""Essentials"", ""Shampoo"", ""Hot water"", ""Luggage dropoff allowed"", ""TV with standard cable"", ""Kitchen"", ""EV charger"", ""Smoke alarm"", ""Shared pool"", ""Fire extinguisher"", ""Gym"", ""Hair dryer"", ""Building staff""]",2015-10-17,No disponible,t,6810808,1.0,0.31,58.0,69.0,19.42368,-99.17148,3.1,1.4,1.5,1.8,10144.0,1.0,1125.0,1.0,1125.0,30,60,90,365,6.0,0.0,4.17,4.33,4.33,4.33,4.33,4.0,0.06
2024-09-25,city scrape,1 Bedroom Apartment bosques,One fully furnished bedroom apartment. Close to Santa fe and Interlomas. <br />Quiet and safe  neighborhood. Rinning track and a park next to the apaprtment.,"Welcome to Mexico City, a vibrant city full of history that awaits you for you to explore. Located in the center of Mexico, this city is known for its rich culture, delicious food and breathtaking tourist attractions.<br /><br />One of the most outstanding attractions in Mexico City is the Parish of the Santa Cruz de la Herradura. This beautiful church is an important religious site and a place of pilgrimage for many faithful. Its neo-Gothic architecture will leave you breathless, and the interior decorated with beautiful stained glass will transport you to another era.<br /><br />In addition to the Santa Cruz de la Herradura Parish, Mexico City offers a wide variety of places of interest to visit. You can explore the city's historic center, a UNESCO World Heritage site, and marvel at the majesty of the Palacio de Bellas Artes and the Metropolitan Cathedral.<br /><br />If you are a history lover, you can't miss the Templo Mayor, which was the religious and political center of the ancie",Enrique Y Ricardo,2014-05-07,2014-05-07,Mexicanos dedicados a la renta de departamentos amueblados,within an hour,f,"['email', 'phone', 'work_email']",t,Miguel Hidalgo,Room in serviced apartment,Hotel room,1 bath,"[""Iron"", ""Washer"", ""Wifi"", ""Heating"", ""Refrigerator"", ""Dishes and silverware"", ""Self check-in"", ""Pets allowed"", ""Hangers"", ""Free parking on premises"", ""Carbon monoxide alarm"", ""Coffee maker"", ""Backyard"", ""Crib"", ""Long term stays allowed"", ""Essentials"", ""Shampoo"", ""Hot water"", ""Dryer"", ""Luggage dropoff allowed"", ""TV with standard cable"", ""Patio or balcony"", ""Kitchen"", ""Smoke alarm"", ""Fire extinguisher"", ""Free street parking"", ""Dedicated workspace"", ""Cooking basics"", ""Building staff""]",2016-04-09,No disponible,t,9171973,0.99,0.96,26.0,30.0,19.40034,-99.25211,2.0,1.0,1.0,1.0,1219.0,2.0,1125.0,1.6,99.0,18,47,77,205,41.0,0.0,4.8,4.88,4.93,4.78,4.95,4.73,0.4
2024-09-25,city scrape,Exclusivo departamento 2 recámaras Polanco,"Dominion Polanco located in the Polanco hotel zone, has 24 exclusive two-bedroom apartments with a living-dining room and fully equipped kitchen. Washer and dryer, 2 bathrooms, living room, dining room, linens, towels, toiletries and amenities included. A contemporary atmosphere, where space, elegance and quality of service are combined.","Located in the exclusive Polanco area of Mexico City, Dominion is surrounded by various options of restaurants, places of interest and attractions as well as prestigious shopping centers.",Israel,2016-03-23,2016-03-23,Información acerca del anfitrión del no proporcionada,within an hour,t,"['email', 'phone', 'work_email']",t,Miguel Hidalgo,Room in serviced apartment,Hotel room,2 baths,"[""Pool"", ""Iron"", ""Washer"", ""Wifi"", ""Heating"", ""Bathtub"", ""Self check-in"", ""Pets allowed"", ""Hangers"", ""Free parking on premises"", ""Carbon monoxide alarm"", ""Breakfast"", ""Crib"", ""Long term stays allowed"", ""Essentials"", ""Shampoo"", ""Hot water"", ""Dryer"", ""Luggage dropoff allowed"", ""TV with standard cable"", ""Hot tub"", ""Kitchen"", ""Smoke alarm"", ""Fire extinguisher"", ""Air conditioning"", ""Gym"", ""Elevator"", ""Hair dryer"", ""Building staff""]",2016-10-31,No disponible,t,12008058,1.0,0.98,2.0,2.0,19.4298,-99.19414,4.0,2.0,2.0,3.0,6473.0,1.0,1125.0,1.0,1125.0,23,48,75,350,64.0,0.0,4.89,4.89,4.88,4.86,4.97,4.73,0.67
2024-09-26,city scrape,LOOKING FOR A GROUP STAY DEAL? THIS IS IT!,"Welcome to Mexico City! <br />☆ Our 2 Towers have 120 units with fully equipped Suites with a workspace, so you can work on success 24/7: <br />Special offer for groups:<br />☆ Weekly stay: 7th night free.<br />☆ Monthly stay: 4th week for free.<br /><br />()<br />","✦ ✧ Paseo de la Reforma is the most prestigious movement of the nation and is where the business center, embassies, prestigious shops & High-Class restaurants are located. There you will find many cafes and boutiques while walking through the ridges with gardens. ✧ ✦<br /><br />What to do within 15 min walk distance: <br />* Parque Mexico * Cinepolis movie complex * Reforma 222 Shopping mall * Chapultepec Park & Zoo * Anthropology museum  * Angel Obelisque. * US Embassy. * Polanco. * Zona Rosa with dozens of restaurants & Bars.",Thor,2015-06-09,2015-06-09,"Welcome, Airbnbers!

I am from Norway and raised in U.S.A. and Mexico City. As a global traveler & entrepreneur, I understand my guest's travel needs.  My passion for hospitality is based on offering: Prime location + Complimentary Housekeeping & Affordable = THE PERFECT STAY.

5 stars hospitality 
☆☆☆☆☆

I look forward to welcome you!

Thor",within a few hours,f,"['email', 'phone']",t,Cuauhtémoc,Room in bed and breakfast,Hotel room,No expecificado,"[""Pool"", ""Iron"", ""Washer"", ""Wifi"", ""Self check-in"", ""Hangers"", ""Carbon monoxide alarm"", ""First aid kit"", ""Essentials"", ""Shampoo"", ""Hot water"", ""TV with standard cable"", ""Hot tub"", ""Kitchen"", ""Smoke alarm"", ""Fire extinguisher"", ""Air conditioning"", ""Gym"", ""Elevator"", ""Hair dryer"", ""Building staff""]",9999-01-01,No disponible,t,11491144,1.0,0.31,58.0,69.0,19.42456,-99.17179,3.1,1.4,1.5,1.8,10697.0,1.0,1125.0,1.0,1125.0,30,60,90,365,0.0,0.0,4.8,4.9,4.8,4.8,4.8,4.7,1.7
2024-09-26,city scrape,HIGH-END TOWER FOR COWORKING - 90 JR. SUITES,We are 3 all-suites Towers with one of the best facilities in Airbnb Mexico City.<br />What makes your experience unique here:<br /><br />* Prime location steps from the St. Regis & Diana Fountain.<br />* 90 Master Suites with Queen size beds & folded bed for an extra guest.<br />* Living and dining room.<br />* Kitchen.<br />* Luxury bathroom.<br />*HDTV.<br />* Daily housekeeping & towels (Except Sundays).<br />* Concierge 24/7<br />* Wifi <br />* Roof Garden with sky-view,"✦ ✧  Paseo de la Reforma is the most prestigious movement of the nation and is where the business center, embassies, prestigious shops, and high-class restaurants are located. There you will find many cafes and boutiques while walking through the ridges with gardens. ✧ ✦<br /><br />What to do within 10 min walking distance:<br />* Cinepolis movie complex<br />* Reforma 222 shopping mall<br />* Chapultepec Park & Zoo<br />* Anthropology Museum<br />* Angel Obelisque.<br />* US Embassy.<br />* Zona Rosa gay area with dozens of restaurants & bars.",Thor,2015-06-09,2015-06-09,"Welcome, Airbnbers!

I am from Norway and raised in U.S.A. and Mexico City. As a global traveler & entrepreneur, I understand my guest's travel needs.  My passion for hospitality is based on offering: Prime location + Complimentary Housekeeping & Affordable = THE PERFECT STAY.

5 stars hospitality 
☆☆☆☆☆

I look forward to welcome you!

Thor",within a few hours,f,"['email', 'phone']",t,Cuauhtémoc,Room in serviced apartment,Hotel room,No expecificado,"[""Pool"", ""Iron"", ""Washer"", ""Wifi"", ""Self check-in"", ""Hangers"", ""Free parking on premises"", ""Carbon monoxide alarm"", ""First aid kit"", ""Essentials"", ""Shampoo"", ""Dryer"", ""TV with standard cable"", ""Hot tub"", ""Kitchen"", ""Smoke alarm"", ""Fire extinguisher"", ""Gym"", ""Elevator"", ""Hair dryer"", ""Building staff""]",2018-02-08,No disponible,f,11507601,1.0,0.31,58.0,69.0,19.42543,-99.17176,3.1,1.4,1.5,1.8,9109.0,1.0,1125.0,1.0,1125.0,30,60,90,365,2.0,0.0,5.0,5.0,5.0,5.0,5.0,5.0,0.02
2024-09-26,city scrape,Apartamento Amueblado Vista Interior en la Condesa,"We focused on providing you with a great hosting experience during your stay in the apartment with private bathroom. Forget about paying for water, electricity, gas, toilet paper, bedding, and towels are washed.  We provide you with plumbing, locksmith, carpentry, and paint services at no cost. We receive errands or packages and with direct delivery to your room. We are located in a magical neighborhood, in the Hipódromo Condesa colony, nearby area has been home to remarkable personalities! We are waiting for you!","We are located in Mexico City in a magical neighborhood, the Hipódromo Condesa neighborhood, has been home to notable personalities. musicians like Agustín Lara; actors in the carving of Cantinflas, writers and popular characters who have now made it well known for its many cafes, bookshops, restaurants, galleries and boutiques, as well as for its cultural and nightlife. The colony attracts people from various points in the city (national and foreign tourists) who are looking for the atmosphere and life of the place.",Joaquin,2016-06-18,2016-06-18,"En AmuebladosTehuantepec, nos enfocamos en brindarte una gran experiencia de hospedaje. Estamos ubicados en la Ciudad de México en un barrio mágico, La Hipódromo Condesa, ésta ha sido hogar de notables personalidades. músicos como Agustín Lara; actores de la talla de Cantinflas, escritores y personajes populares que ahora la han hecho muy conocida por la gran cantidad de cafés, librerías, restaurantes, galerías y boutiques, así como por su vida cultural y nocturna. La colonia atrae a personas de varios puntos de la ciudad (turistas nacionales y extranjeros) que buscan el ambiente y vida del lugar.
Durante tu estancia, ya no tienes que preocuparte por pagar nada adicional, el precio de hospedaje incluye: Agua, Luz, Gas, Lavado de Ropa de Cama y Toallas, Papel Higiénico, Jabón y también si ocurre alguna falla en el departamento, tienes incluido sin costo adicional los servicios de plomería, cerrajería, carpintería y pintura. Para hacerte más ágil tus compras en línea, también podemos recibir lo que tú indiques, encargos o paquetes y entregártelos directamente en tu habitación.",within an hour,t,"['email', 'phone', 'work_email']",t,Cuauhtémoc,Room in serviced apartment,Hotel room,1 private bath,"[""Iron"", ""Wifi"", ""Exterior security cameras on property"", ""Host greets you"", ""Refrigerator"", ""Dishes and silverware"", ""Hangers"", ""Long term stays allowed"", ""Essentials"", ""Hot water"", ""TV with standard cable"", ""Bed linens"", ""Kitchen"", ""Oven"", ""Stove"", ""Extra pillows and blankets"", ""Fire extinguisher"", ""Elevator"", ""Dedicated workspace"", ""Cooking basics""]",2018-10-03,No disponible,f,13587715,1.0,1.0,5.0,7.0,19.40315,-99.17053,2.0,1.0,1.0,1.0,425.0,3.0,1125.0,3.0,1125.0,2,25,41,304,145.0,1.0,4.85,4.91,4.9,4.94,4.94,4.9,1.99
2024-09-25,city scrape,"Suite con baño y cocina privado, 2 pax Sanitizada","Nestled in Southern Mexico City, steps from Coyoacán's nurseries, we have 19 upscale suites, all distinguished by great taste, framed privacy, spaciousness, and comfort for leisure, business, or business travelers. <br /><br />From the moment you arrive at our house you will feel part of Mexico City, a house of unique style, its contemporary style full of colour and details that will take you elsewhere.","Colonia Florida is one of the safest and quietest colonies in the city, it is surrounded by parks, such as nurseries where you can enjoy a morning walk or to do sports, half a block away is Club France, where French cuisine breakfasts are offered, 5 minutes away is Plaza Mancar with business center such  as boutiques  and department stores.",Adrian,2016-08-29,2016-08-29,"Enclavadas al Sur de la Ciudad de México contamos con 3 hermosas ubicaciones de primer nivel, todas se distinguen por su gran gusto, privacidad, amplitud y comodidad ya sea para viajeros de placer, trabajo o negocios. 
Desde que llegas a nuestras casas te sientes parte de la Ciudad de México, contamos con diferentes tipos de habitaciones para parejas (2 pax), familias (4-8 pax) y grupos (8-16pax)
Todas nuestras suites tienen entrada independiente, baño privado, además de contar con áreas comunes con servicio de barra de café gratuito.
Somos la opción perfecta para los viajeros que NO BUSCAN UN HOTEL, y que quieren disfrutar de un hospedaje diferente, cálido y humano.
",within a day,f,"['email', 'phone', 'work_email']",t,Álvaro Obregón,Room in aparthotel,Hotel room,1 private bath,"[""Iron"", ""Carbon monoxide alarm"", ""TV"", ""Wifi"", ""Heating"", ""Kitchen"", ""Dishes and silverware"", ""Self check-in"", ""Essentials"", ""Shampoo"", ""Hangers"", ""Building staff"", ""Smoke alarm"", ""Hair dryer"", ""Microwave""]",2019-03-06,No disponible,t,16842742,0.58,1.0,9.0,9.0,19.35765,-99.17713,1.0,1.0,1.0,1.0,749.0,1.0,1125.0,1.0,1125.0,30,60,90,365,33.0,0.0,4.52,4.48,4.64,4.7,4.73,4.45,0.49
2024-09-26,previous scrape,Suite familiar en Portal San Angel,"One of our family suites features a living room and dining area on an exclusive suite terrace. <br />With a clean, Mexican concept and nationalist architecture, complete privacy with a welcoming atmosphere that ensures the rest and tranquility of your family or group on their visit.","We are located in the south of Mexico City with excellent communication routes and surrounded by shopping centers, restaurants and government facilities (INFONAVIT, FOVISSTE AND SEGURO POPULAR), our location makes this place a great opportunity for business or leisure travelers, being located behind the metro ravine of the dead and in the Guadalupe inn colony, one of the most beautiful and peaceful areas of the city, just 5 minutes from San Angel, 15 minutes from Coyoacán, 25 minutes from the Countess and 40 minutes from the airport.<br /><br />Our space is distinguished by not being a traditional hotel where you can feel privacy, freedom and a warm and safe atmosphere.",Adrián,2017-01-10,2017-01-10,"Bienvenido a Suites Portal San Ángel,

Desde que llegas a nuestra casa sentirás que no estás en la ciudad de México, una casa de estilo mexicano llena de color y detalles que te transportaran a otro lugar, contamos con diferentes tipos de habitaciones con capacidad para  2, 4 y hasta 6 personas.

Todas nuestras suites tienen entrada independiente, baño privado, además de contar con áreas comunes con servicio de barra de café gratuito.

Somos la opción perfecta para los viajeros que NO BUSCAN UN HOTEL, y que quieren disfrutar de un hospedaje diferente, cálido y humano.

Suites Portal San Ángel esta ubicada al sur de la ciudad  de México con excelentes vías de comunicación y rodeada de centros comerciales, restaurantes y dependencias gubernamentales (INFONAVIT, FOVISSTE Y INSABI), su ubicación hace de esta casa una gran oportunidad para los viajeros de negocios o placer, al encontrarse ubicada a espaldas del metro barranca del muerto y en la colonia Guadalupe Inn , una de las zonas más bonitas y tranquilas de la ciudad, a tan solo 5 minutos de san ángel, 15 minutos de Coyoacán, 25 minutos de la condesa y 40 minutos del aeropuerto.

Nuestra casa se distingue en no ser un hotel tradicional donde podrás sentir privacidad, un ambiente cálido y seguro-",within a few hours,f,"['email', 'phone']",t,Álvaro Obregón,Room in boutique hotel,Hotel room,1 private bath,"[""Iron"", ""Hair dryer"", ""TV"", ""Wifi"", ""Coffee maker"", ""Luggage dropoff allowed"", ""Exterior security cameras on property"", ""Kitchen"", ""Long term stays allowed"", ""Self check-in"", ""Essentials"", ""Free street parking"", ""Shampoo"", ""Hot water"", ""Paid parking off premises"", ""Cooking basics"", ""Lockbox"", ""Hangers""]",2017-02-19,No disponible,t,16840020,1.0,0.89,14.0,15.0,19.36133,-99.18829,6.0,1.5,1.0,2.0,4216.0,1.0,30.0,1.0,1125.0,30,60,90,365,24.0,0.0,4.33,4.71,4.71,4.67,4.92,4.58,0.26
2024-09-26,city scrape,❤ 25 SUITES - HOME OFFICE FOR COMPANY STAFF-WEEKLY,"Welcome to Mexico City! ✈ <br /><br />We specialize in hosting co-working groups: Corporations Executives, Airline Crews,  Media TV Crews, Diplomats, and Technical teams.",✦ ✧ S/he/she/it/it/it/it/it/it/it/it/it/it/it/it/it/it/it/it/it/it/it/it/it/it/it/it/it/it/it/it/it/it/it/it/it/it/it/it/it/it/it/it/it/it/it/it/it/it/it/it/it/it/it/it/it/they/it/it/it/it/it/it/it/it/it/it/it/it/it/it/it/it/it/it/it/it/it/it/it/it/it/it/it/it/it/it/it/it/it/it/it/it/it/it/it/it/it/it/it/it/it/it/it/it/it/it/it/it/it/it/it/it/it/it/it/it/it/it/it/it/it/it/it/it/it/it/it/it/it/it/it/it/it/it/it/it/it/it/it/it/it/it/it/it/it/it/it/it/it/it/it/it/it/it/it/it/it/it/it/it/it/it/it/it/it/it/it/it/it/it Tʜᴇʀᴇ ʏᴏᴜ ᴡɪʟʟ ꜰɪɴᴅ ᴍᴀɴʏ ᴄᴀꜰᴇs ᴀɴᴅ ʙᴏᴜᴛɪǫᴜᴇs ᴡʜɪʟᴇ ᴡᴀʟᴋɪɴɢ ᴛʜʀᴏᴜɢʜ ᴛʜᴇ ʀɪᴅɢᴇs ᴡɪᴛʜ ɢᴀʀᴅᴇɴs. ✧ ✦<br /><br />Wʜᴀᴛ ᴛᴏ ᴅᴏ ᴡɪᴛʜɪɴ 15 ᴍɪɴ ᴡᴀʟᴋɪɴɢ ᴅɪsᴛᴀɴᴄᴇ: <br />* Pᴀʀǫᴜᴇ Mᴇxɪᴄᴏ * Cɪɴᴇᴘᴏʟɪs ᴍᴏᴠɪᴇ ᴄᴏᴍᴘʟᴇx * Rᴇꜰᴏʀᴍᴀ 222 sʜᴏᴘᴘɪɴɢ ᴍᴀʟʟ * Cʜᴀᴘᴜʟᴛᴇᴘᴇᴄ Pᴀʀᴋ & Zᴏᴏ * Aɴᴛʜʀᴏᴘᴏʟᴏɢʏ Mᴜsᴇᴜᴍ * Aɴɢᴇʟ Oʙᴇʟɪsǫᴜᴇ. = = References = = = = External links = =,Thor,2015-06-09,2015-06-09,"Welcome, Airbnbers!

I am from Norway and raised in U.S.A. and Mexico City. As a global traveler & entrepreneur, I understand my guest's travel needs.  My passion for hospitality is based on offering: Prime location + Complimentary Housekeeping & Affordable = THE PERFECT STAY.

5 stars hospitality 
☆☆☆☆☆

I look forward to welcome you!

Thor",within a few hours,f,"['email', 'phone']",t,Cuauhtémoc,Room in serviced apartment,Hotel room,46 baths,"[""Pool"", ""Iron"", ""Washer"", ""Wifi"", ""Self check-in"", ""Hangers"", ""Free parking on premises"", ""Carbon monoxide alarm"", ""Long term stays allowed"", ""First aid kit"", ""Essentials"", ""Hot water"", ""Dryer"", ""Luggage dropoff allowed"", ""TV"", ""Hot tub"", ""Kitchen"", ""Smoke alarm"", ""Fire extinguisher"", ""Air conditioning"", ""Gym"", ""Elevator"", ""Paid parking off premises"", ""Building staff""]",9999-01-01,No disponible,t,17777234,1.0,0.31,58.0,69.0,19.42632,-99.17102,3.1,1.4,1.5,1.8,11111.0,1.0,1125.0,1.3,1125.0,30,60,90,365,0.0,0.0,4.8,4.9,4.8,4.8,4.8,4.7,1.7
2024-09-26,previous scrape,Departamento con 2 Recamaras Desayuno Gratis,"The decor is Classic with ample living spaces, we are one block from Avenida Reforma where the great Museum of Anthropology and History is located, and one block from the Polanco area where you will find the best restaurants, bars and parks in Mexico City",Información acerca del vecindario no proporcionada,Suites,2017-07-19,2017-07-19,Información acerca del anfitrión del no proporcionada,within a day,f,"['email', 'phone', 'work_email']",t,Miguel Hidalgo,Room in serviced apartment,Hotel room,2 shared baths,"[""Iron"", ""Washer"", ""Elevator"", ""High chair"", ""Wifi"", ""Heating"", ""Refrigerator"", ""Dishes and silverware"", ""Self check-in"", ""Hangers"", ""Free parking on premises"", ""Carbon monoxide alarm"", ""Coffee maker"", ""Backyard"", ""Breakfast"", ""Crib"", ""Long term stays allowed"", ""First aid kit"", ""Essentials"", ""Shampoo"", ""Hot water"", ""Dryer"", ""Luggage dropoff allowed"", ""TV"", ""Kitchen"", ""Oven"", ""Smoke alarm"", ""Stove"", ""Fire extinguisher"", ""Gym"", ""Microwave"", ""Dedicated workspace"", ""Cooking basics"", ""Hair dryer"", ""Building staff""]",2017-10-29,No disponible,t,19945397,1.0,1.0,4.0,4.0,19.42723,-99.19667,4.0,1.5,2.0,2.0,4216.0,1.0,115.0,1.0,1125.0,19,42,72,347,11.0,0.0,4.82,4.91,4.91,5.0,5.0,4.64,0.13
2024-09-26,previous scrape,Beautiful Apartment,"Modern, good lighting, 24-hour security, excellent location and mobility, shopping plaza with supermarket and restaurants across the street.<br />Two blocks from the WTC. Housekeeping up to 3 times per week.","There are several hotels, restaurants, bars, offices, banks, convention center and musical events. Walking you can reach 3 different commercial plazas and a park in less than 10 min.",Eliana,2017-12-18,2017-12-18,Información acerca del anfitrión del no proporcionada,within an hour,f,"['email', 'phone']",t,Benito Juárez,Room in serviced apartment,Hotel room,2 baths,"[""Iron"", ""Washer"", ""Elevator"", ""Wifi"", ""Private patio or balcony"", ""Heating"", ""Freezer"", ""Laundromat nearby"", ""Children\u2019s books and toys"", ""Refrigerator"", ""Dishes and silverware"", ""Ethernet connection"", ""Pets allowed"", ""Portable fans"", ""Hangers"", ""Free parking on premises"", ""Body soap"", ""Children\u2019s dinnerware"", ""Crib"", ""Long term stays allowed"", ""First aid kit"", ""Essentials"", ""Shampoo"", ""Hot water"", ""Smoking allowed"", ""Dining table"", ""Shower gel"", ""Dryer"", ""Clothing storage: closet"", ""Luggage dropoff allowed"", ""TV"", ""Babysitter recommendations"", ""Coffee"", ""Kitchen"", ""Board games"", ""Oven"", ""Books and reading material"", ""Stove"", ""Cleaning products"", ""Room-darkening shades"", ""Wine glasses"", ""Microwave"", ""Cooking basics"", ""Hair dryer""]",2019-08-31,No disponible,t,22321037,1.0,1.0,1.0,1.0,19.39551,-99.17638,4.0,1.5,2.0,2.0,4216.0,1.0,1125.0,1.0,1125.0,29,59,89,89,1.0,0.0,5.0,5.0,5.0,5.0,5.0,5.0,0.02
2024-09-26,city scrape,Full apartment - HOTEL AMENITIES!,"Best option for short or long term accomodations in Mexico City, situated on Mexico City’s magnificent Paseo de la Reforma.<br />Located next to Angel de la Indepedencia, and close to all the finest venues.<br />Walking distance to Museum of Anthropology and Chapultepec Castle.<br />You’ll also find plenty of quaint coffee shops as you walk down its wide park-like sidewalks.<br />We offer the best option in Suites in Mexico City and we look forward to your stay at Capri rooms.","Paseo de la Reforma is a wide avenue that runs diagonally across the heart of Mexico City. It is now home to many of Mexico's tallest buildings such as the Torre Mayor and others in the Zona Rosa. More modern extensions continue the avenue at an angle to the old Paseo. To the northeast it continues toward Tlatelolco, where it changes its name near the Plaza de las Tres Culturas. There it divides into Calzada de Guadalupe and Calzada de los Misterios that continue towards La Villa. Its western portion going west from Chapultepec Park passes south of Polanco on its way through the affluent neighborhood of Lomas de Chapultepec and then into Cuajimalpa and Santa Fe on the outskirts of the city, although when it reaches this point it is more a highway than a promenade.<br />Today, the Reforma is filled with tourist attractions, luxurious restaurants and hotels, office buildings, public art exhibitions, and new construction.",Mega,2017-10-24,2017-10-24,Hosteando’s team. We love receiving guests!!,within an hour,f,"['email', 'phone']",t,Cuauhtémoc,Room in aparthotel,Hotel room,1 shared bath,"[""Iron"", ""Washer"", ""Elevator"", ""Wifi"", ""Refrigerator"", ""Dishes and silverware"", ""Self check-in"", ""Building staff"", ""Hangers"", ""Carbon monoxide alarm"", ""Coffee maker"", ""Long term stays allowed"", ""First aid kit"", ""Essentials"", ""Shampoo"", ""Hot water"", ""Dryer"", ""TV"", ""Hot tub"", ""Kitchen"", ""Paid parking off premises"", ""Smoke alarm"", ""Fire extinguisher"", ""Gym"", ""Exterior security cameras on property"", ""Cooking basics"", ""Hair dryer"", ""Microwave""]",2018-04-01,No disponible,t,23924789,1.0,0.99,24.0,40.0,19.42498,-99.16867,2.0,1.0,1.0,1.0,1990.0,1.0,1125.0,1.0,1125.0,28,49,79,354,15.0,0.0,4.2,3.93,4.8,4.73,5.0,3.8,0.19
2024-09-25,city scrape,Suite in Reforma. Hotel amenities. Pool/Gym. K5,"Best option for short or long term stays in Mexico City, our suites are located on Mexico City’s magnificent Paseo de la Reforma.<br /><br />Just between the Angel of Indepedence and the Fuente de la Diana, it is close to all the finest venues.<br /><br />Steps away from the magnificent Chapultepec Castle and the Museum of Anthropology, everything of importance is within reach from our suites.<br /><br />Visit the pyramids at Teotihuacan, the fabled Zocalo or take a stroll down Polanco.<br /><br />Enjoy your stay in Mexico City!","Colonia Juarez, the triangle shaped neighborhood on the southwest border of central Mexico City, is fast becoming a haven for locavores. The area offers hip eateries like the Havre 77 oyster bar, and Milan 44—an urban market where you can grab top-tier coffee and a haircut under the same roof. The area boasts ample shopping opportunities, from the upscale shops of Plaza la Rosa to the antiques and vintage wares of Plaza del Angel. Every Sunday, the Jardin del Arte is where you can pick up paintings, drawing, and crafts made by Mexico City’s talented local artists.",Charlic,2022-10-31,2022-10-31,Información acerca del anfitrión del no proporcionada,within an hour,t,['phone'],t,Cuauhtémoc,Room in serviced apartment,Hotel room,1 shared bath,"[""Pool"", ""Iron"", ""Washer"", ""Elevator"", ""Wifi"", ""Cleaning available during stay"", ""Refrigerator"", ""Dishes and silverware"", ""Self check-in"", ""Portable fans"", ""Hangers"", ""Carbon monoxide alarm"", ""Coffee maker"", ""Backyard"", ""Long term stays allowed"", ""First aid kit"", ""Essentials"", ""Dryer"", ""Luggage dropoff allowed"", ""TV"", ""Hot tub"", ""Bed linens"", ""Kitchen"", ""Conditioner"", ""BBQ grill"", ""Paid parking off premises"", ""Smoke alarm"", ""Fire extinguisher"", ""Clothing storage"", ""Gym"", ""Microwave"", ""Cooking basics"", ""Hair dryer"", ""Building staff""]",2018-03-30,No disponible,f,23957804,1.0,0.97,8.0,11.0,19.42565,-99.1697,2.0,1.0,0.0,1.0,1990.0,1.0,1125.0,1.0,1125.0,29,49,79,354,11.0,0.0,4.18,4.27,4.91,4.64,4.91,4.27,0.14
2024-09-26,city scrape,Best flat in Reforma. Suite. Jacuzzi and gym. K12,"Offering a terrace and views of the city, our suites are situated in Mexico City, 200 m from The Angel of Independence. The accommodation features a spa bath and Free WiFi.","Colonia Juarez, the triangle shaped neighborhood on the southwest border of central Mexico City, is fast becoming a haven for locavores. The area offers hip eateries like the Havre 77 oyster bar, and Milan 44—an urban market where you can grab top-tier coffee and a haircut under the same roof. The area boasts ample shopping opportunities, from the upscale shops of Plaza la Rosa to the antiques and vintage wares of Plaza del Angel. Every Sunday, the Jardin del Arte is where you can pick up paintings, drawing, and crafts made by Mexico City’s talented local artists.",Charlic Isaac,2022-07-23,2022-07-23,Información acerca del anfitrión del no proporcionada,within an hour,f,"['email', 'phone']",t,Cuauhtémoc,Room in serviced apartment,Hotel room,1 bath,"[""Iron"", ""Washer"", ""Elevator"", ""Wifi"", ""Refrigerator"", ""Dishes and silverware"", ""Hangers"", ""Carbon monoxide alarm"", ""Coffee maker"", ""Long term stays allowed"", ""First aid kit"", ""Essentials"", ""Hot water"", ""Dryer"", ""Luggage dropoff allowed"", ""TV with standard cable"", ""Patio or balcony"", ""Hot tub"", ""Kitchen"", ""BBQ grill"", ""Paid parking off premises"", ""Smoke alarm"", ""Fire extinguisher"", ""Gym"", ""Microwave"", ""Cooking basics"", ""Single level home"", ""Hair dryer""]",2018-03-31,No disponible,f,23958426,1.0,1.0,2.0,7.0,19.42658,-99.17046,2.0,1.0,0.0,1.0,1990.0,1.0,1125.0,1.0,1125.0,28,49,79,354,14.0,0.0,4.93,4.71,5.0,5.0,5.0,4.64,0.18
2024-09-26,city scrape,Full Suite. *Hotel Amenities* WALK EVERYWHERE -K13,"Offering a terrace and views of the city, our suites are situated in Mexico City, 200 m from The Angel of Independence. The accommodation features a spa bath and Free WiFi.","Colonia Juarez, the triangle shaped neighborhood on the southwest border of central Mexico City, is fast becoming a haven for locavores. The area offers hip eateries like the Havre 77 oyster bar, and Milan 44—an urban market where you can grab top-tier coffee and a haircut under the same roof. The area boasts ample shopping opportunities, from the upscale shops of Plaza la Rosa to the antiques and vintage wares of Plaza del Angel. Every Sunday, the Jardin del Arte is where you can pick up paintings, drawing, and crafts made by Mexico City’s talented local artists.",Charligisaac,2022-12-19,2022-12-19,Información acerca del anfitrión del no proporcionada,within an hour,t,"['email', 'phone']",t,Cuauhtémoc,Room in serviced apartment,Hotel room,1 bath,"[""Pool"", ""Iron"", ""Washer"", ""Elevator"", ""Wifi"", ""Cleaning available during stay"", ""Refrigerator"", ""Dishes and silverware"", ""Self check-in"", ""Portable fans"", ""Hangers"", ""Carbon monoxide alarm"", ""Coffee maker"", ""Long term stays allowed"", ""First aid kit"", ""Essentials"", ""Dryer"", ""Luggage dropoff allowed"", ""TV"", ""Patio or balcony"", ""Bed linens"", ""Kitchen"", ""Conditioner"", ""Paid parking off premises"", ""Smoke alarm"", ""Extra pillows and blankets"", ""Fire extinguisher"", ""Clothing storage"", ""Gym"", ""Microwave"", ""Cooking basics"", ""Hair dryer"", ""Building staff""]",2018-06-02,No disponible,t,23958598,1.0,0.99,19.0,25.0,19.42516,-99.16868,2.0,1.0,0.0,1.0,1990.0,1.0,1125.0,1.0,1125.0,28,49,79,354,14.0,0.0,4.29,4.36,4.57,4.43,4.64,4.43,0.18
2024-09-26,city scrape,"Great Suite w/hotel Amenities, jacuzzi and gym K15","Offering a terrace and views of the city, our suites are situated in Mexico City, 200 m from The Angel of Independence. The accommodation features a spa bath and Free WiFi.","Colonia Juarez, the triangle shaped neighborhood on the southwest border of central Mexico City, is fast becoming a haven for locavores. The area offers hip eateries like the Havre 77 oyster bar, and Milan 44—an urban market where you can grab top-tier coffee and a haircut under the same roof. The area boasts ample shopping opportunities, from the upscale shops of Plaza la Rosa to the antiques and vintage wares of Plaza del Angel. Every Sunday, the Jardin del Arte is where you can pick up paintings, drawing, and crafts made by Mexico City’s talented local artists.",Charlic,2022-10-31,2022-10-31,Información acerca del anfitrión del no proporcionada,within an hour,t,['phone'],t,Cuauhtémoc,Room in serviced apartment,Hotel room,1 bath,"[""Dryer"", ""Iron"", ""Washer"", ""TV"", ""Carbon monoxide alarm"", ""Wifi"", ""Elevator"", ""Fire extinguisher"", ""Kitchen"", ""First aid kit"", ""Self check-in"", ""Gym"", ""Essentials"", ""Hangers"", ""Smoke alarm"", ""Hair dryer"", ""Building staff""]",2018-03-27,No disponible,f,23959123,1.0,0.97,8.0,11.0,19.42595,-99.16855,2.0,1.0,0.0,1.0,1990.0,1.0,1125.0,1.0,1125.0,28,49,79,354,17.0,0.0,4.59,4.47,4.65,4.94,4.88,4.41,0.21
2024-09-26,previous scrape,Habitación para 2 personas en depto compartido.,"The apartment is close to one side of the Autódromo Hermanos Rodriguez, GNP Seguros Stadium, Harp Helu Stadium and the Palacio de los Deportes, it is located 3 streets from the Puebla metro. It is a great location to attend concerts and sporting events in CDMX.","It's very close to Mexico City International Airport, shopping malls within minutes, and all sorts of transportation. The Old Town is also very close.<br />A few meters away is the Brothers Rodriguez Racetrack and the Sports Palace.",Yovanni,2018-02-23,2018-02-23,"Mi nombre es Yovanni, y será un placer tenerte como huésped!",within an hour,t,"['email', 'phone']",t,Iztacalco,Room in serviced apartment,Hotel room,1 shared bath,"[""Shared patio or balcony"", ""Iron"", ""Outdoor furniture"", ""Freezer"", ""Pantene shampoo"", ""Laundromat nearby"", ""Host greets you"", ""Refrigerator"", ""Mosquito net"", ""Ethernet connection"", ""Dishes and silverware"", ""Indoor fireplace: electric"", ""Blender"", ""Portable fans"", ""Hangers"", ""Carbon monoxide alarm"", ""Coffee maker"", ""Hot water kettle"", ""Long term stays allowed"", ""First aid kit"", ""Toaster"", ""Essentials"", ""Hot water"", ""Smoking allowed"", ""Dining table"", ""Shower gel"", ""Dove Body Wash body soap"", ""Outdoor playground"", ""Paid street parking off premises"", ""Luggage dropoff allowed"", ""Pocket wifi"", ""32 inch HDTV with standard cable"", ""Coffee"", ""Bed linens"", ""Kitchen"", ""Shared backyard \u2013 Fully fenced"", ""Other gas stove"", ""Oven"", ""Rice maker"", ""Outdoor dining area"", ""Books and reading material"", ""Smoke alarm"", ""Extra pillows and blankets"", ""Outlet covers"", ""Cleaning products"", ""Room-darkening shades"", ""Wine glasses"", ""Pantene conditioner"", ""Free street parking"", ""Fast wifi \u2013 115 Mbps"", ""Exterior security cameras on property"", ""Dedicated workspace"", ""Cooking basics"", ""Hair dryer"", ""Microwave""]",2018-08-22,No disponible,f,27426950,1.0,1.0,5.0,5.0,19.40179,-99.08246,2.0,1.5,1.0,2.0,4216.0,1.0,1125.0,1.0,1125.0,25,47,77,148,65.0,1.0,4.92,4.88,4.82,4.94,4.89,4.72,0.88
2024-09-26,previous scrape,Suite familiar para vacaciones en Portal San Ángel,"One of our double-level family suites features an exclusive suite terrace. <br />With a clean, Mexican concept and nationalist architecture, complete privacy with a cozy atmosphere that guarantees the rest and tranquility of your family or group on their visit.","We are located in the south of Mexico City with excellent communication routes and surrounded by shopping centers, restaurants and government facilities (INFONAVIT, FOVISSTE AND SEGURO POPULAR), our location makes this place a great opportunity for business or leisure travelers, being located behind the metro ravine of the dead and in the Guadalupe inn colony, one of the most beautiful and peaceful areas of the city, just 5 minutes from San Angel, 15 minutes from Coyoacán, 25 minutes from the Countess and 40 minutes from the airport.<br /><br />Our space is distinguished by not being a traditional hotel where you can feel privacy, freedom and a warm and safe atmosphere.",Adrián,2017-01-10,2017-01-10,"Bienvenido a Suites Portal San Ángel,

Desde que llegas a nuestra casa sentirás que no estás en la ciudad de México, una casa de estilo mexicano llena de color y detalles que te transportaran a otro lugar, contamos con diferentes tipos de habitaciones con capacidad para  2, 4 y hasta 6 personas.

Todas nuestras suites tienen entrada independiente, baño privado, además de contar con áreas comunes con servicio de barra de café gratuito.

Somos la opción perfecta para los viajeros que NO BUSCAN UN HOTEL, y que quieren disfrutar de un hospedaje diferente, cálido y humano.

Suites Portal San Ángel esta ubicada al sur de la ciudad  de México con excelentes vías de comunicación y rodeada de centros comerciales, restaurantes y dependencias gubernamentales (INFONAVIT, FOVISSTE Y INSABI), su ubicación hace de esta casa una gran oportunidad para los viajeros de negocios o placer, al encontrarse ubicada a espaldas del metro barranca del muerto y en la colonia Guadalupe Inn , una de las zonas más bonitas y tranquilas de la ciudad, a tan solo 5 minutos de san ángel, 15 minutos de Coyoacán, 25 minutos de la condesa y 40 minutos del aeropuerto.

Nuestra casa se distingue en no ser un hotel tradicional donde podrás sentir privacidad, un ambiente cálido y seguro-",within a few hours,f,"['email', 'phone']",t,Álvaro Obregón,Room in boutique hotel,Hotel room,No expecificado,"[""Iron"", ""Hair dryer"", ""TV"", ""Wifi"", ""Exterior security cameras on property"", ""Fire extinguisher"", ""Kitchen"", ""Self check-in"", ""Essentials"", ""Free street parking"", ""Shampoo"", ""Hot water"", ""Pets allowed"", ""Cooking basics"", ""Lockbox"", ""Hangers""]",2019-02-24,No disponible,t,27778699,1.0,0.89,14.0,15.0,19.36071,-99.18928,6.0,1.5,1.0,2.0,4216.0,1.0,1125.0,1.0,1125.0,30,60,90,365,4.0,0.0,4.8,4.8,4.8,4.9,4.9,4.8,0.06
2024-09-26,city scrape,Casa México 4,"Casa México is located in a strategic and wonderful area as it is located in the heart of the counted colony in front of Parque México. This area is known for its beautiful tree-lined streets, large restaurants, cafes, shops of all kinds and galleries. The neighborhood is central since it is easy to get to several interesting areas such as La Roma, Polanco and Escandón. This area is also known for its family and bohemian atmosphere experienced every day on the streets.","The neighbourhood is full of galleries, shops, restaurants, parks and more. This is a great neighborhood to experience the best of Mexico city!",Alejandra,2015-06-18,2015-06-18,"Me gusta el servicio a clientes,
Me encanta la
Cocina, vivo en la
Condesa con mi familia.
",within an hour,f,"['email', 'phone']",t,Cuauhtémoc,Room in serviced apartment,Hotel room,1 private bath,"[""Iron"", ""Washer"", ""Cleaning available during stay"", ""Heating - split type ductless system"", ""Dishes and silverware"", ""Self check-in"", ""AC - split type ductless system"", ""Hangers"", ""Mini fridge"", ""Body soap"", ""Carbon monoxide alarm"", ""Wifi \u2013 42 Mbps"", ""Breakfast"", ""Long term stays allowed"", ""Keypad"", ""Free dryer \u2013 In building"", ""Essentials"", ""Shampoo"", ""Hot water"", ""HDTV"", ""Crib - available upon request"", ""Clothing storage: closet"", ""Luggage dropoff allowed"", ""Coffee"", ""Patio or balcony"", ""Paid parking off premises"", ""Smoke alarm"", ""Cleaning products"", ""Room-darkening shades"", ""Pack \u2019n play/Travel crib"", ""Wine glasses"", ""Coffee maker: Nespresso"", ""Dedicated workspace"", ""Smoking allowed"", ""Hair dryer""]",2018-10-28,No disponible,f,29574790,0.99,1.0,38.0,41.0,19.41092,-99.16882,2.0,1.0,1.0,1.0,1739.0,2.0,730.0,2.0,730.0,8,17,28,105,206.0,3.0,4.93,4.94,4.93,4.89,5.0,4.9,2.86
2024-09-26,city scrape,Habitación en la Hipódromo Condesa,"We focus on providing you with a great hosting experience during your stay in your room with a private bathroom. You can forget to pay for water, electricity, gas, toilet paper, laundry of linens and towels. We offer plumbing, locksmith, carpentry, and paint services at no extra cost. We receive errands and packages with direct delivery to your room. We are located in a magical neighborhood, in the Hipódromo Condesa colony, this area has been the home of remarkable personalities. We look forward to seeing you!","We are located in Mexico City in a magical neighborhood, the Colonia Hipódromo Condesa, which has been home to notable personalities. Musicians such as Agustín Lara; actors such as Cantinflas, writers and popular characters who have now made it well known for the large number of cafes, bookstores, restaurants, galleries and boutiques, as well as for its cultural and nightlife. The colony attracts people from various points in the city (domestic and foreign tourists) who seek the atmosphere and life of the place.",Joaquin,2016-06-18,2016-06-18,"En AmuebladosTehuantepec, nos enfocamos en brindarte una gran experiencia de hospedaje. Estamos ubicados en la Ciudad de México en un barrio mágico, La Hipódromo Condesa, ésta ha sido hogar de notables personalidades. músicos como Agustín Lara; actores de la talla de Cantinflas, escritores y personajes populares que ahora la han hecho muy conocida por la gran cantidad de cafés, librerías, restaurantes, galerías y boutiques, así como por su vida cultural y nocturna. La colonia atrae a personas de varios puntos de la ciudad (turistas nacionales y extranjeros) que buscan el ambiente y vida del lugar.
Durante tu estancia, ya no tienes que preocuparte por pagar nada adicional, el precio de hospedaje incluye: Agua, Luz, Gas, Lavado de Ropa de Cama y Toallas, Papel Higiénico, Jabón y también si ocurre alguna falla en el departamento, tienes incluido sin costo adicional los servicios de plomería, cerrajería, carpintería y pintura. Para hacerte más ágil tus compras en línea, también podemos recibir lo que tú indiques, encargos o paquetes y entregártelos directamente en tu habitación.",within an hour,t,"['email', 'phone', 'work_email']",t,Cuauhtémoc,Room in serviced apartment,Hotel room,1 private bath,"[""Extra pillows and blankets"", ""Iron"", ""Backyard"", ""Wifi"", ""Elevator"", ""Exterior security cameras on property"", ""Fire extinguisher"", ""Host greets you"", ""Bed linens"", ""Long term stays allowed"", ""Essentials"", ""Hot water"", ""Dedicated workspace"", ""Hangers""]",2018-12-31,No disponible,f,31054539,1.0,1.0,5.0,7.0,19.40307,-99.1705,2.0,1.0,1.0,1.0,293.0,3.0,1125.0,3.0,1125.0,0,10,20,263,184.0,2.0,4.79,4.91,4.89,4.88,4.91,4.83,2.63
2024-09-26,previous scrape,Vallarta,"The VALLARTA Room is designed for a MINIMUM of 3 PEOPLE and a MAXIMUM of 6 PEOPLE, our facilities are designed to make you feel at home, we have a qualified staff to take care of you in the best possible way.",Información acerca del vecindario no proporcionada,Rch,2019-01-04,2019-01-04,Información acerca del anfitrión del no proporcionada,within an hour,t,"['email', 'phone']",t,Miguel Hidalgo,Room in hotel,Hotel room,1 private bath,"[""Iron"", ""Washer"", ""TV"", ""Wifi"", ""Luggage dropoff allowed"", ""Exterior security cameras on property"", ""Fire extinguisher"", ""Long term stays allowed"", ""Self check-in"", ""Essentials"", ""Shampoo"", ""Hot water"", ""Building staff"", ""Dedicated workspace"", ""Smoking allowed"", ""Smoke alarm"", ""Hangers"", ""Mini fridge""]",2019-04-04,No disponible,t,31307371,1.0,1.0,12.0,13.0,19.45618,-99.17889,6.0,1.5,1.0,2.0,4216.0,1.0,30.0,1.0,30.0,25,55,84,356,6.0,0.0,4.0,4.0,4.5,4.17,4.33,4.8,0.09
2024-09-26,previous scrape,Cancun,"The CANCUN Room is designed for a MINIMUM of 2 PEOPLE and a MAXIMUM of 4 PEOPLE, our facilities are designed to make you feel at home, we have a qualified staff to serve you in the best possible way.",Información acerca del vecindario no proporcionada,Rch,2019-01-04,2019-01-04,Información acerca del anfitrión del no proporcionada,within an hour,t,"['email', 'phone']",t,Miguel Hidalgo,Room in hotel,Hotel room,1 private bath,"[""Iron"", ""Washer"", ""Luggage dropoff allowed"", ""Wifi"", ""Fire extinguisher"", ""Smoking allowed"", ""Long term stays allowed"", ""Self check-in"", ""Essentials"", ""Shampoo"", ""Hot water"", ""Dedicated workspace"", ""TV with Netflix"", ""Smoke alarm"", ""Hangers"", ""Building staff""]",2022-02-17,No disponible,t,31307837,1.0,1.0,12.0,13.0,19.45618,-99.17889,4.0,1.5,1.0,2.0,4216.0,1.0,30.0,1.0,30.0,29,59,88,360,2.0,0.0,5.0,5.0,4.5,5.0,5.0,5.0,0.06
2024-09-26,previous scrape,Tulum,"The TULUM Room is designed for a MINIMUM of 1 PERSON and a MAXIMUM of 3 PEOPLE, our facilities are designed to make you feel at home, we have a qualified staff to assist you in the best possible way.",Información acerca del vecindario no proporcionada,Rch,2019-01-04,2019-01-04,Información acerca del anfitrión del no proporcionada,within an hour,t,"['email', 'phone']",t,Miguel Hidalgo,Room in hotel,Hotel room,1 private bath,"[""Iron"", ""Washer"", ""Luggage dropoff allowed"", ""Wifi"", ""Fire extinguisher"", ""Long term stays allowed"", ""Self check-in"", ""TV with DVD player"", ""Essentials"", ""Shampoo"", ""Hot water"", ""Dedicated workspace"", ""Smoking allowed"", ""Smoke alarm"", ""Hangers"", ""Building staff""]",2019-11-02,No disponible,t,31315704,1.0,1.0,12.0,13.0,19.45618,-99.17889,3.0,1.5,1.0,2.0,4216.0,1.0,30.0,1.0,30.0,28,55,84,331,1.0,0.0,4.0,5.0,5.0,5.0,5.0,4.8,0.02
2024-09-26,previous scrape,CHACAHUA,"The HOLBOX Room is designed for a MINIMUM of 2 PEOPLE and a MAXIMUM of 4 PEOPLE, our facilities are designed to make you feel at home, we have a qualified staff to assist you in the best way possible.<br /><br />We have pet friendly rooms (Pets have an additional cost of 200 pesos per night).",Información acerca del vecindario no proporcionada,Rch,2019-01-04,2019-01-04,Información acerca del anfitrión del no proporcionada,within an hour,t,"['email', 'phone']",t,Miguel Hidalgo,Room in hotel,Hotel room,1 private bath,"[""Iron"", ""Outdoor furniture"", ""Children\u2019s books and toys"", ""Self check-in"", ""Hangers"", ""Hammock"", ""Long term stays allowed"", ""Essentials"", ""Shampoo"", ""Hot water"", ""Luggage dropoff allowed"", ""TV"", ""BBQ grill"", ""Outdoor dining area"", ""Fast wifi \u2013 52 Mbps"", ""Smoke alarm"", ""Fire extinguisher"", ""Paid washer"", ""Dedicated workspace"", ""Smoking allowed"", ""Building staff""]",2019-10-21,No disponible,t,31315705,1.0,1.0,12.0,13.0,19.45618,-99.17889,2.0,1.5,1.0,2.0,4216.0,1.0,30.0,1.0,30.0,0,0,0,0,2.0,0.0,4.0,4.0,5.0,4.9,4.9,4.5,0.03
2024-09-26,previous scrape,Holbox,"The HOLBOX Room is designed for a MINIMUM of 2 PEOPLE and a MAXIMUM of 4 PEOPLE, our facilities are designed to make you feel at home, we have a qualified staff to assist you in the best possible way.",Información acerca del vecindario no proporcionada,Rch,2019-01-04,2019-01-04,Información acerca del anfitrión del no proporcionada,within an hour,t,"['email', 'phone']",t,Miguel Hidalgo,Room in hotel,Hotel room,1 private bath,"[""Iron"", ""Washer"", ""TV"", ""Wifi"", ""Luggage dropoff allowed"", ""Fire extinguisher"", ""Long term stays allowed"", ""Refrigerator"", ""Self check-in"", ""Essentials"", ""Shampoo"", ""Hot water"", ""Dedicated workspace"", ""Smoking allowed"", ""Smoke alarm"", ""Hangers"", ""Building staff""]",2022-04-17,No disponible,t,31315726,1.0,1.0,12.0,13.0,19.45618,-99.17889,4.0,1.5,1.0,2.0,4216.0,1.0,30.0,1.0,30.0,26,53,82,354,4.0,0.0,5.0,5.0,5.0,5.0,5.0,4.75,0.13
2024-09-26,previous scrape,Palenque,"The PALENQUE Room is designed for a MINIMUM of 1 PERSON and a MAXIMUM of 2 PEOPLE, our facilities are designed to make you feel at home, we have a qualified staff to assist you in the best way possible.",Información acerca del vecindario no proporcionada,Rch,2019-01-04,2019-01-04,Información acerca del anfitrión del no proporcionada,within an hour,t,"['email', 'phone']",t,Miguel Hidalgo,Room in hotel,Hotel room,1 shared bath,"[""Iron"", ""Washer"", ""Wifi"", ""Refrigerator"", ""Dishes and silverware"", ""Self check-in"", ""Hangers"", ""Carbon monoxide alarm"", ""Coffee maker"", ""Backyard"", ""Long term stays allowed"", ""Essentials"", ""Shampoo"", ""Hot water"", ""Luggage dropoff allowed"", ""TV"", ""Coffee"", ""Patio or balcony"", ""Outdoor dining area"", ""EV charger"", ""Smoke alarm"", ""Fire extinguisher"", ""Exterior security cameras on property"", ""Dedicated workspace"", ""Smoking allowed"", ""Building staff""]",2019-02-23,No disponible,t,31315727,1.0,1.0,12.0,13.0,19.45618,-99.17889,2.0,1.5,1.0,2.0,4216.0,1.0,30.0,1.0,30.0,18,38,63,335,23.0,0.0,4.7,4.83,4.43,4.78,4.87,4.57,0.34
2024-09-26,previous scrape,Acapulco,"The ACAPULCO Room is designed for a MINIMUM of 3 PEOPLE and a MAXIMUM of 5 PEOPLE, our facilities are designed to make you feel at home, we have a qualified staff to assist you in the best way possible.",Información acerca del vecindario no proporcionada,Rch,2019-01-04,2019-01-04,Información acerca del anfitrión del no proporcionada,within an hour,t,"['email', 'phone']",t,Miguel Hidalgo,Room in hotel,Hotel room,1 private bath,"[""Iron"", ""Wifi"", ""Refrigerator"", ""Mosquito net"", ""Dishes and silverware"", ""Self check-in"", ""Building staff"", ""Hangers"", ""Mini fridge"", ""Carbon monoxide alarm"", ""Coffee maker"", ""Paid washer \u2013 In unit"", ""Paid parking lot on premises \u2013 4 spaces"", ""Long term stays allowed"", ""Essentials"", ""Shampoo"", ""Hot water"", ""Luggage dropoff allowed"", ""Patio or balcony"", ""Board games"", ""32 inch TV with Netflix"", ""Outdoor dining area"", ""Smoke alarm"", ""Cleaning products"", ""Fire extinguisher"", ""Room-darkening shades"", ""Exterior security cameras on property"", ""Dedicated workspace"", ""Cooking basics"", ""Microwave""]",2019-02-03,No disponible,t,31311837,1.0,1.0,12.0,13.0,19.45618,-99.17889,5.0,1.5,1.0,2.0,4216.0,1.0,30.0,1.0,30.0,29,47,76,323,9.0,0.0,4.33,4.44,4.44,4.33,4.33,4.44,0.13
2024-09-26,previous scrape,Hab. TAJIN,"The TAJIN Room is designed for a MINIMUM of 3 PEOPLE and a MAXIMUM of 6 PEOPLE, our facilities are designed to make you feel at home, we have a qualified staff to take care of you in the best possible way.",Información acerca del vecindario no proporcionada,Rch,2019-01-04,2019-01-04,Información acerca del anfitrión del no proporcionada,within an hour,t,"['email', 'phone']",t,Miguel Hidalgo,Room in hotel,Hotel room,1 private bath,"[""Iron"", ""Washer"", ""Luggage dropoff allowed"", ""Wifi"", ""Exterior security cameras on property"", ""Fire extinguisher"", ""Long term stays allowed"", ""Self check-in"", ""Essentials"", ""Shampoo"", ""Hot water"", ""Building staff"", ""HDTV with Netflix"", ""Dedicated workspace"", ""Smoking allowed"", ""Smoke alarm"", ""Hangers"", ""Mini fridge""]",2019-01-10,No disponible,t,31312409,1.0,1.0,12.0,13.0,19.45618,-99.17889,6.0,1.5,1.0,2.0,4216.0,1.0,30.0,1.0,30.0,26,52,81,353,7.0,0.0,4.0,4.0,4.57,4.29,4.29,4.29,0.1
2024-09-26,previous scrape,Cozumel,"Our spaces are comfortable since we can make you feel at home, our staff is very well qualified to give you a pleasant attention.",Información acerca del vecindario no proporcionada,Rch,2019-01-04,2019-01-04,Información acerca del anfitrión del no proporcionada,within an hour,t,"['email', 'phone']",t,Miguel Hidalgo,Room in hotel,Hotel room,1 private bath,"[""Iron"", ""Washer"", ""Wifi"", ""Dishes and silverware"", ""Self check-in"", ""Hangers"", ""Long term stays allowed"", ""Essentials"", ""Shampoo"", ""Smoking allowed"", ""Hot water"", ""TV with Netflix"", ""Luggage dropoff allowed"", ""Smoke alarm"", ""Fire extinguisher"", ""Exterior security cameras on property"", ""Dedicated workspace"", ""Cooking basics"", ""Paid parking off premises"", ""Building staff""]",2019-06-16,No disponible,t,31312417,1.0,1.0,12.0,13.0,19.45618,-99.17889,4.0,1.5,1.0,2.0,4216.0,1.0,30.0,1.0,30.0,29,58,87,359,7.0,0.0,4.57,4.71,4.43,5.0,4.86,4.71,0.11
2024-09-26,previous scrape,Los Cabos,"The LOS CABOS Room is designed for a MINIMUM of 1 PERSON and a MAXIMUM of 3 PEOPLE, our facilities are designed to make you feel at home, we have a qualified staff to serve you in the best possible way.",Información acerca del vecindario no proporcionada,Rch,2019-01-04,2019-01-04,Información acerca del anfitrión del no proporcionada,within an hour,t,"['email', 'phone']",t,Miguel Hidalgo,Room in hotel,Hotel room,1 private bath,"[""Iron"", ""Carbon monoxide alarm"", ""Wifi"", ""Fire extinguisher"", ""Self check-in"", ""Essentials"", ""Smoking allowed"", ""Dedicated workspace"", ""TV with Netflix"", ""Smoke alarm"", ""Hangers"", ""Building staff""]",2019-11-18,No disponible,t,31314962,1.0,1.0,12.0,13.0,19.45702,-99.17842,3.0,1.5,1.0,2.0,4216.0,1.0,30.0,1.0,30.0,23,53,82,350,5.0,0.0,4.2,4.0,4.2,4.2,4.9,4.2,0.08
2024-09-26,previous scrape,CUETZALAN,"The CUETZALA room is designed for a MINIMUM of 1 PEOPLE and a MAXIMUM of 2 PEOPLE, our facilities are designed to make you feel at home, we have a qualified staff to assist you in the best way possible",Información acerca del vecindario no proporcionada,Rch,2019-01-04,2019-01-04,Información acerca del anfitrión del no proporcionada,within an hour,t,"['email', 'phone']",t,Miguel Hidalgo,Room in hotel,Hotel room,1 private bath,"[""Iron"", ""Wifi"", ""Mosquito net"", ""Self check-in"", ""Portable fans"", ""Hangers"", ""Mini fridge"", ""Paid parking lot on premises \u2013 4 spaces"", ""Long term stays allowed"", ""Essentials"", ""Shampoo"", ""Hot water"", ""Luggage dropoff allowed"", ""32 inch TV with Netflix"", ""Smoke alarm"", ""Neutro body soap"", ""Fire extinguisher"", ""Clothing storage: dresser"", ""Paid washer"", ""Exterior security cameras on property"", ""Dedicated workspace"", ""Smoking allowed"", ""Building staff""]",2021-11-07,No disponible,t,31315138,1.0,1.0,12.0,13.0,19.45618,-99.17889,2.0,1.5,1.0,2.0,4216.0,1.0,30.0,1.0,30.0,0,0,0,0,3.0,0.0,4.8,4.8,4.8,4.9,4.9,4.8,0.09
2024-09-26,previous scrape,Uxmal,"The UXMAL Room is designed for a MINIMUM of  PERSON and a MAXIMUM of 2 PEOPLE, our facilities are designed to make you feel at home, we have a qualified staff to assist you in the best possible way.",Información acerca del vecindario no proporcionada,Rch,2019-01-04,2019-01-04,Información acerca del anfitrión del no proporcionada,within an hour,t,"['email', 'phone']",t,Miguel Hidalgo,Room in hotel,Hotel room,1 private bath,"[""Iron"", ""Wifi"", ""Self check-in"", ""Hangers"", ""Body soap"", ""Long term stays allowed"", ""Essentials"", ""Shampoo"", ""Hot water"", ""Dining table"", ""Luggage dropoff allowed"", ""TV"", ""Coffee"", ""Smoke alarm"", ""Fire extinguisher"", ""Paid washer"", ""Dedicated workspace"", ""Smoking allowed"", ""Building staff""]",2021-10-31,No disponible,t,31315549,1.0,1.0,12.0,13.0,19.45618,-99.17889,2.0,1.5,1.0,2.0,4216.0,1.0,30.0,1.0,30.0,29,58,86,358,10.0,0.0,4.5,4.6,4.7,4.6,4.4,4.3,0.28
2024-09-25,city scrape,HABITACION IXTAPA,"IXTAPA BEDROOM, PRIVATE ROOM",Información acerca del vecindario no proporcionada,Victor Miguel,2018-12-21,2018-12-21,Soy Economista de la unam,within an hour,f,"['email', 'phone']",t,Miguel Hidalgo,Room in bed and breakfast,Hotel room,1 private bath,"[""Free parking on premises"", ""TV"", ""Wifi"", ""Backyard"", ""Fire extinguisher"", ""First aid kit"", ""Self check-in"", ""Free street parking"", ""Exterior security cameras on property"", ""Dedicated workspace"", ""Smoke alarm"", ""Building staff""]",2020-02-25,No disponible,f,31468145,1.0,0.93,4.0,4.0,19.42512,-99.22236,1.0,1.0,1.0,1.0,600.0,1.0,360.0,1.0,360.0,30,60,90,365,43.0,0.0,4.56,4.65,4.51,4.53,5.0,4.65,0.77
2024-09-26,previous scrape,Loft in Coyoacán very close to Frida Kahlo Museum,Soak up the contemporary Mexican vintage charm of this fully remodeled 1928 house transformed into a beautiful boutique hotel.<br />The suite features a full equipped kitchenette and high-end furnishings and decor.,"The loft is close to the main square in the neighborhood of Coyoacán. It has the feel of a typical town within Mexico City. Nearby are restaurants, coffee shops, music, nightlife, and museums—including one dedicated to Frida Kahlo.",Cristián,2016-04-26,2016-04-26,Información acerca del anfitrión del no proporcionada,within an hour,t,"['email', 'phone']",t,Coyoacán,Room in boutique hotel,Hotel room,1 private bath,"[""Iron"", ""Wifi"", ""Heating"", ""Host greets you"", ""Window AC unit"", ""Refrigerator"", ""Dishes and silverware"", ""Hangers"", ""Mini fridge"", ""Free parking on premises"", ""Body soap"", ""Carbon monoxide alarm"", ""Coffee maker"", ""Breakfast"", ""Long term stays allowed"", ""First aid kit"", ""Essentials"", ""Shampoo"", ""Hot water"", ""Luggage dropoff allowed"", ""TV with standard cable"", ""Bed linens"", ""Kitchen"", ""Conditioner"", ""Smoke alarm"", ""Stove"", ""Fire extinguisher"", ""Room-darkening shades"", ""Pack \u2019n play/Travel crib"", ""Exterior security cameras on property"", ""Cooking basics"", ""Hair dryer"", ""Microwave""]",2019-03-12,No disponible,t,32105928,1.0,1.0,9.0,9.0,19.34856,-99.16461,4.0,1.5,1.0,2.0,4216.0,1.0,365.0,1.0,365.0,7,16,36,288,30.0,0.0,5.0,5.0,5.0,5.0,4.97,5.0,0.44
2024-09-26,city scrape,Apartment in Reforma w/pool and hotel services,"Best option for short or long term stays in Mexico City, Capri is located on Mexico City’s magnificent Paseo de la Reforma.<br /><br />Just between the Angel of Indepedence and the Fuente de la Diana, it is close to all the finest venues.<br /><br />Steps away from the magnificent Chapultepec Castle and the Museum of Anthropology, everything of importance is within reach from our suites.<br /><br />Visit the pyramids at Teotihuacan, the fabled Zocalo square or take a stroll down Polanco.<br /><br />Enjoy your stay in Mexico City!","Skirted by busy commercial thoroughfare Paseo de la Reforma, Colonia Juárez is an upscale suburban retreat from its residents’ day jobs. Coffee in hand, buttoned-up managers hustle to morning meetings as execs arrive via chauffeur. Lunchtime means waves of strategic meetings at swanky outdoor eateries or taquerías. By sundown, niños return from school and Juarez settles into a comforting lull of neighborly socials.",Charlic,2022-10-31,2022-10-31,Información acerca del anfitrión del no proporcionada,within an hour,t,['phone'],t,Cuauhtémoc,Room in serviced apartment,Hotel room,1 bath,"[""Iron"", ""Washer"", ""Elevator"", ""Wifi"", ""Refrigerator"", ""Dishes and silverware"", ""Self check-in"", ""Portable fans"", ""Hangers"", ""Body soap"", ""Carbon monoxide alarm"", ""Coffee maker"", ""First aid kit"", ""Essentials"", ""Hot water"", ""Dryer"", ""TV"", ""Babysitter recommendations"", ""Patio or balcony"", ""Bed linens"", ""Kitchen"", ""Conditioner"", ""Paid parking off premises"", ""Smoke alarm"", ""Extra pillows and blankets"", ""Indoor fireplace"", ""Fire extinguisher"", ""Gym"", ""Microwave"", ""Hair dryer"", ""Building staff""]",2020-06-30,No disponible,f,32527606,1.0,0.97,8.0,11.0,19.42429,-99.17142,2.0,1.0,0.0,1.0,1994.0,1.0,1125.0,1.0,1125.0,28,49,79,354,4.0,0.0,4.75,4.75,5.0,5.0,5.0,4.5,0.08
2024-09-25,city scrape,MUMEDI Design Hotel - Design Suite 1,Private design room in the Mexican Museum of Design.<br />With a privileged location just a few steps from the base and on the most important pedestrian street in Mexico City.<br />Live the design within a complete hospitality experience like never before. Design Hotel Mumedi is the exclusive accommodation service with an intimate atmosphere and high quality personalized service.,"One of the most touristic areas of the city and accessible to move to any area of your interest. You can walk through the downtown area, visit historic buildings and churches, visit the zocalo, the archaeological zone of the Templo Mayor, the Cathedral and many shops, restaurants and bars.",Diana,2014-12-27,2014-12-27,"I have been living in downtown area for years, so I can give you the best local tips. Enjoy CDMX",within an hour,f,"['email', 'phone', 'work_email']",t,Cuauhtémoc,Room in boutique hotel,Hotel room,1 private bath,"[""Iron"", ""Carbon monoxide alarm"", ""TV"", ""Wifi"", ""Heating"", ""Exterior security cameras on property"", ""Fire extinguisher"", ""Breakfast"", ""Private backyard \u2013 Fully fenced"", ""Air conditioning"", ""Self check-in"", ""Essentials"", ""Shampoo"", ""Hangers"", ""Smoke alarm"", ""Hair dryer"", ""Building staff""]",2020-09-07,No disponible,t,32343685,1.0,1.0,7.0,7.0,19.43333,-99.13457,2.0,1.0,1.0,1.0,5843.0,1.0,370.0,1.0,370.0,19,30,30,30,9.0,0.0,5.0,5.0,5.0,5.0,5.0,5.0,0.18
2024-09-26,previous scrape,APTO. 2 RECS. CERCA DE EJERCITO NACIONAL POLANCO,"Apartment of 85 square meters. It has good lighting. Fully furnished and equipped, with everything you need for your stay. TV-cable, WiFi, heating, air conditioning, laundry center. Kitchen with refrigerator, coffee maker, microwave, etc.","Near America Park and St. Augustine's Church. A  few blocks from Av. Moliere where you will find a variety of restaurants, department stores, among others.",Maria Adela,2016-04-18,2016-04-18,Información acerca del anfitrión del no proporcionada,within an hour,t,"['email', 'phone', 'work_email']",t,Miguel Hidalgo,Room in serviced apartment,Hotel room,1 bath,"[""Iron"", ""Wifi"", ""Window AC unit"", ""Refrigerator"", ""Dishes and silverware"", ""Self check-in"", ""Pets allowed"", ""Building staff"", ""Ceiling fan"", ""Hangers"", ""Free parking on premises"", ""Coffee maker"", ""Toaster"", ""Essentials"", ""Hot water"", ""Crib - available upon request"", ""Clothing storage: closet"", ""Paid street parking off premises"", ""TV"", ""Free dryer \u2013 In unit"", ""Bed linens"", ""Kitchen"", ""Central heating"", ""Smoke alarm"", ""Stove"", ""Safe"", ""Fire extinguisher"", ""Room-darkening shades"", ""Exterior security cameras on property"", ""Cooking basics"", ""Free washer \u2013 In unit"", ""Hair dryer"", ""Microwave""]",9999-01-01,No disponible,f,33246931,1.0,1.0,9.0,10.0,19.43606,-99.19521,4.0,1.5,2.0,2.0,4216.0,3.0,1125.0,3.0,1125.0,0,0,0,0,0.0,0.0,4.8,4.9,4.8,4.8,4.8,4.7,1.7
2024-09-26,previous scrape,Brand new and modern loft with great location!,"The Estandar Suite is a modern and brand new loft. Perfect for executives, students, travellers who want to know Mexico city. This space offers a great location. All of the units feature a private bathroom, 2 flat-screen TV and fully-equipped kitchen. The building offers a terrace.","National Cinematheque is 3.9 km from the condo hotel, while Frida Kahlo House Museum is 4.5 km from the property. The nearest airport is Benito Juarez International Airport, 17.7 km from the property.",Tere Erandine,2019-01-29,2019-01-29,Información acerca del anfitrión del no proporcionada,within a few hours,f,"['email', 'phone']",t,Benito Juárez,Room in serviced apartment,Hotel room,1 bath,"[""Luggage dropoff allowed"", ""TV"", ""Wifi"", ""Host greets you"", ""Kitchen"", ""Long term stays allowed"", ""Essentials"", ""Shampoo"", ""Hot water"", ""Hangers""]",2019-07-21,No disponible,t,33366224,1.0,1.0,5.0,6.0,19.37099,-99.18776,2.0,1.5,1.0,2.0,4216.0,1.0,600.0,1.0,600.0,0,0,0,268,2.0,0.0,5.0,5.0,5.0,5.0,5.0,5.0,0.03
2024-09-25,city scrape,Brand new and modern loft with great location!,"The Petite is a modern and brand new loft.<br />Perfect for executives, students, travellers who want to know Mexico city. This space offers a great location.<br /><br />All of the units feature a private bathroom, 2 flat-screen TV and fully-equipped kitchen.<br />The building offers a terrace.","Set 2.7 km from National Cinematheque, Estudio Inn offers accommodation in Mexico City.<br /><br />Near to Galerias Insurgentes, Universidad Panamericana<br /><br />WTC Mexico City is 3 km from Estudio Inn, while Frida Kahlo House Museum is 3.2 km from the property. The nearest airport is Benito Juarez International Airport, 13 km from the property.",Tere Erandine,2019-01-29,2019-01-29,Información acerca del anfitrión del no proporcionada,within a few hours,f,"['email', 'phone']",t,Benito Juárez,Room in serviced apartment,Hotel room,1 bath,"[""Iron"", ""Wifi"", ""Host greets you"", ""Refrigerator"", ""Dishes and silverware"", ""Hangers"", ""Coffee maker"", ""Long term stays allowed"", ""Essentials"", ""Shampoo"", ""Hot water"", ""Luggage dropoff allowed"", ""TV with standard cable"", ""Kitchen"", ""Paid parking off premises"", ""Stove"", ""Extra pillows and blankets"", ""Microwave"", ""Cooking basics"", ""Hair dryer""]",2019-07-30,No disponible,t,33366824,1.0,1.0,5.0,6.0,19.37123,-99.18814,2.0,1.0,1.0,1.0,890.0,2.0,700.0,2.0,700.0,29,59,89,364,8.0,0.0,5.0,4.88,5.0,4.75,4.88,5.0,0.13
2024-09-26,previous scrape,Brand new and modern loft with great location!,"The Estandar Suite is a modern and brand new loft. Perfect for executives, students, travellers who want to know Mexico city. This space offers a great location. All of the units feature a private bathroom, 2 flat-screen TV and fully-equipped kitchen. The building offers a terrace.","National Cinematheque is 3.9 km from the condo hotel, while Frida Kahlo House Museum is 4.5 km from the property. The nearest airport is Benito Juarez International Airport, 17.7 km from the property.",Tere Erandine,2019-01-29,2019-01-29,Información acerca del anfitrión del no proporcionada,within a few hours,f,"['email', 'phone']",t,Benito Juárez,Room in serviced apartment,Hotel room,1 bath,"[""Luggage dropoff allowed"", ""TV"", ""Wifi"", ""Patio or balcony"", ""Host greets you"", ""Kitchen"", ""Long term stays allowed"", ""Refrigerator"", ""Essentials"", ""Shampoo"", ""Hot water"", ""Hangers""]",2019-10-06,No disponible,f,33367267,1.0,1.0,5.0,6.0,19.37109,-99.18977,2.0,1.5,1.0,2.0,4216.0,1.0,600.0,1.0,600.0,0,15,45,320,2.0,0.0,5.0,5.0,5.0,5.0,5.0,5.0,0.03
2024-09-26,city scrape,Roma Spot: Chill place at hip neighborhood,"¡Bienvenido a México! And welcome to the chillest place in town, ROMA Spot.<br />The Roma neighborhood, as depicted in the Academy award winning film “Roma” by Alfonso Cuarón, is one of the most colorful and culture rich areas located in the heart of Mexico City.",Información acerca del vecindario no proporcionada,Roma Spot,2019-04-02,2019-04-02,"For the Roma Spot team, you having a super comfortable stay with us is our top priority.",within an hour,t,"['email', 'phone', 'work_email']",t,Cuauhtémoc,Room in boutique hotel,Hotel room,No expecificado,"[""Washer"", ""Wifi"", ""Private patio or balcony"", ""Refrigerator"", ""Self check-in"", ""Hangers"", ""Carbon monoxide alarm"", ""First aid kit"", ""Essentials"", ""Shampoo"", ""Dryer"", ""TV"", ""Kitchen"", ""Smoke alarm"", ""Stove"", ""Fire extinguisher"", ""Exterior security cameras on property"", ""Cooking basics"", ""Lockbox"", ""Microwave""]",9999-01-01,No disponible,f,33644111,1.0,1.0,6.0,6.0,19.41425,-99.16339,2.0,1.5,1.0,1.0,7729.0,10.0,29.0,10.0,1125.0,21,36,62,337,0.0,0.0,4.8,4.9,4.8,4.8,4.8,4.7,1.7
2024-09-25,city scrape,Habitación de lujo en casa de los 40´s,"Private room with double bed in B&B super located.<br />In the heart of the city and all the amenities just a few steps away.<br />A couple of blocks from La Condesa, Polanco and Chapultepec, and Reforma where you can find bars, restaurants, museums and some of the city's main attractions.<br />The subway is just half a block away. <br />There is also eco-bici station at the corner.","Traditional neighborhood located south of Bosque de Chapultepec, has an architectural blend of French-inspired mansions, apartment blocks, and unadorned single story stained glass windows, <br /> it is mainly home to middle-class families and simple restaurants, as well as various stylish cafés and eclectic art galleries near the park.<br />In the following link you will find information about places to visit in the neighborhood. <br />https://www.timeoutmexico.mx/ciudad-de-mexico/que-hacer/10-lugares-imprescindibles-de-la-san-miguel-chapultepec",Jimena,2015-10-19,2015-10-19,"Me gusta viajar y conocer lugares lindos, e intercambiar experiencias con la gente ",within an hour,f,"['email', 'phone']",t,Miguel Hidalgo,Room in bed and breakfast,Hotel room,1 private bath,"[""Iron"", ""Washer"", ""Wifi"", ""Refrigerator"", ""Dishes and silverware"", ""Self check-in"", ""Building staff"", ""Hangers"", ""Coffee maker"", ""Breakfast"", ""Long term stays allowed"", ""First aid kit"", ""Essentials"", ""Shampoo"", ""Hot water"", ""Smoking allowed"", ""Dryer"", ""Luggage dropoff allowed"", ""TV"", ""Patio or balcony"", ""Kitchen"", ""Oven"", ""BBQ grill"", ""Paid parking off premises"", ""Smoke alarm"", ""Stove"", ""Fire extinguisher"", ""Free street parking"", ""Exterior security cameras on property"", ""Dedicated workspace"", ""Cooking basics"", ""Hair dryer"", ""Microwave""]",2019-06-23,No disponible,t,33720782,1.0,0.93,8.0,10.0,19.41337,-99.18208,2.0,1.0,1.0,1.0,1050.0,2.0,1125.0,2.0,1125.0,29,59,89,364,19.0,1.0,4.79,4.63,4.74,4.74,4.53,4.68,0.3
2024-09-26,previous scrape,Habitación estándar-para parejas  Portal San Ángel,"A spacious room with lots of light,  providing the user with practicality, promotes the privacy of the bedroom in relation to the other spaces.","We are located in the south of Mexico City with excellent communication routes and surrounded by shopping centers, restaurants and government offices (INFONAVIT, FOVISSTE and SEGURO POPULAR), our location makes this place a great opportunity for business or leisure travelers, being located behind the metro ravine of the dead and in the Guadalupe Inn colony, one of the most beautiful and quiet areas of the city, just 5 minutes from San Ángel, 15 minutes from Coyoacán, 25 minutes from the Condesa. and 40 minutes from the airport.<br /><br />Our space stands out for not being a traditional hotel where you can feel privacy, freedom and a warm and safe atmosphere.",Adrián,2017-01-10,2017-01-10,"Bienvenido a Suites Portal San Ángel,

Desde que llegas a nuestra casa sentirás que no estás en la ciudad de México, una casa de estilo mexicano llena de color y detalles que te transportaran a otro lugar, contamos con diferentes tipos de habitaciones con capacidad para  2, 4 y hasta 6 personas.

Todas nuestras suites tienen entrada independiente, baño privado, además de contar con áreas comunes con servicio de barra de café gratuito.

Somos la opción perfecta para los viajeros que NO BUSCAN UN HOTEL, y que quieren disfrutar de un hospedaje diferente, cálido y humano.

Suites Portal San Ángel esta ubicada al sur de la ciudad  de México con excelentes vías de comunicación y rodeada de centros comerciales, restaurantes y dependencias gubernamentales (INFONAVIT, FOVISSTE Y INSABI), su ubicación hace de esta casa una gran oportunidad para los viajeros de negocios o placer, al encontrarse ubicada a espaldas del metro barranca del muerto y en la colonia Guadalupe Inn , una de las zonas más bonitas y tranquilas de la ciudad, a tan solo 5 minutos de san ángel, 15 minutos de Coyoacán, 25 minutos de la condesa y 40 minutos del aeropuerto.

Nuestra casa se distingue en no ser un hotel tradicional donde podrás sentir privacidad, un ambiente cálido y seguro-",within a few hours,f,"['email', 'phone']",t,Álvaro Obregón,Room in boutique hotel,Hotel room,1 private bath,"[""Iron"", ""TV"", ""Wifi"", ""Exterior security cameras on property"", ""Breakfast"", ""Self check-in"", ""Essentials"", ""Shampoo"", ""Hangers"", ""Cooking basics"", ""Lockbox"", ""Hair dryer""]",2024-04-26,No disponible,f,34305556,1.0,0.89,14.0,15.0,19.36082,-99.18874,2.0,1.5,1.0,2.0,4216.0,1.0,1125.0,1.0,1125.0,0,24,54,329,1.0,0.0,5.0,5.0,5.0,5.0,5.0,5.0,0.19
2024-09-26,previous scrape,Hermosa habitación al sur de la ciudad de México,Super Located Southern Mexico City Room,The house is located on a closed street with a 24-hour surveillance booth on the corner. There is a delicious taqueria. There are self-service stores very close and grocery stores,Ana Patricia,2017-11-12,2017-11-12,"Alegere, respetuosa, y ordenada ",within an hour,f,"['email', 'phone']",f,Coyoacán,Room in casa particular,Hotel room,1 shared bath,"[""Hair dryer"", ""Wifi"", ""Exterior security cameras on property"", ""Breakfast"", ""First aid kit"", ""Essentials"", ""Shampoo"", ""Hot water"", ""Smoking allowed"", ""Hangers""]",9999-01-01,No disponible,f,34393821,1.0,1.0,1.0,1.0,19.35653,-99.13197,1.0,1.5,1.0,2.0,4216.0,2.0,2.0,2.0,2.0,0,0,0,0,0.0,0.0,4.8,4.9,4.8,4.8,4.8,4.7,1.7
2024-09-26,city scrape,HOTEL CASA EMILIA.   Room No. 1 (Great location),"CASA EMILIA is a luxury BOUTIQUE HOTEL, with 7 rooms with private bathroom and premium amenities for a perfect stay in CDMX. <br /><br />PRIME LOCATION! In a very safe neighborhood, you can walk to various bars, restaurants, museums and places of interest. Very close to the Angel, Chapultepec, Zona Rosa, Condesa and Polanco. <br /><br />FULL BREAKFAST INCLUDED consisting of seasonal fruit, omelette, chilaquiles, salad, dock, waffles, coffee, or tea.<br /><br />Highest QUALITY and COMFORT at the best price.",Información acerca del vecindario no proporcionada,Jorge,2018-03-21,2018-03-21,"Soy una persona alegre, amable y muy respetuoso con todas las personas.  
Me encanta conocer gente nueva y aprender de diferentes culturas. 

",within an hour,f,"['email', 'phone']",t,Cuauhtémoc,Room in bed and breakfast,Hotel room,1 private bath,"[""Iron"", ""Hair dryer"", ""TV"", ""Carbon monoxide alarm"", ""Wifi"", ""Exterior security cameras on property"", ""Fire extinguisher"", ""Breakfast"", ""Keypad"", ""First aid kit"", ""Self check-in"", ""Essentials"", ""Oven"", ""Shampoo"", ""Hot water"", ""Smoke alarm"", ""Hangers"", ""Stove""]",2019-06-01,No disponible,t,34411295,1.0,1.0,9.0,9.0,19.43024,-99.17025,2.0,1.0,1.5,1.0,3995.0,1.0,1125.0,1.0,30.0,5,9,24,274,40.0,0.0,4.9,4.93,5.0,4.95,5.0,4.88,0.62
2024-09-26,previous scrape,Executive Loft Apartment S3 ( Condesa Haus ),"This is a loft furnished apartment in the heart of the Condesa Neighborhood.<br />All you need is to relax, and let us take care of you. The apartment has Wi fi Internet, Flat Cable TV , a full equipped Kitchen w/utensils and small living, and dinning table w/ 4 chairs.<br />King size bed , closet and big bathroom  ( shower with cristal glass walls)",Condesa is the city's most hip and safe colony,Fernando,2010-08-09,2010-08-09,Condesa Haus  offers independent  studios and private rooms.,within an hour,t,"['email', 'phone', 'work_email']",t,Cuauhtémoc,Room in serviced apartment,Hotel room,1 private bath,"[""Iron"", ""Carbon monoxide alarm"", ""Wifi"", ""TV with standard cable"", ""Exterior security cameras on property"", ""Fire extinguisher"", ""Host greets you"", ""Kitchen"", ""Essentials"", ""Shampoo"", ""Hangers"", ""Cooking basics"", ""Smoke alarm"", ""Hair dryer""]",2024-09-11,No disponible,t,34621455,1.0,0.93,12.0,13.0,19.41008,-99.17827,3.0,1.5,1.0,2.0,4216.0,1.0,365.0,2.0,365.0,27,31,57,332,1.0,1.0,5.0,5.0,5.0,5.0,5.0,5.0,1.0
2024-09-26,previous scrape,Brand new and modern loft with great location,"The Deluxe Suite is a modern and brand new loft. Perfect for executives, students, travellers who want to know Mexico city. This space offers a great location. All of the units feature a private bathroom, 2 flat-screen TV and fully-equipped kitchen. The building offers a terrace.","National Cinematheque is 3.9 km from the condo hotel, while Frida Kahlo House Museum is 4.5 km from the property. The nearest airport is Benito Juarez International Airport, 17.7 km from the property.",Tere Erandine,2019-01-29,2019-01-29,Información acerca del anfitrión del no proporcionada,within a few hours,f,"['email', 'phone']",t,Benito Juárez,Room in serviced apartment,Hotel room,1 bath,"[""Dryer"", ""Body soap"", ""Cleaning products"", ""Iron"", ""TV"", ""Wifi"", ""Luggage dropoff allowed"", ""Hangers"", ""Host greets you"", ""Kitchen"", ""Long term stays allowed"", ""Dishes and silverware"", ""Essentials"", ""Shampoo"", ""Hot water"", ""Cooking basics"", ""Hair dryer""]",2023-10-30,No disponible,f,34740045,1.0,1.0,5.0,6.0,19.37002,-99.18933,2.0,1.5,1.0,2.0,4216.0,1.0,600.0,1.0,600.0,0,0,4,279,1.0,0.0,5.0,5.0,5.0,5.0,5.0,5.0,0.09
2024-09-26,city scrape,HOTEL CASA EMILIA.   Room No. 2 (Great location),"CASA EMILIA is a luxury BOUTIQUE HOTEL, with 7 rooms with private bathroom and premium amenities for a perfect stay in CDMX. <br /><br />PRIME LOCATION! In a very safe neighborhood, you can walk to various bars, restaurants, museums and places of interest. Very close to the Angel, Chapultepec, Zona Rosa, Condesa and Polanco. <br /><br />FULL BREAKFAST INCLUDED consisting of seasonal fruit, omelette, chilaquiles, salad, dock, waffles, coffee, or tea.<br /><br />Highest QUALITY and COMFORT at the best price.",Información acerca del vecindario no proporcionada,Jorge,2018-03-21,2018-03-21,"Soy una persona alegre, amable y muy respetuoso con todas las personas.  
Me encanta conocer gente nueva y aprender de diferentes culturas. 

",within an hour,f,"['email', 'phone']",t,Cuauhtémoc,Room in bed and breakfast,Hotel room,1 private bath,"[""Iron"", ""Wifi"", ""Refrigerator"", ""Dishes and silverware"", ""Self check-in"", ""Hangers"", ""Carbon monoxide alarm"", ""Coffee maker"", ""Breakfast"", ""Long term stays allowed"", ""Keypad"", ""First aid kit"", ""Essentials"", ""Shampoo"", ""Hot water"", ""Luggage dropoff allowed"", ""TV"", ""Smoke alarm"", ""Fire extinguisher"", ""Exterior security cameras on property"", ""Cooking basics"", ""Hair dryer"", ""Microwave""]",2019-06-02,No disponible,t,35013170,1.0,1.0,9.0,9.0,19.43013,-99.16986,2.0,1.0,1.5,1.0,4813.0,1.0,1125.0,1.0,30.0,9,15,32,300,20.0,0.0,5.0,5.0,5.0,5.0,5.0,4.95,0.31
2024-09-26,city scrape,HOTEL CASA EMILIA.  Room No. 3 (Great location),"CASA EMILIA is a luxury BOUTIQUE HOTEL, with 7 rooms with private bathroom and premium amenities for a perfect stay in CDMX. <br /><br />PRIME LOCATION! In a very safe neighborhood, you can walk to various bars, restaurants, museums and places of interest. Very close to the Angel, Chapultepec, Zona Rosa, Condesa and Polanco. <br /><br />FULL BREAKFAST INCLUDED consisting of seasonal fruit, omelette, chilaquiles, salad, dock, waffles, coffee, or tea.<br /><br />Highest QUALITY and COMFORT at the best price.",Información acerca del vecindario no proporcionada,Jorge,2018-03-21,2018-03-21,"Soy una persona alegre, amable y muy respetuoso con todas las personas.  
Me encanta conocer gente nueva y aprender de diferentes culturas. 

",within an hour,f,"['email', 'phone']",t,Cuauhtémoc,Room in bed and breakfast,Hotel room,1 private bath,"[""Iron"", ""Wifi"", ""Refrigerator"", ""Self check-in"", ""Hangers"", ""Carbon monoxide alarm"", ""Coffee maker"", ""Breakfast"", ""Keypad"", ""First aid kit"", ""Essentials"", ""Shampoo"", ""Hot water"", ""TV"", ""Oven"", ""Smoke alarm"", ""Fire extinguisher"", ""Exterior security cameras on property"", ""Cooking basics"", ""Hair dryer"", ""Microwave""]",2019-06-02,No disponible,t,35013417,1.0,1.0,9.0,9.0,19.42931,-99.17144,2.0,1.0,1.5,1.0,4813.0,1.0,1125.0,1.0,30.0,8,13,36,290,19.0,0.0,5.0,5.0,4.95,4.84,5.0,5.0,0.29
2024-09-26,city scrape,HOTEL CASA EMILIA.   Room No. 4 (Great location),"CASA EMILIA is a luxury BOUTIQUE HOTEL, with 5 rooms with private bathroom and two that share bathroom between them (Rooms No. 4 and 5).<br /><br />PRIME LOCATION! In a very safe neighborhood, you can walk to various bars, restaurants, museums and places of interest. Very close to the Angel, Chapultepec, Zona Rosa, Condesa and Polanco. <br /><br />FULL BREAKFAST INCLUDED consisting of seasonal fruit, omelette, chilaquiles, salad, molletes, waffles, coffee or tea.<br /><br />High QUALITY and COMFORT at the best price.",Información acerca del vecindario no proporcionada,Jorge,2018-03-21,2018-03-21,"Soy una persona alegre, amable y muy respetuoso con todas las personas.  
Me encanta conocer gente nueva y aprender de diferentes culturas. 

",within an hour,f,"['email', 'phone']",t,Cuauhtémoc,Room in bed and breakfast,Hotel room,1 shared bath,"[""Iron"", ""Hair dryer"", ""TV"", ""Carbon monoxide alarm"", ""Wifi"", ""Exterior security cameras on property"", ""Fire extinguisher"", ""Breakfast"", ""First aid kit"", ""Dishes and silverware"", ""Essentials"", ""Shampoo"", ""Hot water"", ""Smoke alarm"", ""Hangers""]",2019-05-30,No disponible,t,35013542,1.0,1.0,9.0,9.0,19.43157,-99.17092,2.0,1.0,1.5,1.0,5733.0,1.0,1125.0,1.0,30.0,7,14,33,303,40.0,0.0,5.0,5.0,4.93,4.93,4.98,4.98,0.62
2024-09-26,city scrape,HOTEL CASA EMILIA Room No. 6 (Great location),"CASA EMILIA is a luxury BOUTIQUE HOTEL, with 7 rooms with private bathroom and premium amenities for a perfect stay in CDMX. <br /><br />PRIME LOCATION! In a very safe neighborhood, you can walk to various bars, restaurants, museums and places of interest. Very close to the Angel, Chapultepec, Zona Rosa, Condesa and Polanco. <br /><br />FULL BREAKFAST INCLUDED consisting of seasonal fruit, omelette, chilaquiles, salad, dock, waffles, coffee, or tea.<br /><br />Highest QUALITY and COMFORT at the best price.",Información acerca del vecindario no proporcionada,Jorge,2018-03-21,2018-03-21,"Soy una persona alegre, amable y muy respetuoso con todas las personas.  
Me encanta conocer gente nueva y aprender de diferentes culturas. 

",within an hour,f,"['email', 'phone']",t,Cuauhtémoc,Room in bed and breakfast,Hotel room,No expecificado,"[""Iron"", ""Hair dryer"", ""TV"", ""Carbon monoxide alarm"", ""Wifi"", ""Coffee maker"", ""Fire extinguisher"", ""Breakfast"", ""Keypad"", ""First aid kit"", ""Self check-in"", ""Essentials"", ""Shampoo"", ""Hot water"", ""Smoke alarm"", ""Hangers""]",2019-06-28,No disponible,t,35013767,1.0,1.0,9.0,9.0,19.43136,-99.17074,2.0,1.5,1.0,1.0,4813.0,1.0,1125.0,1.0,30.0,9,14,28,254,2.0,0.0,5.0,5.0,5.0,5.0,5.0,4.5,0.03
2024-09-26,city scrape,HOTEL CASA EMILIA Room No. 7 (Great location),"CASA EMILIA is a luxury BOUTIQUE HOTEL, with 7 rooms with private bathroom and premium amenities for a perfect stay in CDMX. <br /><br />PRIME LOCATION! In a very safe neighborhood, you can walk to various bars, restaurants, museums and places of interest. Very close to the Angel, Chapultepec, Zona Rosa, Condesa and Polanco. <br /><br />FULL BREAKFAST INCLUDED consisting of seasonal fruit, omelette, chilaquiles, salad, dock, waffles, coffee, or tea.<br /><br />Highest QUALITY and COMFORT at the best price.",Información acerca del vecindario no proporcionada,Jorge,2018-03-21,2018-03-21,"Soy una persona alegre, amable y muy respetuoso con todas las personas.  
Me encanta conocer gente nueva y aprender de diferentes culturas. 

",within an hour,f,"['email', 'phone']",t,Cuauhtémoc,Room in bed and breakfast,Hotel room,1 private bath,"[""Iron"", ""Wifi"", ""Refrigerator"", ""Self check-in"", ""Hangers"", ""Carbon monoxide alarm"", ""Coffee maker"", ""Breakfast"", ""Keypad"", ""First aid kit"", ""Essentials"", ""Shampoo"", ""Hot water"", ""TV"", ""Oven"", ""Smoke alarm"", ""Stove"", ""Fire extinguisher"", ""Exterior security cameras on property"", ""Dedicated workspace"", ""Hair dryer"", ""Microwave""]",2019-05-30,No disponible,t,35013861,1.0,1.0,9.0,9.0,19.4301,-99.17124,2.0,1.0,1.5,1.0,3695.0,1.0,1125.0,1.0,30.0,7,11,30,286,30.0,0.0,4.9,4.97,4.9,4.97,5.0,4.93,0.46
2024-09-25,city scrape,MUMEDI Design Hotel - Design Suite 4,Room in the Design Hotel of the Mexican Design Museum,Información acerca del vecindario no proporcionada,Diana,2014-12-27,2014-12-27,"I have been living in downtown area for years, so I can give you the best local tips. Enjoy CDMX",within an hour,f,"['email', 'phone', 'work_email']",t,Cuauhtémoc,Room in boutique hotel,Hotel room,1 private bath,"[""Iron"", ""Carbon monoxide alarm"", ""TV"", ""Wifi"", ""Heating"", ""Exterior security cameras on property"", ""Fire extinguisher"", ""Breakfast"", ""Air conditioning"", ""Self check-in"", ""Essentials"", ""Shampoo"", ""Hangers"", ""Hair dryer"", ""Building staff""]",9999-01-01,No disponible,t,35941537,1.0,1.0,7.0,7.0,19.43333,-99.13457,2.0,1.0,1.5,1.0,5167.0,1.0,370.0,1.0,370.0,0,0,0,0,0.0,0.0,4.8,4.9,4.8,4.8,4.8,4.7,1.7
2024-09-25,city scrape,MUMEDI Design Hotel  - Design Suite 3,Descripción no proporcionada,Información acerca del vecindario no proporcionada,Diana,2014-12-27,2014-12-27,"I have been living in downtown area for years, so I can give you the best local tips. Enjoy CDMX",within an hour,f,"['email', 'phone', 'work_email']",t,Cuauhtémoc,Room in boutique hotel,Hotel room,1 private bath,"[""Iron"", ""TV"", ""Wifi"", ""Heating"", ""Fire extinguisher"", ""Breakfast"", ""Air conditioning"", ""Self check-in"", ""Essentials"", ""Shampoo"", ""Hangers"", ""Hair dryer"", ""Building staff""]",2022-07-05,No disponible,t,35941860,1.0,1.0,7.0,7.0,19.43333,-99.13457,2.0,1.0,1.5,1.0,6132.0,1.0,370.0,1.0,370.0,25,26,26,26,1.0,0.0,5.0,5.0,5.0,5.0,5.0,5.0,0.04
2024-09-25,city scrape,MUMEDI Design Hotel - Design Suite 2,Private Designer Room at Mexican Design Museum,Información acerca del vecindario no proporcionada,Diana,2014-12-27,2014-12-27,"I have been living in downtown area for years, so I can give you the best local tips. Enjoy CDMX",within an hour,f,"['email', 'phone', 'work_email']",t,Cuauhtémoc,Room in boutique hotel,Hotel room,1 private bath,"[""Iron"", ""TV"", ""Wifi"", ""Heating"", ""Exterior security cameras on property"", ""Fire extinguisher"", ""Breakfast"", ""Air conditioning"", ""Self check-in"", ""Essentials"", ""Shampoo"", ""Hangers"", ""Hair dryer"", ""Building staff""]",2022-11-02,No disponible,t,35967394,1.0,1.0,7.0,7.0,19.43333,-99.13457,2.0,1.0,1.0,1.0,6132.0,1.0,370.0,1.0,370.0,16,23,23,23,1.0,0.0,5.0,5.0,5.0,5.0,5.0,5.0,0.04
2024-09-25,city scrape,MUMEDI Design Hotel  - Design Suite 6,Private Designer Room at Mexican Design Museum,Información acerca del vecindario no proporcionada,Diana,2014-12-27,2014-12-27,"I have been living in downtown area for years, so I can give you the best local tips. Enjoy CDMX",within an hour,f,"['email', 'phone', 'work_email']",t,Cuauhtémoc,Room in boutique hotel,Hotel room,1 private bath,"[""Iron"", ""TV"", ""Wifi"", ""Heating"", ""Exterior security cameras on property"", ""Fire extinguisher"", ""Breakfast"", ""Air conditioning"", ""Self check-in"", ""Essentials"", ""Shampoo"", ""Hangers"", ""Hair dryer"", ""Building staff""]",2019-11-18,No disponible,t,36023273,1.0,1.0,7.0,7.0,19.43333,-99.13457,2.0,1.0,1.5,1.0,5167.0,1.0,370.0,1.0,370.0,26,34,34,34,1.0,0.0,5.0,5.0,5.0,5.0,5.0,5.0,0.02
2024-09-26,previous scrape,MUMEDI Design Hotel  - Design Suite 5,Private Designer Room at Mexican Design Museum,Información acerca del vecindario no proporcionada,Diana,2014-12-27,2014-12-27,"I have been living in downtown area for years, so I can give you the best local tips. Enjoy CDMX",within an hour,f,"['email', 'phone', 'work_email']",t,Cuauhtémoc,Room in boutique hotel,Hotel room,1 private bath,"[""Iron"", ""Carbon monoxide alarm"", ""Wifi"", ""Heating"", ""Exterior security cameras on property"", ""Fire extinguisher"", ""Breakfast"", ""Air conditioning"", ""Self check-in"", ""Essentials"", ""Shampoo"", ""Hangers"", ""TV with Netflix"", ""Hair dryer"", ""Building staff""]",2022-05-22,No disponible,t,36023768,1.0,1.0,7.0,7.0,19.43333,-99.13457,2.0,1.5,1.5,2.0,4216.0,1.0,370.0,1.0,370.0,26,33,33,33,1.0,0.0,5.0,5.0,5.0,5.0,5.0,5.0,0.03
2024-09-26,previous scrape,Queen size Room with Balcony,"This is private King  size, private bathroom room inside our Distrito Condesa Rooms and Suites Property. We are only two blocks from all the restaurant ,cafes and bar area of Condesa. Also just two blocks from beautiful Parque Mexico!<br />Continental breakfast is offered in the morning and there is always cafe and tea available all day. <br />We also have a nice Co-working space in case you need to work from here!!!<br />You can be assisted 24hrs via help line message.",Condesa Neighborhood is a very nice ready and hip place to be at.,Distrito Condesa,2012-03-08,2012-03-08,"Distrito Condesa is located on the heart of Condesa,  all our rooms are private and private bathroom, as well as independent loft studios . We offer reception service to help you make your stay more comfortable so yo can enjoy the beauty of Mexico City ! We also offer housing in different ares of the city including Naucalpan Edo de Mexico.
",within an hour,f,"['email', 'phone']",t,Cuauhtémoc,Room in bed and breakfast,Hotel room,1 private bath,"[""Iron"", ""Cleaning products"", ""Safe"", ""TV"", ""Carbon monoxide alarm"", ""Wifi"", ""Exterior security cameras on property"", ""First aid kit"", ""Essentials"", ""Shampoo"", ""Hangers"", ""Smoke alarm"", ""Hair dryer""]",9999-01-01,No disponible,t,35605936,1.0,0.5,10.0,12.0,19.40751,-99.17531,2.0,1.5,1.0,2.0,4216.0,1.0,365.0,1.0,365.0,12,34,58,328,0.0,0.0,4.8,4.9,4.8,4.8,4.8,4.7,1.7
2024-09-26,previous scrape,Cozy King size bed room !,"This is private King  size, private bathroom room inside our Distrito Condesa Rooms and Suites Property. We are only two blocks from all the restaurant ,cafes and bar area of Condesa. Also just two blocks from beautiful Parque Mexico!<br />Continental breakfast is offered in the morning and there is always cafe and tea available all day. <br />We also have a nice Co-working space in case you need to work from here!!!<br />You can be assisted 24hrs via help line message.",Condesa Neighborhood is a very nice ready and hip place to be at.,Distrito Condesa,2012-03-08,2012-03-08,"Distrito Condesa is located on the heart of Condesa,  all our rooms are private and private bathroom, as well as independent loft studios . We offer reception service to help you make your stay more comfortable so yo can enjoy the beauty of Mexico City ! We also offer housing in different ares of the city including Naucalpan Edo de Mexico.
",within an hour,f,"['email', 'phone']",t,Cuauhtémoc,Room in bed and breakfast,Hotel room,1 private bath,"[""Iron"", ""Carbon monoxide alarm"", ""TV"", ""Wifi"", ""Exterior security cameras on property"", ""Breakfast"", ""First aid kit"", ""Essentials"", ""Shampoo"", ""Hangers"", ""Smoke alarm"", ""Hair dryer""]",9999-01-01,No disponible,t,35606585,1.0,0.5,10.0,12.0,19.40754,-99.17561,3.0,1.5,1.0,2.0,4216.0,1.0,365.0,1.0,365.0,26,49,79,354,0.0,0.0,4.8,4.9,4.8,4.8,4.8,4.7,1.7
2024-09-25,city scrape,LA CASA DE TONA. 1er Dormitorio c/ cama individual,"Bedroom with single bed inside casa particular. The bathroom and food area with microwave, stove and minibar are shared with other rooms. There are other guests in other rooms<br />Very quiet and cozy. The owners of the house who live on the ground floor are personally catered to you. <br /> It is located in downtown Mexico City with restaurants around, a few blocks from Plaza Delta and the 21st century Medical Center.","The entrance is a common area that gives access to seven houses, the neighbors do not interfere with the entrance and exit of this common area",María Antonieta,2018-02-28,2018-02-28,"Ama de casa, vivo con mi esposo en la misma casa que rento habitaciones y por lo mismo estoy al pendiente de lo que pueda ofrecerse a mis huéspedes",within an hour,t,"['email', 'phone']",t,Cuauhtémoc,Room in casa particular,Hotel room,1 shared bath,"[""Iron"", ""Hot water"", ""Carbon monoxide alarm"", ""Wifi"", ""Luggage dropoff allowed"", ""Smoking allowed"", ""Kitchen"", ""Long term stays allowed"", ""Refrigerator"", ""Dishes and silverware"", ""Stove"", ""Essentials"", ""Oven"", ""Exterior security cameras on property"", ""Paid parking off premises"", ""Cooking basics"", ""Hangers"", ""Microwave""]",2019-06-24,No disponible,t,35617592,1.0,0.99,6.0,6.0,19.40461540222168,-99.15961456298828,1.0,1.0,1.0,1.0,375.0,1.0,1125.0,1.0,1125.0,30,60,90,365,86.0,4.0,4.78,4.86,4.67,4.9,4.88,4.77,1.34
2024-09-26,previous scrape,KING size bed Room Patio View,"This is private King  size, private bathroom room inside our Distrito Condesa Rooms and Suites Property. We are only two blocks from all the restaurant ,cafes and bar area of Condesa. Also just two blocks from beautiful Parque Mexico!<br />Continental breakfast is offered in the morning and there is always cafe and tea available all day. <br />We also have a nice Co-working space in case you need to work from here!!!<br />You can be assisted 24hrs via help line message.",Condesa Neighborhood is a very nice ready and hip place to be at.,Distrito Condesa,2012-03-08,2012-03-08,"Distrito Condesa is located on the heart of Condesa,  all our rooms are private and private bathroom, as well as independent loft studios . We offer reception service to help you make your stay more comfortable so yo can enjoy the beauty of Mexico City ! We also offer housing in different ares of the city including Naucalpan Edo de Mexico.
",within an hour,f,"['email', 'phone']",t,Cuauhtémoc,Room in bed and breakfast,Hotel room,1 bath,"[""Iron"", ""Carbon monoxide alarm"", ""TV"", ""Wifi"", ""Exterior security cameras on property"", ""Breakfast"", ""First aid kit"", ""Essentials"", ""Shampoo"", ""Hangers"", ""Smoke alarm"", ""Hair dryer""]",2019-07-19,No disponible,t,35677895,1.0,0.5,10.0,12.0,19.40899,-99.17353,3.0,1.5,1.0,2.0,4216.0,1.0,365.0,1.0,365.0,26,54,84,359,2.0,0.0,5.0,5.0,5.0,5.0,5.0,5.0,0.03
2024-09-26,city scrape,"Queen size bed Room , Patio View C5","This is private King  size, private bathroom room inside our Distrito Condesa Rooms and Suites Property. We are only two blocks from all the restaurant ,cafes and bar area of Condesa. Also just two blocks from beautiful Parque Mexico!<br />Continental breakfast is offered in the morning and there is always cafe and tea available all day. <br />We also have a nice Co-working space in case you need to work from here!!!<br />You can be assisted 24hrs via help line message.",Condesa Neighborhood is a very nice ready and hip place to be at.,Distrito Condesa,2012-03-08,2012-03-08,"Distrito Condesa is located on the heart of Condesa,  all our rooms are private and private bathroom, as well as independent loft studios . We offer reception service to help you make your stay more comfortable so yo can enjoy the beauty of Mexico City ! We also offer housing in different ares of the city including Naucalpan Edo de Mexico.
",within an hour,f,"['email', 'phone']",t,Cuauhtémoc,Room in bed and breakfast,Hotel room,1 shared bath,"[""Iron"", ""Carbon monoxide alarm"", ""TV"", ""Wifi"", ""Exterior security cameras on property"", ""Breakfast"", ""First aid kit"", ""Essentials"", ""Shampoo"", ""Hangers"", ""Smoke alarm"", ""Hair dryer""]",2019-11-26,No disponible,t,35709914,1.0,0.5,10.0,12.0,19.40854,-99.17435,2.0,1.0,1.0,1.0,936.0,1.0,365.0,1.0,365.0,19,42,72,347,1.0,0.0,4.0,5.0,5.0,5.0,5.0,5.0,0.02
2024-09-26,previous scrape,Minimalist / Modern / New Flat,"Completely new building with modern amenities.<br />Enjoy a fully equipped flat, with an amazing view of the city.<br />With cozy details, new furniture and fun gadgets, we guarantee you will have a very comfortable and pleasant stay.",Very secure building.<br />Private security 24/7,Joel,2016-06-25,2016-06-25,Información acerca del anfitrión del no proporcionada,within an hour,f,"['email', 'phone']",t,Álvaro Obregón,Room in serviced apartment,Hotel room,No expecificado,"[""Pool"", ""Iron"", ""Washer"", ""Elevator"", ""Wifi"", ""Hangers"", ""Free parking on premises"", ""Essentials"", ""Shampoo"", ""Hot water"", ""Dryer"", ""TV"", ""Hot tub"", ""Kitchen"", ""Smoke alarm"", ""Fire extinguisher"", ""Gym"", ""Exterior security cameras on property"", ""Hair dryer""]",2019-07-21,No disponible,f,35715294,1.0,1.0,1.0,1.0,19.38231,-99.19927,4.0,1.5,1.0,2.0,4216.0,2.0,1125.0,2.0,1125.0,0,0,0,83,1.0,0.0,5.0,5.0,5.0,5.0,5.0,5.0,0.02
2024-09-26,city scrape,"¡Cómoda suite, excelente ubicación en la Condesa!",Beautiful private room located in the multicultural and colorful area of Rome.<br />Enjoy a delicious American breakfast in the mornings in the comfort of your room.,"Start your day with a walk through the beautiful Parque México or take a stroll along the traditional and wooded Avenida Amsterdam which is ideal for running in the mornings as well as Parque México and Parque España which are very close to the hotel. Around it there are different food options such as ""forbidden fruits"" (Michoacán street on the corner of Amsterdam) one of my favorites for being a mini restaurant with natural food, delicious waters and its famous ""Belle"" (wraps of different combinations). If your thing is the coffee nearby you can find a Starbucks branch (Avenida Sonora corner Amsterdam) or if you prefer something different I recommend the ""Rococo Café"" coffee shop (Juan de la Barrera #4) its decoration is peculiar and its cafes so varied that you will not know what to choose.<br />Four blocks away you will find the beautiful fountain of the Cibeles where you can take the turibus and take a walk around the city.<br />And if you enjoy the night more, walking there are pl",Selene,2019-07-02,2019-07-02,Información acerca del anfitrión del no proporcionada,within an hour,f,"['email', 'phone', 'work_email']",t,Cuauhtémoc,Room in boutique hotel,Hotel room,1 private bath,"[""Free parking on premises"", ""Iron"", ""TV"", ""Wifi"", ""Elevator"", ""Heating"", ""Breakfast"", ""Air conditioning"", ""Essentials"", ""Shampoo"", ""Hangers"", ""Hair dryer""]",9999-01-01,No disponible,f,36314967,1.0,1.0,1.0,2.0,19.41504,-99.16568,2.0,1.0,1.0,1.0,1745.0,1.0,10.0,1.0,10.0,30,60,89,89,0.0,0.0,4.8,4.9,4.8,4.8,4.8,4.7,1.7
2024-09-26,previous scrape,Mansión francesa del siglo XIX/suite Colette,"The Papilio Mansion is an old French house built over 100 years ago in the historic heart of downtown Coyoacán. As a historic home, it's been complicit in filming and series, art galleries, and romantic events. Walking a few minutes away is full of restaurants and bars with a very pleasant nightlife for everyone, as is the famous museum of artist Frida Kahlo.","The mansion is two blocks from the magical neighborhood of Coyoacán, a 3-minute walk. The surroundings are full of shops, crafts, restaurants, bars etc. During your stay we can advise you where to eat, tours, bars, nightclubs etc.",Enrique,2014-11-21,2014-11-21,Director y diseñador de experiencias románticas en Volopapilio. ,within a few hours,f,"['email', 'phone', 'work_email']",t,Coyoacán,Room in bed and breakfast,Hotel room,1 private bath,"[""Shared patio or balcony"", ""Iron"", ""Outdoor furniture"", ""Wifi"", ""Paid washer \u2013 In building"", ""Heating"", ""Bathtub"", ""Self check-in"", ""Hangers"", ""Coffee maker"", ""Backyard"", ""Breakfast"", ""Private hot tub"", ""First aid kit"", ""Essentials"", ""Shampoo"", ""Hot water"", ""Shower gel"", ""Luggage dropoff allowed"", ""TV"", ""Paid parking lot on premises \u2013 1 space"", ""Conditioner"", ""Private pool"", ""Indoor fireplace"", ""Fire extinguisher"", ""Air conditioning"", ""Paid dryer \u2013 In building"", ""Free street parking"", ""Smoking allowed"", ""Hair dryer"", ""Building staff""]",2019-09-22,No disponible,t,37326050,1.0,1.0,6.0,6.0,19.3459,-99.16171,2.0,1.5,1.0,2.0,4216.0,1.0,365.0,1.0,365.0,19,37,62,331,43.0,0.0,4.74,4.65,4.4,4.84,4.95,4.63,0.7
2024-09-26,previous scrape,habitacion witsilin Casa Culhuac,"A boutique hotel room with two double beds with a private bathroom and flat screen with shooting and local channels. Closet , dryer , iron is very close to the Santa Fe area and Expo Santa Fe, shopping centers and universities. Only common areas such as gym, kitchen, lobby, gardens, dining room, parking are shared","in one of the most exclusive areas of mexico city, very close to tarango park and mexican shopping malls, universities and expo santa fe",Jaime,2015-11-14,2015-11-14,Empresario comerciante que adora viajar y conoser,within an hour,f,"['email', 'phone']",t,Álvaro Obregón,Room in boutique hotel,Hotel room,1 shared bath,"[""Iron"", ""Washer"", ""Outdoor furniture"", ""Wifi"", ""Fire pit"", ""Heating"", ""Cleaning available during stay"", ""Self check-in"", ""Pets allowed"", ""Outdoor kitchen"", ""Hangers"", ""Free parking on premises"", ""Breakfast"", ""Long term stays allowed"", ""First aid kit"", ""Essentials"", ""Shampoo"", ""Smoking allowed"", ""Dryer"", ""Luggage dropoff allowed"", ""TV"", ""Kitchen"", ""BBQ grill"", ""Outdoor dining area"", ""Gym"", ""Exterior security cameras on property"", ""Dedicated workspace"", ""Cooking basics"", ""Lockbox"", ""Hair dryer""]",2019-08-14,No disponible,f,37687424,1.0,1.0,2.0,6.0,19.34628,-99.25333,4.0,1.5,1.0,2.0,4216.0,1.0,365.0,1.0,365.0,30,60,90,365,4.0,0.0,4.0,4.0,5.0,4.25,5.0,3.75,0.06
2024-09-26,previous scrape,habitacion sac-nicte Casa Culhuac,"Very spacious room with four double beds screen with streming and local channels, jacuzzi , hair dryer, iron with lots of light , in one of the most exclusive areas of the city , very close to life, expo santa fe , shopping center, and with access to the urban highway that makes it easy to get around the city<br /><br />Hotel room with 4 queen beds , flat TV with striming chanels and local chanels too , badroom with jacuzi , head dryer , . Is located in one of the most exclusiv","is located in one of the most exclusive areas of the city with an accessibility to fast roads and areas of interest, universities expo santa fe and shopping malls",Jaime,2015-11-14,2015-11-14,Empresario comerciante que adora viajar y conoser,within an hour,f,"['email', 'phone']",t,Álvaro Obregón,Room in boutique hotel,Hotel room,1 private bath,"[""Iron"", ""Washer"", ""Wifi"", ""Heating"", ""Dishes and silverware"", ""Self check-in"", ""Pets allowed"", ""Hangers"", ""Free parking on premises"", ""Coffee maker"", ""Breakfast"", ""Private hot tub"", ""Essentials"", ""Shampoo"", ""Hot water"", ""Smoking allowed"", ""Dryer"", ""Kitchen"", ""Hair dryer"", ""Air conditioning"", ""Gym"", ""Free street parking"", ""Exterior security cameras on property"", ""Dedicated workspace"", ""Cooking basics"", ""Lockbox"", ""101 inch HDTV with Amazon Prime Video, Chromecast, Disney+, HBO Max, Netflix, Roku""]",2019-11-19,No disponible,f,37689391,1.0,1.0,2.0,6.0,19.3474,-99.25319,8.0,1.5,1.0,2.0,4216.0,1.0,365.0,1.0,365.0,30,60,90,365,1.0,0.0,5.0,5.0,5.0,5.0,5.0,5.0,0.02
2024-09-25,city scrape,Lovely Suite with Private Terrace in Coyoacan,"Soak up the contemporary Mexican vintage charm of this fully remodeled 1928 house transformed into a beautiful boutique hotel. The suite features a private nice terrace, high-end furnishings and decor.","Our property is close to the main square in the neighborhood of Coyoacán. It has the feel of a typical town within Mexico City. Nearby are restaurants, coffee shops, music, nightlife, and museums—including one dedicated to Frida Kahlo.",Cristián,2016-04-26,2016-04-26,Información acerca del anfitrión del no proporcionada,within an hour,t,"['email', 'phone']",t,Coyoacán,Room in boutique hotel,Hotel room,1 private bath,"[""Iron"", ""Wifi"", ""Heating"", ""Window AC unit"", ""Dishes and silverware"", ""Hangers"", ""Mini fridge"", ""Free parking on premises"", ""Body soap"", ""Carbon monoxide alarm"", ""Coffee maker"", ""Long term stays allowed"", ""First aid kit"", ""Essentials"", ""Shampoo"", ""Hot water"", ""Shower gel"", ""Luggage dropoff allowed"", ""TV with standard cable"", ""Patio or balcony"", ""Bed linens"", ""Conditioner"", ""Smoke alarm"", ""Extra pillows and blankets"", ""Fire extinguisher"", ""Room-darkening shades"", ""Pack \u2019n play/Travel crib"", ""Microwave"", ""Hair dryer""]",2019-09-30,No disponible,t,37691088,1.0,1.0,9.0,9.0,19.34921,-99.16183,2.0,1.0,1.0,1.0,2600.0,1.0,365.0,1.0,365.0,9,18,25,265,25.0,0.0,5.0,5.0,5.0,5.0,5.0,5.0,0.41
2024-09-25,city scrape,LA CASA DE TONA. 3er Dormitorio c/cama individual,"Bedroom with single bed inside casa particular. The bathroom and food area with microwave, stove and minibar are shared with other rooms. There are other guests in other rooms<br />Very quiet and cozy. The owners of the house who live on the ground floor are personally catered to you. <br /> It is located in downtown Mexico City with restaurants around, a few blocks from Plaza Delta and the 21st century Medical Center.","The entrance is a common area that gives access to seven houses, the neighbors do not interfere with the entrance and exit of this common area",María Antonieta,2018-02-28,2018-02-28,"Ama de casa, vivo con mi esposo en la misma casa que rento habitaciones y por lo mismo estoy al pendiente de lo que pueda ofrecerse a mis huéspedes",within an hour,t,"['email', 'phone']",t,Cuauhtémoc,Room in casa particular,Hotel room,1 shared bath,"[""Iron"", ""Wifi"", ""Refrigerator"", ""Dishes and silverware"", ""Hangers"", ""Carbon monoxide alarm"", ""Coffee maker"", ""Long term stays allowed"", ""Essentials"", ""Hot water"", ""Luggage dropoff allowed"", ""Kitchen"", ""Oven"", ""Stove"", ""Cooking basics"", ""Exterior security cameras on property"", ""Smoking allowed"", ""Paid parking off premises"", ""Microwave""]",2019-08-25,No disponible,t,37721233,1.0,0.99,6.0,6.0,19.40409469604492,-99.16024780273438,1.0,1.0,1.0,1.0,375.0,1.0,1125.0,1.0,1125.0,30,60,90,365,98.0,2.0,4.68,4.73,4.62,4.82,4.74,4.63,1.58
2024-09-26,city scrape,10 camas chicas terr · Cama en Dormitorio,"If you are looking for an ideal accommodation for summer trips to CDMX, you are coming to one of the CDMX festivals or you are probably planning your New Year's trip, then this Christmas Airbnb in CDMX is ideal and fits for all the possible travel options you have, we will be happy to be able to accompany you in whatever your reason for travel is this last half of 2023.<br />You will not have to worry about anything, just enjoy yourself to the fullest, we take care of everything else.",Información acerca del vecindario no proporcionada,Casa Mx,2019-02-20,2019-02-20,"Soy un hombre joven, moderno, con experiencia en el lugar en el que vivo y aventurero, pero sobre todo soy un apasionado del servicio, estoy orgulloso de mi entorno por su cultura, folklor y la vida diaria, me gusta inspirar a otros a conectar con él y aprovechar todo lo que éste ofrece.",within an hour,f,"['email', 'phone']",t,Cuauhtémoc,Room in hostel,Hotel room,1 shared bath,"[""Shared patio or balcony"", ""Wifi"", ""Paid washer \u2013 In building"", ""Cleaning available during stay"", ""Refrigerator"", ""Dishes and silverware"", ""Self check-in"", ""Blender"", ""Carbon monoxide alarm"", ""Coffee maker"", ""Hammock"", ""Long term stays allowed"", ""First aid kit"", ""Essentials"", ""Luggage dropoff allowed"", ""Ping pong table"", ""Shared outdoor kitchen"", ""Bed linens"", ""Outdoor dining area"", ""Smoke alarm"", ""Stove"", ""Fire extinguisher"", ""Room-darkening shades"", ""Paid dryer \u2013 In building"", ""Gym"", ""Microwave"", ""Dedicated workspace"", ""Cooking basics"", ""Building staff""]",2024-01-14,No disponible,t,47845863,0.94,0.99,16.0,16.0,19.4393,-99.14381,1.0,1.0,1.0,1.0,197.0,1.0,365.0,1.0,1125.0,24,50,77,245,6.0,0.0,4.33,4.67,4.0,4.67,4.67,4.83,0.7
2024-09-26,city scrape,Zócalo Adventures! 2 Terrace King Units - Shuttle,"The hotel is situated in a lively metropolis in Mexico City where a variety of iconic attractions beckon. The verdant Parque México is a stone's throw away, while the Casa Lamm Cultural Center, regularly showcases exhibitions. Plaza Popocatepetl offers a mix of local shops and eateries, the area is a blend of cultural, historical, and modern attractions.",- Parque México - 0.3 miles; <br />- El Pendulo (bookstore & café) - 0.4 miles; <br />- Casa Lamm Cultural Center - 0.5 miles; <br />- Plaza Popocatepetl - 0.6 miles; <br />- Monumento a los Niños Héroes - 1.8 miles; <br />- Palacio de Bellas Artes - 2.9 miles; <br />- Zócalo (Main Square) - 3.1 miles; <br />- Chapultepec Castle - 3.2 miles; <br />- Museo Nacional de Antropología - 3.3 miles; <br />- Benito Juárez International Airport - 6.8 miles.,Mondrian Mexico City,2023-11-20,2023-11-20,Información acerca del anfitrión del no proporcionada,within a few hours,f,['phone'],f,Cuauhtémoc,Room in hotel,Hotel room,2 baths,"[""Iron"", ""Wifi"", ""Heating"", ""Paid parking on premises"", ""Self check-in"", ""Pets allowed"", ""Hangers"", ""Carbon monoxide alarm"", ""Breakfast"", ""First aid kit"", ""Essentials"", ""Shampoo"", ""Hot water"", ""Luggage dropoff allowed"", ""TV"", ""Bed linens"", ""Smoke alarm"", ""Extra pillows and blankets"", ""Fire extinguisher"", ""Air conditioning"", ""Gym"", ""Dedicated workspace"", ""Hair dryer"", ""Building staff""]",9999-01-01,No disponible,t,1118176724690604169,1.0,1.0,22.0,31.0,19.40738,-99.16922,4.0,2.0,2.0,2.0,5333.0,1.0,1125.0,1.0,990.8,30,60,90,364,0.0,0.0,4.8,4.9,4.8,4.8,4.8,4.7,1.7
2024-09-26,city scrape,2 Luxury Units | Designer Rooms with City Vistas,"The hotel is situated in a lively metropolis in Mexico City where a variety of iconic attractions beckon. The verdant Parque México is a stone's throw away, while the Casa Lamm Cultural Center, regularly showcases exhibitions. Plaza Popocatepetl offers a mix of local shops and eateries, the area is a blend of cultural, historical, and modern attractions.",- Parque México - 0.3 miles; <br />- El Pendulo (bookstore & café) - 0.4 miles; <br />- Casa Lamm Cultural Center - 0.5 miles; <br />- Plaza Popocatepetl - 0.6 miles; <br />- Monumento a los Niños Héroes - 1.8 miles; <br />- Palacio de Bellas Artes - 2.9 miles; <br />- Zócalo (Main Square) - 3.1 miles; <br />- Chapultepec Castle - 3.2 miles; <br />- Museo Nacional de Antropología - 3.3 miles; <br />- Benito Juárez International Airport - 6.8 miles.,Mondrian Mexico City,2023-11-20,2023-11-20,Información acerca del anfitrión del no proporcionada,within a few hours,f,['phone'],f,Cuauhtémoc,Room in hotel,Hotel room,2 baths,"[""Iron"", ""Wifi"", ""Heating"", ""Paid parking on premises"", ""Self check-in"", ""Pets allowed"", ""Hangers"", ""Carbon monoxide alarm"", ""Breakfast"", ""First aid kit"", ""Essentials"", ""Shampoo"", ""Hot water"", ""Luggage dropoff allowed"", ""TV"", ""Bed linens"", ""Smoke alarm"", ""Extra pillows and blankets"", ""Fire extinguisher"", ""Air conditioning"", ""Gym"", ""Dedicated workspace"", ""Hair dryer"", ""Building staff""]",9999-01-01,No disponible,t,1118176774826797541,1.0,1.0,22.0,31.0,19.406735176600424,-99.16755157276776,4.0,2.0,2.0,2.0,5333.0,1.0,1125.0,1.0,990.8,30,60,90,364,0.0,0.0,4.8,4.9,4.8,4.8,4.8,4.7,1.7
2024-09-26,city scrape,3 Skyline Terrace Kings - Stroll Parque México!,"The hotel is situated in a lively metropolis in Mexico City where a variety of iconic attractions beckon. The verdant Parque México is a stone's throw away, while the Casa Lamm Cultural Center, regularly showcases exhibitions. Plaza Popocatepetl offers a mix of local shops and eateries, the area is a blend of cultural, historical, and modern attractions.",- Parque México - 0.3 miles; <br />- El Pendulo (bookstore & café) - 0.4 miles; <br />- Casa Lamm Cultural Center - 0.5 miles; <br />- Plaza Popocatepetl - 0.6 miles; <br />- Monumento a los Niños Héroes - 1.8 miles; <br />- Palacio de Bellas Artes - 2.9 miles; <br />- Zócalo (Main Square) - 3.1 miles; <br />- Chapultepec Castle - 3.2 miles; <br />- Museo Nacional de Antropología - 3.3 miles; <br />- Benito Juárez International Airport - 6.8 miles.,Mondrian Mexico City,2023-11-20,2023-11-20,Información acerca del anfitrión del no proporcionada,within a few hours,f,['phone'],f,Cuauhtémoc,Room in hotel,Hotel room,3 baths,"[""Iron"", ""Wifi"", ""Heating"", ""Paid parking on premises"", ""Self check-in"", ""Pets allowed"", ""Hangers"", ""Carbon monoxide alarm"", ""Breakfast"", ""First aid kit"", ""Essentials"", ""Shampoo"", ""Hot water"", ""Luggage dropoff allowed"", ""TV"", ""Bed linens"", ""Smoke alarm"", ""Extra pillows and blankets"", ""Fire extinguisher"", ""Air conditioning"", ""Gym"", ""Dedicated workspace"", ""Hair dryer"", ""Building staff""]",9999-01-01,No disponible,t,1118182953815153769,1.0,1.0,22.0,31.0,19.40672,-99.16992,6.0,3.0,3.0,3.0,5333.0,1.0,1125.0,1.0,990.8,30,60,90,364,0.0,0.0,4.8,4.9,4.8,4.8,4.8,4.7,1.7
2024-09-26,city scrape,"Pets Welcome, Spa - Near El Pendulo Bookstore!","The hotel is situated in a lively metropolis in Mexico City where a variety of iconic attractions beckon. The verdant Parque México is a stone's throw away, while the Casa Lamm Cultural Center, regularly showcases exhibitions. Plaza Popocatepetl offers a mix of local shops and eateries, the area is a blend of cultural, historical, and modern attractions.",- Parque México - 0.3 miles; <br />- El Pendulo (bookstore & café) - 0.4 miles; <br />- Casa Lamm Cultural Center - 0.5 miles; <br />- Plaza Popocatepetl - 0.6 miles; <br />- Monumento a los Niños Héroes - 1.8 miles; <br />- Palacio de Bellas Artes - 2.9 miles; <br />- Zócalo (Main Square) - 3.1 miles; <br />- Chapultepec Castle - 3.2 miles; <br />- Museo Nacional de Antropología - 3.3 miles; <br />- Benito Juárez International Airport - 6.8 miles.,Mondrian Mexico City,2023-11-20,2023-11-20,Información acerca del anfitrión del no proporcionada,within a few hours,f,['phone'],f,Cuauhtémoc,Room in hotel,Hotel room,1 bath,"[""Iron"", ""Wifi"", ""Heating"", ""Paid parking on premises"", ""Self check-in"", ""Pets allowed"", ""Hangers"", ""Carbon monoxide alarm"", ""Breakfast"", ""First aid kit"", ""Essentials"", ""Shampoo"", ""Hot water"", ""Luggage dropoff allowed"", ""TV"", ""Bed linens"", ""Smoke alarm"", ""Extra pillows and blankets"", ""Fire extinguisher"", ""Air conditioning"", ""Gym"", ""Dedicated workspace"", ""Hair dryer"", ""Building staff""]",9999-01-01,No disponible,t,1118120677165122021,1.0,1.0,22.0,31.0,19.406853705053184,-99.1681994711068,2.0,1.0,1.0,1.0,4916.0,1.0,1125.0,1.0,905.9,22,48,78,352,0.0,0.0,4.8,4.9,4.8,4.8,4.8,4.7,1.7
2024-09-26,city scrape,3 Units | Cosmopolitan Comfort in Mexico City,"The hotel is situated in a lively metropolis in Mexico City where a variety of iconic attractions beckon. The verdant Parque México is a stone's throw away, while the Casa Lamm Cultural Center, regularly showcases exhibitions. Plaza Popocatepetl offers a mix of local shops and eateries, the area is a blend of cultural, historical, and modern attractions.",- Parque México - 0.3 miles; <br />- El Pendulo (bookstore & café) - 0.4 miles; <br />- Casa Lamm Cultural Center - 0.5 miles; <br />- Plaza Popocatepetl - 0.6 miles; <br />- Monumento a los Niños Héroes - 1.8 miles; <br />- Palacio de Bellas Artes - 2.9 miles; <br />- Zócalo (Main Square) - 3.1 miles; <br />- Chapultepec Castle - 3.2 miles; <br />- Museo Nacional de Antropología - 3.3 miles; <br />- Benito Juárez International Airport - 6.8 miles.,Mondrian Mexico City,2023-11-20,2023-11-20,Información acerca del anfitrión del no proporcionada,within a few hours,f,['phone'],f,Cuauhtémoc,Room in hotel,Hotel room,3 baths,"[""Iron"", ""Wifi"", ""Heating"", ""Paid parking on premises"", ""Self check-in"", ""Pets allowed"", ""Hangers"", ""Carbon monoxide alarm"", ""Breakfast"", ""First aid kit"", ""Essentials"", ""Shampoo"", ""Hot water"", ""Luggage dropoff allowed"", ""TV"", ""Bed linens"", ""Smoke alarm"", ""Extra pillows and blankets"", ""Fire extinguisher"", ""Air conditioning"", ""Gym"", ""Dedicated workspace"", ""Hair dryer"", ""Building staff""]",9999-01-01,No disponible,t,1118168393291847001,1.0,1.0,22.0,31.0,19.40833,-99.16803,6.0,3.0,3.0,3.0,5333.0,1.0,1125.0,1.0,990.8,29,59,89,363,0.0,0.0,4.8,4.9,4.8,4.8,4.8,4.7,1.7
2024-09-26,city scrape,3 Std King Rooms w/ Spa - Steps from Parque México,"The hotel is situated in a lively metropolis in Mexico City where a variety of iconic attractions beckon. The verdant Parque México is a stone's throw away, while the Casa Lamm Cultural Center, regularly showcases exhibitions. Plaza Popocatepetl offers a mix of local shops and eateries, the area is a blend of cultural, historical, and modern attractions.",- Parque México - 0.3 miles; <br />- El Pendulo (bookstore & café) - 0.4 miles; <br />- Casa Lamm Cultural Center - 0.5 miles; <br />- Plaza Popocatepetl - 0.6 miles; <br />- Monumento a los Niños Héroes - 1.8 miles; <br />- Palacio de Bellas Artes - 2.9 miles; <br />- Zócalo (Main Square) - 3.1 miles; <br />- Chapultepec Castle - 3.2 miles; <br />- Museo Nacional de Antropología - 3.3 miles; <br />- Benito Juárez International Airport - 6.8 miles.,Mondrian Mexico City,2023-11-20,2023-11-20,Información acerca del anfitrión del no proporcionada,within a few hours,f,['phone'],f,Cuauhtémoc,Room in hotel,Hotel room,3 baths,"[""Iron"", ""Wifi"", ""Heating"", ""Paid parking on premises"", ""Self check-in"", ""Pets allowed"", ""Hangers"", ""Carbon monoxide alarm"", ""Breakfast"", ""First aid kit"", ""Essentials"", ""Shampoo"", ""Hot water"", ""Luggage dropoff allowed"", ""TV"", ""Bed linens"", ""Smoke alarm"", ""Extra pillows and blankets"", ""Fire extinguisher"", ""Air conditioning"", ""Gym"", ""Dedicated workspace"", ""Hair dryer"", ""Building staff""]",9999-01-01,No disponible,t,1118173216727497991,1.0,1.0,22.0,31.0,19.40894721564502,-99.16968205504558,6.0,3.0,3.0,3.0,4916.0,1.0,1125.0,1.0,911.1,21,47,77,351,0.0,0.0,4.8,4.9,4.8,4.8,4.8,4.7,1.7
2024-09-26,city scrape,Spa Hotel w/ Yoga - Explore Plaza Popocatepetl!,"The hotel is situated in a lively metropolis in Mexico City where a variety of iconic attractions beckon. The verdant Parque México is a stone's throw away, while the Casa Lamm Cultural Center, regularly showcases exhibitions. Plaza Popocatepetl offers a mix of local shops and eateries, the area is a blend of cultural, historical, and modern attractions.",- Parque México - 0.3 miles; <br />- El Pendulo (bookstore & café) - 0.4 miles; <br />- Casa Lamm Cultural Center - 0.5 miles; <br />- Plaza Popocatepetl - 0.6 miles; <br />- Monumento a los Niños Héroes - 1.8 miles; <br />- Palacio de Bellas Artes - 2.9 miles; <br />- Zócalo (Main Square) - 3.1 miles; <br />- Chapultepec Castle - 3.2 miles; <br />- Museo Nacional de Antropología - 3.3 miles; <br />- Benito Juárez International Airport - 6.8 miles.,Mondrian Mexico City,2023-11-20,2023-11-20,Información acerca del anfitrión del no proporcionada,within a few hours,f,['phone'],f,Cuauhtémoc,Room in hotel,Hotel room,1 bath,"[""Iron"", ""Wifi"", ""Heating"", ""Paid parking on premises"", ""Self check-in"", ""Pets allowed"", ""Hangers"", ""Carbon monoxide alarm"", ""Breakfast"", ""First aid kit"", ""Essentials"", ""Shampoo"", ""Hot water"", ""Luggage dropoff allowed"", ""TV"", ""Bed linens"", ""Smoke alarm"", ""Extra pillows and blankets"", ""Fire extinguisher"", ""Air conditioning"", ""Gym"", ""Dedicated workspace"", ""Hair dryer"", ""Building staff""]",9999-01-01,No disponible,t,1118175839510356501,1.0,1.0,22.0,31.0,19.40684792269204,-99.16899247973863,2.0,1.0,1.0,1.0,5333.0,1.0,1125.0,1.0,990.8,30,60,90,364,0.0,0.0,4.8,4.9,4.8,4.8,4.8,4.7,1.7
2024-09-26,city scrape,Chic Condesa Stay w\ Rooftop Views,"The hotel is situated in a lively metropolis in Mexico City where a variety of iconic attractions beckon. The verdant Parque México is a stone's throw away, while the Casa Lamm Cultural Center, regularly showcases exhibitions. Plaza Popocatepetl offers a mix of local shops and eateries, the area is a blend of cultural, historical, and modern attractions.",- Parque México - 0.3 miles; <br />- El Pendulo (bookstore & café) - 0.4 miles; <br />- Casa Lamm Cultural Center - 0.5 miles; <br />- Plaza Popocatepetl - 0.6 miles; <br />- Monumento a los Niños Héroes - 1.8 miles; <br />- Palacio de Bellas Artes - 2.9 miles; <br />- Zócalo (Main Square) - 3.1 miles; <br />- Chapultepec Castle - 3.2 miles; <br />- Museo Nacional de Antropología - 3.3 miles; <br />- Benito Juárez International Airport - 6.8 miles.,Mondrian Mexico City,2023-11-20,2023-11-20,Información acerca del anfitrión del no proporcionada,within a few hours,f,['phone'],f,Cuauhtémoc,Room in hotel,Hotel room,1 bath,"[""Iron"", ""Wifi"", ""Heating"", ""Paid parking on premises"", ""Self check-in"", ""Pets allowed"", ""Hangers"", ""Carbon monoxide alarm"", ""Breakfast"", ""First aid kit"", ""Essentials"", ""Shampoo"", ""Hot water"", ""Luggage dropoff allowed"", ""TV"", ""Bed linens"", ""Smoke alarm"", ""Extra pillows and blankets"", ""Fire extinguisher"", ""Air conditioning"", ""Gym"", ""Dedicated workspace"", ""Hair dryer"", ""Building staff""]",9999-01-01,No disponible,t,1118175965894565797,1.0,1.0,22.0,31.0,19.40677244885305,-99.16772674314149,2.0,1.0,1.0,1.0,5333.0,1.0,1125.0,1.0,990.8,30,60,90,364,0.0,0.0,4.8,4.9,4.8,4.8,4.8,4.7,1.7
2024-09-26,city scrape,Mexico City Luxury Oasis with Pool | 2 Units,"The hotel is situated in a lively metropolis in Mexico City where a variety of iconic attractions beckon. The verdant Parque México is a stone's throw away, while the Casa Lamm Cultural Center, regularly showcases exhibitions. Plaza Popocatepetl offers a mix of local shops and eateries, the area is a blend of cultural, historical, and modern attractions.",- Parque México - 0.3 miles; <br />- El Pendulo (bookstore & café) - 0.4 miles; <br />- Casa Lamm Cultural Center - 0.5 miles; <br />- Plaza Popocatepetl - 0.6 miles; <br />- Monumento a los Niños Héroes - 1.8 miles; <br />- Palacio de Bellas Artes - 2.9 miles; <br />- Zócalo (Main Square) - 3.1 miles; <br />- Chapultepec Castle - 3.2 miles; <br />- Museo Nacional de Antropología - 3.3 miles; <br />- Benito Juárez International Airport - 6.8 miles.,Mondrian Mexico City,2023-11-20,2023-11-20,Información acerca del anfitrión del no proporcionada,within a few hours,f,['phone'],f,Cuauhtémoc,Room in hotel,Hotel room,2 baths,"[""Iron"", ""Wifi"", ""Heating"", ""Paid parking on premises"", ""Self check-in"", ""Pets allowed"", ""Hangers"", ""Carbon monoxide alarm"", ""Breakfast"", ""First aid kit"", ""Essentials"", ""Shampoo"", ""Hot water"", ""Luggage dropoff allowed"", ""TV"", ""Bed linens"", ""Smoke alarm"", ""Extra pillows and blankets"", ""Fire extinguisher"", ""Air conditioning"", ""Gym"", ""Dedicated workspace"", ""Hair dryer"", ""Building staff""]",9999-01-01,No disponible,t,1118176220387018952,1.0,1.0,22.0,31.0,19.40691644655866,-99.1679096215427,4.0,2.0,2.0,2.0,4916.0,1.0,1125.0,1.0,905.9,22,48,78,352,0.0,0.0,4.8,4.9,4.8,4.8,4.8,4.7,1.7
2024-09-26,city scrape,2 Superior King Suites w/ Spa - Mexico City Charms,"The hotel is situated in a lively metropolis in Mexico City where a variety of iconic attractions beckon. The verdant Parque México is a stone's throw away, while the Casa Lamm Cultural Center, regularly showcases exhibitions. Plaza Popocatepetl offers a mix of local shops and eateries, the area is a blend of cultural, historical, and modern attractions.",- Parque México - 0.3 miles; <br />- El Pendulo (bookstore & café) - 0.4 miles; <br />- Casa Lamm Cultural Center - 0.5 miles; <br />- Plaza Popocatepetl - 0.6 miles; <br />- Monument to the Children Heroes - 1.8 miles; <br />- Fine Arts Palace - 2.9 miles; <br />- Zócalo (Main Square) - 3.1 miles; <br />- Chapultepec Castle - 3.2 miles; <br />- National Museum of Anthropology - 3.3 miles; <br />- Benito Juárez International Airport - 6.8 miles,Mondrian Mexico City,2023-11-20,2023-11-20,Información acerca del anfitrión del no proporcionada,within a few hours,f,['phone'],f,Cuauhtémoc,Room in hotel,Hotel room,2 baths,"[""Iron"", ""Wifi"", ""Heating"", ""Paid parking on premises"", ""Self check-in"", ""Pets allowed"", ""Hangers"", ""Carbon monoxide alarm"", ""Breakfast"", ""First aid kit"", ""Essentials"", ""Shampoo"", ""Hot water"", ""Luggage dropoff allowed"", ""TV"", ""Bed linens"", ""Smoke alarm"", ""Extra pillows and blankets"", ""Fire extinguisher"", ""Air conditioning"", ""Gym"", ""Dedicated workspace"", ""Hair dryer"", ""Building staff""]",9999-01-01,No disponible,t,1118176678749693668,1.0,1.0,22.0,31.0,19.406992089475533,-99.1678368406751,4.0,2.0,2.0,2.0,5333.0,1.0,1125.0,1.0,990.8,30,60,90,364,0.0,0.0,4.8,4.9,4.8,4.8,4.8,4.7,1.7
2024-09-26,city scrape,Parque México District Unit! Vibrant Night Life,"We are near iconic landmarks and cultural treasures of Mexico City, including Parque México and Casa Lamm Cultural Center. Bibliophiles can enjoy El Pendulo, a unique bookstore and cafe. The district offers a vibrant nightlife, with bars, clubs, boutiques, galleries, and artisanal shops. Benito Juarez International Airport is just 8 miles away.",- Parque México - 0.3 miles;<br />- El Pendulo (bookstore & cafe) - 0.4 miles;<br />- Casa Lamm Cultural Center - 0.5 miles;<br />- Plaza Popocatepetl - 0.6 miles;<br />- Monumento a los Niños Héroes - 1.8 miles;<br />- Palacio de Bellas Artes - 2.9 miles;<br />- Zócalo (Main Square) - 3.1 miles;<br />- Chapultepec Castle - 3.2 miles;<br />- Museo Nacional de Antropología - 3.3 miles;<br />- Benito Juárez International Airport - 6.8 miles.,Andaz Mexico City,2023-11-15,2023-11-15,Información acerca del anfitrión del no proporcionada,within a day,f,['phone'],t,Cuauhtémoc,Room in boutique hotel,Hotel room,1 bath,"[""Pool"", ""Iron"", ""Wifi"", ""Heating"", ""Paid parking on premises"", ""Refrigerator"", ""Self check-in"", ""Pets allowed"", ""Hangers"", ""Carbon monoxide alarm"", ""Coffee maker"", ""Backyard"", ""First aid kit"", ""Essentials"", ""Shampoo"", ""Hot water"", ""Luggage dropoff allowed"", ""TV"", ""Bed linens"", ""Smoke alarm"", ""Extra pillows and blankets"", ""Fire extinguisher"", ""Air conditioning"", ""Gym"", ""Dedicated workspace"", ""Hair dryer"", ""Building staff""]",9999-01-01,No disponible,t,1131924443320041603,0.5,1.0,12.0,12.0,19.40903133599291,-99.1697972401784,2.0,1.0,1.0,1.0,4437.0,1.0,365.0,1.0,2.6,21,48,78,85,0.0,0.0,4.8,4.9,4.8,4.8,4.8,4.7,1.7
2024-09-26,city scrape,Enjoy Art Deco at Modern Hotel in La Condesa,"We are near iconic landmarks and cultural treasures of Mexico City, including Parque México and Casa Lamm Cultural Center. Bibliophiles can enjoy El Pendulo, a unique bookstore and cafe. The district offers a vibrant nightlife, with bars, clubs, boutiques, galleries, and artisanal shops. Benito Juarez International Airport is just 8 miles away.",- Parque México - 0.3 miles;<br />- El Pendulo (bookstore & cafe) - 0.4 miles;<br />- Casa Lamm Cultural Center - 0.5 miles;<br />- Plaza Popocatepetl - 0.6 miles;<br />- Monumento a los Niños Héroes - 1.8 miles;<br />- Palacio de Bellas Artes - 2.9 miles;<br />- Zócalo (Main Square) - 3.1 miles;<br />- Chapultepec Castle - 3.2 miles;<br />- Museo Nacional de Antropología - 3.3 miles;<br />- Benito Juárez International Airport - 6.8 miles.,Andaz Mexico City,2023-11-15,2023-11-15,Información acerca del anfitrión del no proporcionada,within a day,f,['phone'],t,Cuauhtémoc,Room in boutique hotel,Hotel room,1 bath,"[""Pool"", ""Iron"", ""Wifi"", ""Heating"", ""Paid parking on premises"", ""Refrigerator"", ""Self check-in"", ""Pets allowed"", ""Hangers"", ""Carbon monoxide alarm"", ""Coffee maker"", ""Backyard"", ""First aid kit"", ""Essentials"", ""Shampoo"", ""Hot water"", ""Luggage dropoff allowed"", ""TV"", ""Bed linens"", ""Smoke alarm"", ""Extra pillows and blankets"", ""Fire extinguisher"", ""Air conditioning"", ""Gym"", ""Dedicated workspace"", ""Hair dryer"", ""Building staff""]",9999-01-01,No disponible,t,1131979035848951599,0.5,1.0,12.0,12.0,19.408296506298537,-99.16785688309366,4.0,1.0,1.0,2.0,4437.0,1.0,365.0,1.0,166.8,22,49,79,86,0.0,0.0,4.8,4.9,4.8,4.8,4.8,4.7,1.7
2024-09-26,city scrape,2 Double Bed Unit w/ Pool in Mexico City Center,"We are near iconic landmarks and cultural treasures of Mexico City, including Parque México and Casa Lamm Cultural Center. Bibliophiles can enjoy El Pendulo, a unique bookstore and cafe. The district offers a vibrant nightlife, with bars, clubs, boutiques, galleries, and artisanal shops. Benito Juarez International Airport is just 8 miles away.",- Parque México - 0.3 miles;<br />- El Pendulo (bookstore & cafe) - 0.4 miles;<br />- Casa Lamm Cultural Center - 0.5 miles;<br />- Plaza Popocatepetl - 0.6 miles;<br />- Monument to the Children Heroes - 1.8 miles;<br />- Fine Arts Palace - 2.9 miles;<br />- Zócalo (Main Square) - 3.1 miles;<br />- Chapultepec Castle - 3.2 miles;<br />- National Museum of Anthropology - 3.3 miles;<br />- Benito Juárez International Airport - 6.8 miles.,Andaz Mexico City,2023-11-15,2023-11-15,Información acerca del anfitrión del no proporcionada,within a day,f,['phone'],t,Cuauhtémoc,Room in boutique hotel,Hotel room,2 baths,"[""Pool"", ""Iron"", ""Wifi"", ""Heating"", ""Paid parking on premises"", ""Refrigerator"", ""Self check-in"", ""Pets allowed"", ""Hangers"", ""Carbon monoxide alarm"", ""Coffee maker"", ""Backyard"", ""First aid kit"", ""Essentials"", ""Shampoo"", ""Hot water"", ""Luggage dropoff allowed"", ""TV"", ""Bed linens"", ""Smoke alarm"", ""Extra pillows and blankets"", ""Fire extinguisher"", ""Air conditioning"", ""Gym"", ""Dedicated workspace"", ""Hair dryer"", ""Building staff""]",9999-01-01,No disponible,t,1131986160893383000,0.5,1.0,12.0,12.0,19.408468060506884,-99.16802972382727,8.0,2.0,2.0,4.0,8873.0,1.0,365.0,1.0,166.8,22,49,79,86,0.0,0.0,4.8,4.9,4.8,4.8,4.8,4.7,1.7
2024-09-26,city scrape,Wander Zócalo! 3 Rooms w/ Spa in Amazing Hotel,"We are near iconic landmarks and cultural treasures of Mexico City, including Parque México and Casa Lamm Cultural Center. Bibliophiles can enjoy El Pendulo, a unique bookstore and cafe. The district offers a vibrant nightlife, with bars, clubs, boutiques, galleries, and artisanal shops. Benito Juarez International Airport is just 8 miles away.",- Parque México - 0.3 miles;<br />- El Pendulo (bookstore & cafe) - 0.4 miles;<br />- Casa Lamm Cultural Center - 0.5 miles;<br />- Plaza Popocatepetl - 0.6 miles;<br />- Monumento a los Niños Héroes - 1.8 miles;<br />- Palacio de Bellas Artes - 2.9 miles;<br />- Zócalo (Main Square) - 3.1 miles;<br />- Chapultepec Castle - 3.2 miles;<br />- Museo Nacional de Antropología - 3.3 miles;<br />- Benito Juárez International Airport - 6.8 miles.,Andaz Mexico City,2023-11-15,2023-11-15,Información acerca del anfitrión del no proporcionada,within a day,f,['phone'],t,Cuauhtémoc,Room in boutique hotel,Hotel room,3 baths,"[""Pool"", ""Iron"", ""Wifi"", ""Heating"", ""Paid parking on premises"", ""Refrigerator"", ""Self check-in"", ""Pets allowed"", ""Hangers"", ""Carbon monoxide alarm"", ""Coffee maker"", ""Backyard"", ""First aid kit"", ""Essentials"", ""Shampoo"", ""Hot water"", ""Luggage dropoff allowed"", ""TV"", ""Bed linens"", ""Smoke alarm"", ""Extra pillows and blankets"", ""Fire extinguisher"", ""Air conditioning"", ""Gym"", ""Dedicated workspace"", ""Hair dryer"", ""Building staff""]",9999-01-01,No disponible,t,1131988917388338317,0.5,1.0,12.0,12.0,19.407306781383625,-99.16810295496327,3.1,3.0,3.0,6.0,13294.0,1.0,365.0,1.0,166.8,0,0,0,0,0.0,0.0,4.8,4.9,4.8,4.8,4.8,4.7,1.7
2024-09-26,city scrape,4 Family Rooms w/ Heated Pool - Popocatepetl Views,"We are near iconic landmarks and cultural treasures of Mexico City, including Parque México and Casa Lamm Cultural Center. Bibliophiles can enjoy El Pendulo, a unique bookstore and cafe. The district offers a vibrant nightlife, with bars, clubs, boutiques, galleries, and artisanal shops. Benito Juarez International Airport is just 8 miles away.",- Parque México - 0.3 miles;<br />- El Pendulo (bookstore & cafe) - 0.4 miles;<br />- Casa Lamm Cultural Center - 0.5 miles;<br />- Plaza Popocatepetl - 0.6 miles;<br />- Monumento a los Niños Héroes - 1.8 miles;<br />- Palacio de Bellas Artes - 2.9 miles;<br />- Zócalo (Main Square) - 3.1 miles;<br />- Chapultepec Castle - 3.2 miles;<br />- Museo Nacional de Antropología - 3.3 miles;<br />- Benito Juárez International Airport - 6.8 miles.,Andaz Mexico City,2023-11-15,2023-11-15,Información acerca del anfitrión del no proporcionada,within a day,f,['phone'],t,Cuauhtémoc,Room in boutique hotel,Hotel room,4 baths,"[""Pool"", ""Iron"", ""Wifi"", ""Heating"", ""Paid parking on premises"", ""Refrigerator"", ""Self check-in"", ""Pets allowed"", ""Hangers"", ""Carbon monoxide alarm"", ""Coffee maker"", ""Backyard"", ""First aid kit"", ""Essentials"", ""Shampoo"", ""Hot water"", ""Luggage dropoff allowed"", ""TV"", ""Bed linens"", ""Smoke alarm"", ""Extra pillows and blankets"", ""Fire extinguisher"", ""Air conditioning"", ""Gym"", ""Dedicated workspace"", ""Hair dryer"", ""Building staff""]",9999-01-01,No disponible,t,1132047513069992334,0.5,1.0,12.0,12.0,19.40875319263064,-99.1699154765684,3.1,4.0,4.0,1.8,1308.0,1.0,365.0,1.0,166.8,0,0,0,0,0.0,0.0,4.8,4.9,4.8,4.8,4.8,4.7,1.7
2024-09-26,previous scrape,Opulent Hotel Perfect for Couples!,"We are near iconic landmarks and cultural treasures of Mexico City, including Parque México and Casa Lamm Cultural Center. Bibliophiles can enjoy El Pendulo, a unique bookstore and cafe. The district offers a vibrant nightlife, with bars, clubs, boutiques, galleries, and artisanal shops. Benito Juarez International Airport is just 8 miles away.",- Parque México - 0.3 miles;<br />- El Pendulo (bookstore & cafe) - 0.4 miles;<br />- Casa Lamm Cultural Center - 0.5 miles;<br />- Plaza Popocatepetl - 0.6 miles;<br />- Monumento a los Niños Héroes - 1.8 miles;<br />- Palacio de Bellas Artes - 2.9 miles;<br />- Zócalo (Main Square) - 3.1 miles;<br />- Chapultepec Castle - 3.2 miles;<br />- Museo Nacional de Antropología - 3.3 miles;<br />- Benito Juárez International Airport - 6.8 miles.,Andaz Mexico City,2023-11-15,2023-11-15,Información acerca del anfitrión del no proporcionada,within a day,f,['phone'],t,Cuauhtémoc,Room in boutique hotel,Hotel room,1 bath,"[""Pool"", ""Iron"", ""Wifi"", ""Heating"", ""Paid parking on premises"", ""Refrigerator"", ""Self check-in"", ""Pets allowed"", ""Hangers"", ""Carbon monoxide alarm"", ""Coffee maker"", ""Backyard"", ""First aid kit"", ""Essentials"", ""Shampoo"", ""Hot water"", ""Luggage dropoff allowed"", ""TV"", ""Bed linens"", ""Smoke alarm"", ""Extra pillows and blankets"", ""Fire extinguisher"", ""Air conditioning"", ""Gym"", ""Dedicated workspace"", ""Hair dryer"", ""Building staff""]",9999-01-01,No disponible,t,1132055684168202708,0.5,1.0,12.0,12.0,19.40696,-99.16785,3.0,1.5,1.0,2.0,4216.0,1.0,365.0,1.0,2.6,21,48,78,85,0.0,0.0,4.8,4.9,4.8,4.8,4.8,4.7,1.7
2024-09-26,city scrape,Artistic Boutique Hotel w/ Rooftop Infinity Pool,"We are near iconic landmarks and cultural treasures of Mexico City, including Parque México and Casa Lamm Cultural Center. Bibliophiles can enjoy El Pendulo, a unique bookstore and cafe. The district offers a vibrant nightlife, with bars, clubs, boutiques, galleries, and artisanal shops. Benito Juarez International Airport is just 8 miles away.",- Parque México - 0.3 miles;<br />- El Pendulo (bookstore & cafe) - 0.4 miles;<br />- Casa Lamm Cultural Center - 0.5 miles;<br />- Plaza Popocatepetl - 0.6 miles;<br />- Monumento a los Niños Héroes - 1.8 miles;<br />- Palacio de Bellas Artes - 2.9 miles;<br />- Zócalo (Main Square) - 3.1 miles;<br />- Chapultepec Castle - 3.2 miles;<br />- Museo Nacional de Antropología - 3.3 miles;<br />- Benito Juárez International Airport - 6.8 miles.,Andaz Mexico City,2023-11-15,2023-11-15,Información acerca del anfitrión del no proporcionada,within a day,f,['phone'],t,Cuauhtémoc,Room in boutique hotel,Hotel room,1 bath,"[""Pool"", ""Iron"", ""Wifi"", ""Heating"", ""Paid parking on premises"", ""Refrigerator"", ""Self check-in"", ""Pets allowed"", ""Hangers"", ""Carbon monoxide alarm"", ""Coffee maker"", ""Backyard"", ""First aid kit"", ""Essentials"", ""Shampoo"", ""Hot water"", ""Luggage dropoff allowed"", ""TV"", ""Bed linens"", ""Smoke alarm"", ""Extra pillows and blankets"", ""Fire extinguisher"", ""Air conditioning"", ""Gym"", ""Dedicated workspace"", ""Hair dryer"", ""Building staff""]",9999-01-01,No disponible,t,1132057370827706133,0.5,1.0,12.0,12.0,19.40727,-99.16966,3.0,1.0,1.0,2.0,5024.0,1.0,365.0,1.0,2.6,22,49,79,86,0.0,0.0,4.8,4.9,4.8,4.8,4.8,4.7,1.7
2024-09-26,city scrape,Excellent Choice! Two Comfortable Units!,"The hotel is located in the historic old town in the heart of Mexico City. Just a few blocks away is the historic Zócalo Square, with the National Palace and the Metropolitan Cathedral just steps within the plaza. The Palacio de Bellas Artes and the Alameda Central are also nearby. The Chapultepec Castle is a must-visit for its majestic architecture and beautiful views of the city. Additionally, the Coyoacán neighborhood and its Frida Kahlo Museum is also a perfect spot for art lovers.",The Museum of Fine Arts- 0.5 mile; <br />Palacio de Correo- 0.5 mile; <br />Latin American Tower- 0.6 mile; <br />Tequila and Mezcal Museum- 1.0 mile; <br />Zocalo Square- 1.0 mile; <br />Tenochtitlan Ceremonial Center- 1.1 miles; <br />Museo Casa de Carranza- 1.6 miles; <br />The Angel of Independence- 1.8 miles; <br />Mexico City International Airport- 5.9 miles;,Aishat,2023-11-28,2023-11-28,Información acerca del anfitrión del no proporcionada,within an hour,f,['phone'],f,Cuauhtémoc,Room in hotel,Hotel room,2 baths,"[""Iron"", ""Wifi"", ""Heating"", ""Self check-in"", ""Hangers"", ""Free parking on premises"", ""Carbon monoxide alarm"", ""Coffee maker"", ""First aid kit"", ""Essentials"", ""Shampoo"", ""Hot water"", ""Luggage dropoff allowed"", ""TV"", ""Bed linens"", ""Smoke alarm"", ""Extra pillows and blankets"", ""Fire extinguisher"", ""Air conditioning"", ""Gym"", ""Dedicated workspace"", ""Hair dryer"", ""Building staff""]",9999-01-01,No disponible,t,1188427846783710937,1.0,1.0,8.0,8.0,19.43511,-99.14708,6.0,2.0,2.0,2.0,3509.0,1.0,365.0,1.0,262.5,24,44,69,69,0.0,0.0,4.8,4.9,4.8,4.8,4.8,4.7,1.7
2024-09-26,city scrape,"Enjoyable Mexican Vacay! 2 Units, Free Parking!","The hotel is located in the historic old town in the heart of Mexico City. Just a few blocks away is the historic Zócalo Square, with the National Palace and the Metropolitan Cathedral just steps within the plaza. The Palacio de Bellas Artes and the Alameda Central are also nearby. The Chapultepec Castle is a must-visit for its majestic architecture and beautiful views of the city. Additionally, the Coyoacán neighborhood and its Frida Kahlo Museum is also a perfect spot for art lovers.",The Museum of Fine Arts- 0.5 mile; <br />Palacio de Correo- 0.5 mile; <br />Latin American Tower- 0.6 mile; <br />Tequila and Mezcal Museum- 1.0 mile; <br />Zocalo Square- 1.0 mile; <br />Tenochtitlan Ceremonial Center- 1.1 miles; <br />Museo Casa de Carranza- 1.6 miles; <br />The Angel of Independence- 1.8 miles; <br />Mexico City International Airport- 5.9 miles;,Aishat,2023-11-28,2023-11-28,Información acerca del anfitrión del no proporcionada,within an hour,f,['phone'],f,Cuauhtémoc,Room in hotel,Hotel room,2 baths,"[""Iron"", ""Wifi"", ""Heating"", ""Self check-in"", ""Hangers"", ""Free parking on premises"", ""Carbon monoxide alarm"", ""Coffee maker"", ""First aid kit"", ""Essentials"", ""Shampoo"", ""Hot water"", ""Luggage dropoff allowed"", ""TV"", ""Bed linens"", ""Smoke alarm"", ""Extra pillows and blankets"", ""Fire extinguisher"", ""Air conditioning"", ""Gym"", ""Dedicated workspace"", ""Hair dryer"", ""Building staff""]",9999-01-01,No disponible,t,1188427954701085014,1.0,1.0,8.0,8.0,19.43673,-99.14705,6.0,2.0,2.0,2.0,3509.0,1.0,365.0,1.0,262.5,24,44,69,69,0.0,0.0,4.8,4.9,4.8,4.8,4.8,4.7,1.7
2024-09-26,city scrape,Explore More of Mexico! 2 Units Near Zocalo Square,"The hotel is located in the historic old town in the heart of Mexico City. Just a few blocks away is the historic Zócalo Square, with the National Palace and the Metropolitan Cathedral just steps within the plaza. The Palacio de Bellas Artes and the Alameda Central are also nearby. The Chapultepec Castle is a must-visit for its majestic architecture and beautiful views of the city. Additionally, the Coyoacán neighborhood and its Frida Kahlo Museum is also a perfect spot for art lovers.",The Museum of Fine Arts- 0.5 mile; <br />Palacio de Correo- 0.5 mile; <br />Latin American Tower- 0.6 mile; <br />Tequila and Mezcal Museum- 1.0 mile; <br />Zocalo Square- 1.0 mile; <br />Tenochtitlan Ceremonial Center- 1.1 miles; <br />Museo Casa de Carranza- 1.6 miles; <br />The Angel of Independence- 1.8 miles; <br />Mexico City International Airport- 5.9 miles;,Aishat,2023-11-28,2023-11-28,Información acerca del anfitrión del no proporcionada,within an hour,f,['phone'],f,Cuauhtémoc,Room in hotel,Hotel room,2 baths,"[""Iron"", ""Wifi"", ""Heating"", ""Self check-in"", ""Hangers"", ""Free parking on premises"", ""Carbon monoxide alarm"", ""Coffee maker"", ""First aid kit"", ""Essentials"", ""Shampoo"", ""Hot water"", ""Luggage dropoff allowed"", ""TV"", ""Bed linens"", ""Smoke alarm"", ""Extra pillows and blankets"", ""Fire extinguisher"", ""Air conditioning"", ""Gym"", ""Dedicated workspace"", ""Hair dryer"", ""Building staff""]",9999-01-01,No disponible,t,1188428334624464073,1.0,1.0,8.0,8.0,19.43542,-99.14673,6.0,2.0,2.0,2.0,3509.0,1.0,365.0,1.0,262.5,24,44,69,69,0.0,0.0,4.8,4.9,4.8,4.8,4.8,4.7,1.7
2024-09-26,city scrape,3 Deluxe Units Close to Museum of Fine Arts,"The hotel is located in the historic old town in the heart of Mexico City. Just a few blocks away is the historic Zócalo Square, with the National Palace and the Metropolitan Cathedral just steps within the plaza. The Palacio de Bellas Artes and the Alameda Central are also nearby. The Chapultepec Castle is a must-visit for its majestic architecture and beautiful views of the city. Additionally, the Coyoacán neighborhood and its Frida Kahlo Museum is also a perfect spot for art lovers.",The Museum of Fine Arts- 0.5 mile; <br />Palacio de Correo- 0.5 mile; <br />Latin American Tower- 0.6 mile; <br />Tequila and Mezcal Museum- 1.0 mile; <br />Zocalo Square- 1.0 mile; <br />Tenochtitlan Ceremonial Center- 1.1 miles; <br />Museo Casa de Carranza- 1.6 miles; <br />The Angel of Independence- 1.8 miles; <br />Mexico City International Airport- 5.9 miles;,Aishat,2023-11-28,2023-11-28,Información acerca del anfitrión del no proporcionada,within an hour,f,['phone'],f,Cuauhtémoc,Room in hotel,Hotel room,3 baths,"[""Iron"", ""Wifi"", ""Heating"", ""Self check-in"", ""Hangers"", ""Free parking on premises"", ""Carbon monoxide alarm"", ""Coffee maker"", ""First aid kit"", ""Essentials"", ""Shampoo"", ""Hot water"", ""Luggage dropoff allowed"", ""TV"", ""Bed linens"", ""Smoke alarm"", ""Extra pillows and blankets"", ""Fire extinguisher"", ""Air conditioning"", ""Gym"", ""Dedicated workspace"", ""Hair dryer"", ""Building staff""]",9999-01-01,No disponible,t,1188428769197567214,1.0,1.0,8.0,8.0,19.436714197221,-99.1468930936795,9.0,3.0,3.0,3.0,5271.0,1.0,365.0,1.0,262.5,24,44,69,69,0.0,0.0,4.8,4.9,4.8,4.8,4.8,4.7,1.7
2024-09-26,city scrape,"4 Deluxe Units, Free Onsite Parking, Bike Rental","The hotel is located in the historic old town in the heart of Mexico City. Just a few blocks away is the historic Zócalo Square, with the National Palace and the Metropolitan Cathedral just steps within the plaza. The Palacio de Bellas Artes and the Alameda Central are also nearby. The Chapultepec Castle is a must-visit for its majestic architecture and beautiful views of the city. Additionally, the Coyoacán neighborhood and its Frida Kahlo Museum is also a perfect spot for art lovers.",The Museum of Fine Arts- 0.5 mile; <br />Palacio de Correo- 0.5 mile; <br />Latin American Tower- 0.6 mile; <br />Tequila and Mezcal Museum- 1.0 mile; <br />Zocalo Square- 1.0 mile; <br />Tenochtitlan Ceremonial Center- 1.1 miles; <br />Museo Casa de Carranza- 1.6 miles; <br />The Angel of Independence- 1.8 miles; <br />Mexico City International Airport- 5.9 miles;,Aishat,2023-11-28,2023-11-28,Información acerca del anfitrión del no proporcionada,within an hour,f,['phone'],f,Cuauhtémoc,Room in hotel,Hotel room,4 baths,"[""Iron"", ""Wifi"", ""Heating"", ""Self check-in"", ""Hangers"", ""Free parking on premises"", ""Carbon monoxide alarm"", ""Coffee maker"", ""First aid kit"", ""Essentials"", ""Shampoo"", ""Hot water"", ""Luggage dropoff allowed"", ""TV"", ""Bed linens"", ""Smoke alarm"", ""Extra pillows and blankets"", ""Fire extinguisher"", ""Air conditioning"", ""Gym"", ""Dedicated workspace"", ""Hair dryer"", ""Building staff""]",9999-01-01,No disponible,t,1188428907004520150,1.0,1.0,8.0,8.0,19.43732,-99.14869,3.1,4.0,4.0,4.0,7018.0,1.0,365.0,1.0,262.5,24,44,69,69,0.0,0.0,4.8,4.9,4.8,4.8,4.8,4.7,1.7
2024-09-26,city scrape,"Look No More! Parking, Near Mexico City Old Town","The hotel is located in the historic old town in the heart of Mexico City. Just a few blocks away is the historic Zócalo Square, with the National Palace and the Metropolitan Cathedral just steps within the plaza. The Palacio de Bellas Artes and the Alameda Central are also nearby. The Chapultepec Castle is a must-visit for its majestic architecture and beautiful views of the city. Additionally, the Coyoacán neighborhood and its Frida Kahlo Museum is also a perfect spot for art lovers.",The Museum of Fine Arts- 0.5 mile; <br />Palacio de Correo- 0.5 mile; <br />Latin American Tower- 0.6 mile; <br />Tequila and Mezcal Museum- 1.0 mile; <br />Zocalo Square- 1.0 mile; <br />Tenochtitlan Ceremonial Center- 1.1 miles; <br />Museo Casa de Carranza- 1.6 miles; <br />The Angel of Independence- 1.8 miles; <br />Mexico City International Airport- 5.9 miles;,Aishat,2023-11-28,2023-11-28,Información acerca del anfitrión del no proporcionada,within an hour,f,['phone'],f,Cuauhtémoc,Room in hotel,Hotel room,1 bath,"[""Iron"", ""Wifi"", ""Heating"", ""Self check-in"", ""Hangers"", ""Free parking on premises"", ""Carbon monoxide alarm"", ""Coffee maker"", ""First aid kit"", ""Essentials"", ""Shampoo"", ""Hot water"", ""Luggage dropoff allowed"", ""TV"", ""Bed linens"", ""Smoke alarm"", ""Extra pillows and blankets"", ""Fire extinguisher"", ""Air conditioning"", ""Gym"", ""Dedicated workspace"", ""Hair dryer"", ""Building staff""]",9999-01-01,No disponible,t,1188427363522633424,1.0,1.0,8.0,8.0,19.437381360624087,-99.14895809463911,3.0,1.0,1.0,1.0,1762.0,1.0,365.0,1.0,262.5,24,44,69,69,0.0,0.0,4.8,4.9,4.8,4.8,4.8,4.7,1.7
2024-09-26,city scrape,Great Relaxing Overnight Stay! FREE Parking!,"The hotel is located in the historic old town in the heart of Mexico City. Just a few blocks away is the historic Zócalo Square, with the National Palace and the Metropolitan Cathedral just steps within the plaza. The Palacio de Bellas Artes and the Alameda Central are also nearby. The Chapultepec Castle is a must-visit for its majestic architecture and beautiful views of the city. Additionally, the Coyoacán neighborhood and its Frida Kahlo Museum is also a perfect spot for art lovers.",The Museum of Fine Arts- 0.5 mile; <br />Palacio de Correo- 0.5 mile; <br />Latin American Tower- 0.6 mile; <br />Tequila and Mezcal Museum- 1.0 mile; <br />Zocalo Square- 1.0 mile; <br />Tenochtitlan Ceremonial Center- 1.1 miles; <br />Museo Casa de Carranza- 1.6 miles; <br />The Angel of Independence- 1.8 miles; <br />Mexico City International Airport- 5.9 miles;,Aishat,2023-11-28,2023-11-28,Información acerca del anfitrión del no proporcionada,within an hour,f,['phone'],f,Cuauhtémoc,Room in hotel,Hotel room,1 bath,"[""Iron"", ""Wifi"", ""Heating"", ""Self check-in"", ""Hangers"", ""Free parking on premises"", ""Carbon monoxide alarm"", ""Coffee maker"", ""First aid kit"", ""Essentials"", ""Shampoo"", ""Hot water"", ""Luggage dropoff allowed"", ""TV"", ""Bed linens"", ""Smoke alarm"", ""Extra pillows and blankets"", ""Fire extinguisher"", ""Air conditioning"", ""Gym"", ""Dedicated workspace"", ""Hair dryer"", ""Building staff""]",9999-01-01,No disponible,t,1188427441860298428,1.0,1.0,8.0,8.0,19.43514,-99.14741,3.0,1.0,1.0,1.0,1762.0,1.0,365.0,1.0,262.5,25,45,70,70,0.0,0.0,4.8,4.9,4.8,4.8,4.8,4.7,1.7
2024-09-26,city scrape,"In the Heart of Mexico City, All Modern Amenities!",Stay in the heart of Mexico City and be near to everything. Start your day with a view of the city's skyline and let your creative side out at Palacio de Bellas Artes. Take a stroll along Paseo de la Reforma or ride a bike through Alameda Central. Stunning photo ops await you at Zócalo and the Monument to the Revolution. Enjoy the city’s finest cuisine at top restaurants or shop 'til you drop at Mercado de Artesanías La Cuidadela. This exquisite haven has everything you need!,-    	Museo del Pulque – 0.2 miles; <br />-    	the Monument to the Revolution – 0.7 miles; <br />-    	Barrio Almeda – 0.8 miles; <br />-    	Mercado de Artesanías La Cuidadela – 0.8 miles; <br />-    	Palacio de Bellas Artes – 0.8 miles; <br />-    	Alameda Central – 1.4 miles; <br />-    	Downtown Mexico City – 1.5 miles; <br />-    	Zócalo – 1.6 miles; <br />-    	Reforma 222 – 2.1 miles; <br />-    	Paseo de la Reforma – 4.1 miles; <br />-    	Mexico City International Airport – 5.9 miles,Aishat,2023-11-20,2023-11-20,Información acerca del anfitrión del no proporcionada,within an hour,f,['phone'],f,Cuauhtémoc,Room in hotel,Hotel room,1 bath,"[""Iron"", ""Wifi"", ""Heating"", ""Self check-in"", ""Hangers"", ""Free parking on premises"", ""Carbon monoxide alarm"", ""Coffee maker"", ""First aid kit"", ""Essentials"", ""Shampoo"", ""Hot water"", ""Luggage dropoff allowed"", ""TV"", ""Bed linens"", ""Smoke alarm"", ""Extra pillows and blankets"", ""Fire extinguisher"", ""Air conditioning"", ""Gym"", ""Dedicated workspace"", ""Hair dryer"", ""Building staff""]",9999-01-01,No disponible,t,1191427923376391429,1.0,1.0,23.0,23.0,19.4357940711192,-99.14694717157532,3.0,1.0,1.0,2.0,1484.0,1.0,365.0,1.0,262.5,23,23,42,42,0.0,0.0,4.8,4.9,4.8,4.8,4.8,4.7,1.7
2024-09-26,city scrape,Your Home Away From Home! Free Parking,Stay in the heart of Mexico City and be near to everything. Start your day with a view of the city's skyline and let your creative side out at Palacio de Bellas Artes. Take a stroll along Paseo de la Reforma or ride a bike through Alameda Central. Stunning photo ops await you at Zócalo and the Monument to the Revolution. Enjoy the city’s finest cuisine at top restaurants or shop 'til you drop at Mercado de Artesanías La Cuidadela. This exquisite haven has everything you need!,-    	Museo del Pulque – 0.2 miles; <br />-    	the Monument to the Revolution – 0.7 miles; <br />-    	Barrio Almeda – 0.8 miles; <br />-    	Mercado de Artesanías La Cuidadela – 0.8 miles; <br />-    	Palacio de Bellas Artes – 0.8 miles; <br />-    	Alameda Central – 1.4 miles; <br />-    	Downtown Mexico City – 1.5 miles; <br />-    	Zócalo – 1.6 miles; <br />-    	Reforma 222 – 2.1 miles; <br />-    	Paseo de la Reforma – 4.1 miles; <br />-    	Mexico City International Airport – 5.9 miles,Aishat,2023-11-20,2023-11-20,Información acerca del anfitrión del no proporcionada,within an hour,f,['phone'],f,Cuauhtémoc,Room in hotel,Hotel room,1 bath,"[""Iron"", ""Wifi"", ""Heating"", ""Self check-in"", ""Hangers"", ""Free parking on premises"", ""Carbon monoxide alarm"", ""Coffee maker"", ""First aid kit"", ""Essentials"", ""Shampoo"", ""Hot water"", ""Luggage dropoff allowed"", ""TV"", ""Bed linens"", ""Smoke alarm"", ""Extra pillows and blankets"", ""Fire extinguisher"", ""Air conditioning"", ""Gym"", ""Dedicated workspace"", ""Hair dryer"", ""Building staff""]",9999-01-01,No disponible,t,1191428005181549892,1.0,1.0,23.0,23.0,19.43727626474719,-99.14818543362988,3.0,1.0,1.0,2.0,1484.0,1.0,365.0,1.0,262.5,23,23,42,42,0.0,0.0,4.8,4.9,4.8,4.8,4.8,4.7,1.7
2024-09-26,city scrape,Look No More! Near Cathedral of Mexico City,Stay in the heart of Mexico City and be near to everything. Start your day with a view of the city's skyline and let your creative side out at Palacio de Bellas Artes. Take a stroll along Paseo de la Reforma or ride a bike through Alameda Central. Stunning photo ops await you at Zócalo and the Monument to the Revolution. Enjoy the city’s finest cuisine at top restaurants or shop 'til you drop at Mercado de Artesanías La Cuidadela. This exquisite haven has everything you need!,-    	Museo del Pulque – 0.2 miles; <br />-    	the Monument to the Revolution – 0.7 miles; <br />-    	Barrio Almeda – 0.8 miles; <br />-    	Mercado de Artesanías La Cuidadela – 0.8 miles; <br />-    	Palacio de Bellas Artes – 0.8 miles; <br />-    	Alameda Central – 1.4 miles; <br />-    	Downtown Mexico City – 1.5 miles; <br />-    	Zócalo – 1.6 miles; <br />-    	Reforma 222 – 2.1 miles; <br />-    	Paseo de la Reforma – 4.1 miles; <br />-    	Mexico City International Airport – 5.9 miles,Aishat,2023-11-20,2023-11-20,Información acerca del anfitrión del no proporcionada,within an hour,f,['phone'],f,Cuauhtémoc,Room in hotel,Hotel room,1 bath,"[""Iron"", ""Wifi"", ""Heating"", ""Self check-in"", ""Hangers"", ""Free parking on premises"", ""Carbon monoxide alarm"", ""Coffee maker"", ""First aid kit"", ""Essentials"", ""Shampoo"", ""Hot water"", ""Luggage dropoff allowed"", ""TV"", ""Bed linens"", ""Smoke alarm"", ""Extra pillows and blankets"", ""Fire extinguisher"", ""Air conditioning"", ""Gym"", ""Dedicated workspace"", ""Hair dryer"", ""Building staff""]",9999-01-01,No disponible,t,1191428054753165722,1.0,1.0,23.0,23.0,19.43551278142517,-99.1467341236927,3.0,1.0,1.0,2.0,1484.0,1.0,365.0,1.0,262.5,23,23,42,42,0.0,0.0,4.8,4.9,4.8,4.8,4.8,4.7,1.7
2024-09-26,city scrape,Relax and Recharge! Minutes to Soumaya Museum,Stay in the heart of Mexico City and be near to everything. Start your day with a view of the city's skyline and let your creative side out at Palacio de Bellas Artes. Take a stroll along Paseo de la Reforma or ride a bike through Alameda Central. Stunning photo ops await you at Zócalo and the Monument to the Revolution. Enjoy the city’s finest cuisine at top restaurants or shop 'til you drop at Mercado de Artesanías La Cuidadela. This exquisite haven has everything you need!,-    	Museo del Pulque – 0.2 miles; <br />-    	the Monument to the Revolution – 0.7 miles; <br />-    	Barrio Almeda – 0.8 miles; <br />-    	Mercado de Artesanías La Cuidadela – 0.8 miles; <br />-    	Palacio de Bellas Artes – 0.8 miles; <br />-    	Alameda Central – 1.4 miles; <br />-    	Downtown Mexico City – 1.5 miles; <br />-    	Zócalo – 1.6 miles; <br />-    	Reforma 222 – 2.1 miles; <br />-    	Paseo de la Reforma – 4.1 miles; <br />-    	Mexico City International Airport – 5.9 miles,Aishat,2023-11-20,2023-11-20,Información acerca del anfitrión del no proporcionada,within an hour,f,['phone'],f,Cuauhtémoc,Room in hotel,Hotel room,1 bath,"[""Iron"", ""Wifi"", ""Heating"", ""Self check-in"", ""Hangers"", ""Free parking on premises"", ""Carbon monoxide alarm"", ""Coffee maker"", ""First aid kit"", ""Essentials"", ""Shampoo"", ""Hot water"", ""Luggage dropoff allowed"", ""TV"", ""Bed linens"", ""Smoke alarm"", ""Extra pillows and blankets"", ""Fire extinguisher"", ""Air conditioning"", ""Gym"", ""Dedicated workspace"", ""Hair dryer"", ""Building staff""]",9999-01-01,No disponible,t,1191428112633521370,1.0,1.0,23.0,23.0,19.4351837083852,-99.14825788677066,3.0,1.0,1.0,2.0,1484.0,1.0,365.0,1.0,262.5,23,23,42,42,0.0,0.0,4.8,4.9,4.8,4.8,4.8,4.7,1.7
2024-09-26,city scrape,"For Arts Enthusiasts! 3 Units, City Views",Stay in the heart of Mexico City and be near to everything. Start your day with a view of the city's skyline and let your creative side out at Palacio de Bellas Artes. Take a stroll along Paseo de la Reforma or ride a bike through Alameda Central. Stunning photo ops await you at Zócalo and the Monument to the Revolution. Enjoy the city’s finest cuisine at top restaurants or shop 'til you drop at Mercado de Artesanías La Cuidadela. This exquisite haven has everything you need!,-    	Museo del Pulque – 0.2 miles; <br />-    	the Monument to the Revolution – 0.7 miles; <br />-    	Barrio Almeda – 0.8 miles; <br />-    	Mercado de Artesanías La Cuidadela – 0.8 miles; <br />-    	Palacio de Bellas Artes – 0.8 miles; <br />-    	Alameda Central – 1.4 miles; <br />-    	Downtown Mexico City – 1.5 miles; <br />-    	Zócalo – 1.6 miles; <br />-    	Reforma 222 – 2.1 miles; <br />-    	Paseo de la Reforma – 4.1 miles; <br />-    	Mexico City International Airport – 5.9 miles,Aishat,2023-11-20,2023-11-20,Información acerca del anfitrión del no proporcionada,within an hour,f,['phone'],f,Cuauhtémoc,Room in hotel,Hotel room,3 baths,"[""Iron"", ""Wifi"", ""Heating"", ""Self check-in"", ""Hangers"", ""Free parking on premises"", ""Carbon monoxide alarm"", ""Coffee maker"", ""First aid kit"", ""Essentials"", ""Shampoo"", ""Hot water"", ""Luggage dropoff allowed"", ""TV"", ""Bed linens"", ""Smoke alarm"", ""Extra pillows and blankets"", ""Fire extinguisher"", ""Air conditioning"", ""Gym"", ""Dedicated workspace"", ""Hair dryer"", ""Building staff""]",9999-01-01,No disponible,t,1191428184576529645,1.0,1.0,23.0,23.0,19.43507,-99.14709,9.0,3.0,3.0,6.0,4467.0,1.0,365.0,1.0,262.5,23,23,42,42,0.0,0.0,4.8,4.9,4.8,4.8,4.8,4.7,1.7
2024-09-26,city scrape,"Live Music! 3 Chic Units, Steps to Alameda Centra",Stay in the heart of Mexico City and be near to everything. Start your day with a view of the city's skyline and let your creative side out at Palacio de Bellas Artes. Take a stroll along Paseo de la Reforma or ride a bike through Alameda Central. Stunning photo ops await you at Zócalo and the Monument to the Revolution. Enjoy the city’s finest cuisine at top restaurants or shop 'til you drop at Mercado de Artesanías La Cuidadela. This exquisite haven has everything you need!,-    	Museo del Pulque – 0.2 miles; <br />-    	the Monument to the Revolution – 0.7 miles; <br />-    	Barrio Almeda – 0.8 miles; <br />-    	Mercado de Artesanías La Cuidadela – 0.8 miles; <br />-    	Palacio de Bellas Artes – 0.8 miles; <br />-    	Alameda Central – 1.4 miles; <br />-    	Downtown Mexico City – 1.5 miles; <br />-    	Zócalo – 1.6 miles; <br />-    	Reforma 222 – 2.1 miles; <br />-    	Paseo de la Reforma – 4.1 miles; <br />-    	Mexico City International Airport – 5.9 miles,Aishat,2023-11-20,2023-11-20,Información acerca del anfitrión del no proporcionada,within an hour,f,['phone'],f,Cuauhtémoc,Room in hotel,Hotel room,3 baths,"[""Iron"", ""Wifi"", ""Heating"", ""Self check-in"", ""Hangers"", ""Free parking on premises"", ""Carbon monoxide alarm"", ""Coffee maker"", ""First aid kit"", ""Essentials"", ""Shampoo"", ""Hot water"", ""Luggage dropoff allowed"", ""TV"", ""Bed linens"", ""Smoke alarm"", ""Extra pillows and blankets"", ""Fire extinguisher"", ""Air conditioning"", ""Gym"", ""Dedicated workspace"", ""Hair dryer"", ""Building staff""]",9999-01-01,No disponible,t,1191428227798815826,1.0,1.0,23.0,23.0,19.43550836080804,-99.14891651638165,9.0,3.0,3.0,6.0,4467.0,1.0,365.0,1.0,262.5,23,23,42,42,0.0,0.0,4.8,4.9,4.8,4.8,4.8,4.7,1.7
2024-09-26,city scrape,Perfection in the Company of History! 4 Units,Stay in the heart of Mexico City and be near to everything. Start your day with a view of the city's skyline and let your creative side out at Palacio de Bellas Artes. Take a stroll along Paseo de la Reforma or ride a bike through Alameda Central. Stunning photo ops await you at Zócalo and the Monument to the Revolution. Enjoy the city’s finest cuisine at top restaurants or shop 'til you drop at Mercado de Artesanías La Cuidadela. This exquisite haven has everything you need!,-    	Museo del Pulque – 0.2 miles; <br />-    	the Monument to the Revolution – 0.7 miles; <br />-    	Barrio Almeda – 0.8 miles; <br />-    	Mercado de Artesanías La Cuidadela – 0.8 miles; <br />-    	Palacio de Bellas Artes – 0.8 miles; <br />-    	Alameda Central – 1.4 miles; <br />-    	Downtown Mexico City – 1.5 miles; <br />-    	Zócalo – 1.6 miles; <br />-    	Reforma 222 – 2.1 miles; <br />-    	Paseo de la Reforma – 4.1 miles; <br />-    	Mexico City International Airport – 5.9 miles,Aishat,2023-11-20,2023-11-20,Información acerca del anfitrión del no proporcionada,within an hour,f,['phone'],f,Cuauhtémoc,Room in hotel,Hotel room,4 baths,"[""Iron"", ""Wifi"", ""Heating"", ""Self check-in"", ""Hangers"", ""Free parking on premises"", ""Carbon monoxide alarm"", ""Coffee maker"", ""First aid kit"", ""Essentials"", ""Shampoo"", ""Hot water"", ""Luggage dropoff allowed"", ""TV"", ""Bed linens"", ""Smoke alarm"", ""Extra pillows and blankets"", ""Fire extinguisher"", ""Air conditioning"", ""Gym"", ""Dedicated workspace"", ""Hair dryer"", ""Building staff""]",9999-01-01,No disponible,t,1191428312738873413,1.0,1.0,23.0,23.0,19.43577,-99.14685,3.1,4.0,4.0,1.8,5951.0,1.0,365.0,1.0,262.5,23,23,42,42,0.0,0.0,4.8,4.9,4.8,4.8,4.8,4.7,1.7
2024-09-26,city scrape,Discover Life and Serenity with 4 Modern Units,Stay in the heart of Mexico City and be near to everything. Start your day with a view of the city's skyline and let your creative side out at Palacio de Bellas Artes. Take a stroll along Paseo de la Reforma or ride a bike through Alameda Central. Stunning photo ops await you at Zócalo and the Monument to the Revolution. Enjoy the city’s finest cuisine at top restaurants or shop 'til you drop at Mercado de Artesanías La Cuidadela. This exquisite haven has everything you need!,-    	Museo del Pulque – 0.2 miles; <br />-    	the Monument to the Revolution – 0.7 miles; <br />-    	Barrio Almeda – 0.8 miles; <br />-    	Mercado de Artesanías La Cuidadela – 0.8 miles; <br />-    	Palacio de Bellas Artes – 0.8 miles; <br />-    	Alameda Central – 1.4 miles; <br />-    	Downtown Mexico City – 1.5 miles; <br />-    	Zócalo – 1.6 miles; <br />-    	Reforma 222 – 2.1 miles; <br />-    	Paseo de la Reforma – 4.1 miles; <br />-    	Mexico City International Airport – 5.9 miles,Aishat,2023-11-20,2023-11-20,Información acerca del anfitrión del no proporcionada,within an hour,f,['phone'],f,Cuauhtémoc,Room in hotel,Hotel room,4 baths,"[""Iron"", ""Wifi"", ""Heating"", ""Self check-in"", ""Hangers"", ""Free parking on premises"", ""Carbon monoxide alarm"", ""Coffee maker"", ""First aid kit"", ""Essentials"", ""Shampoo"", ""Hot water"", ""Luggage dropoff allowed"", ""TV"", ""Bed linens"", ""Smoke alarm"", ""Extra pillows and blankets"", ""Fire extinguisher"", ""Air conditioning"", ""Gym"", ""Dedicated workspace"", ""Hair dryer"", ""Building staff""]",9999-01-01,No disponible,t,1191428362849247701,1.0,1.0,23.0,23.0,19.435254272017296,-99.14806447771883,3.1,4.0,4.0,1.8,5951.0,1.0,365.0,1.0,262.5,23,23,42,42,0.0,0.0,4.8,4.9,4.8,4.8,4.8,4.7,1.7
2024-09-26,city scrape,"For Arts Enthusiasts! 4 Units, City Views",Stay in the heart of Mexico City and be near to everything. Start your day with a view of the city's skyline and let your creative side out at Palacio de Bellas Artes. Take a stroll along Paseo de la Reforma or ride a bike through Alameda Central. Stunning photo ops await you at Zócalo and the Monument to the Revolution. Enjoy the city’s finest cuisine at top restaurants or shop 'til you drop at Mercado de Artesanías La Cuidadela. This exquisite haven has everything you need!,-    	Museo del Pulque – 0.2 miles; <br />-    	the Monument to the Revolution – 0.7 miles; <br />-    	Barrio Almeda – 0.8 miles; <br />-    	Mercado de Artesanías La Cuidadela – 0.8 miles; <br />-    	Palacio de Bellas Artes – 0.8 miles; <br />-    	Alameda Central – 1.4 miles; <br />-    	Downtown Mexico City – 1.5 miles; <br />-    	Zócalo – 1.6 miles; <br />-    	Reforma 222 – 2.1 miles; <br />-    	Paseo de la Reforma – 4.1 miles; <br />-    	Mexico City International Airport – 5.9 miles,Aishat,2023-11-20,2023-11-20,Información acerca del anfitrión del no proporcionada,within an hour,f,['phone'],f,Cuauhtémoc,Room in hotel,Hotel room,4 baths,"[""Iron"", ""Wifi"", ""Heating"", ""Self check-in"", ""Hangers"", ""Free parking on premises"", ""Carbon monoxide alarm"", ""Coffee maker"", ""First aid kit"", ""Essentials"", ""Shampoo"", ""Hot water"", ""Luggage dropoff allowed"", ""TV"", ""Bed linens"", ""Smoke alarm"", ""Extra pillows and blankets"", ""Fire extinguisher"", ""Air conditioning"", ""Gym"", ""Dedicated workspace"", ""Hair dryer"", ""Building staff""]",9999-01-01,No disponible,t,1191428395637843964,1.0,1.0,23.0,23.0,19.43512544161741,-99.14722559448803,3.1,4.0,4.0,1.8,5951.0,1.0,365.0,1.0,262.5,23,23,42,42,0.0,0.0,4.8,4.9,4.8,4.8,4.8,4.7,1.7
2024-09-26,city scrape,"Modern Escape! Roof-Top Deck, Live Music and Band",Stay in the heart of Mexico City and be near to everything. Start your day with a view of the city's skyline and let your creative side out at Palacio de Bellas Artes. Take a stroll along Paseo de la Reforma or ride a bike through Alameda Central. Stunning photo ops await you at Zócalo and the Monument to the Revolution. Enjoy the city’s finest cuisine at top restaurants or shop 'til you drop at Mercado de Artesanías La Cuidadela. This exquisite haven has everything you need!,-    	Museo del Pulque – 0.2 miles; <br />-    	the Monument to the Revolution – 0.7 miles; <br />-    	Barrio Almeda – 0.8 miles; <br />-    	Mercado de Artesanías La Cuidadela – 0.8 miles; <br />-    	Palacio de Bellas Artes – 0.8 miles; <br />-    	Alameda Central – 1.4 miles; <br />-    	Downtown Mexico City – 1.5 miles; <br />-    	Zócalo – 1.6 miles; <br />-    	Reforma 222 – 2.1 miles; <br />-    	Paseo de la Reforma – 4.1 miles; <br />-    	Mexico City International Airport – 5.9 miles,Aishat,2023-11-20,2023-11-20,Información acerca del anfitrión del no proporcionada,within an hour,f,['phone'],f,Cuauhtémoc,Room in hotel,Hotel room,1 bath,"[""Iron"", ""Wifi"", ""Heating"", ""Self check-in"", ""Hangers"", ""Free parking on premises"", ""Carbon monoxide alarm"", ""Coffee maker"", ""First aid kit"", ""Essentials"", ""Shampoo"", ""Hot water"", ""Luggage dropoff allowed"", ""TV"", ""Bed linens"", ""Smoke alarm"", ""Extra pillows and blankets"", ""Fire extinguisher"", ""Air conditioning"", ""Gym"", ""Dedicated workspace"", ""Hair dryer"", ""Building staff""]",9999-01-01,No disponible,t,1191428926525268705,1.0,1.0,23.0,23.0,19.43713,-99.14841,2.0,1.0,1.0,1.0,1484.0,1.0,365.0,1.0,262.5,26,26,45,45,0.0,0.0,4.8,4.9,4.8,4.8,4.8,4.7,1.7
2024-09-26,city scrape,"Travel and Unwind! Near Downtown, Live Music",Stay in the heart of Mexico City and be near to everything. Start your day with a view of the city's skyline and let your creative side out at Palacio de Bellas Artes. Take a stroll along Paseo de la Reforma or ride a bike through Alameda Central. Stunning photo ops await you at Zócalo and the Monument to the Revolution. Enjoy the city’s finest cuisine at top restaurants or shop 'til you drop at Mercado de Artesanías La Cuidadela. This exquisite haven has everything you need!,-    	Museo del Pulque – 0.2 miles; <br />-    	the Monument to the Revolution – 0.7 miles; <br />-    	Barrio Almeda – 0.8 miles; <br />-    	Mercado de Artesanías La Cuidadela – 0.8 miles; <br />-    	Palacio de Bellas Artes – 0.8 miles; <br />-    	Alameda Central – 1.4 miles; <br />-    	Downtown Mexico City – 1.5 miles; <br />-    	Zócalo – 1.6 miles; <br />-    	Reforma 222 – 2.1 miles; <br />-    	Paseo de la Reforma – 4.1 miles; <br />-    	Mexico City International Airport – 5.9 miles,Aishat,2023-11-20,2023-11-20,Información acerca del anfitrión del no proporcionada,within an hour,f,['phone'],f,Cuauhtémoc,Room in hotel,Hotel room,1 bath,"[""Iron"", ""Wifi"", ""Heating"", ""Self check-in"", ""Hangers"", ""Free parking on premises"", ""Carbon monoxide alarm"", ""Coffee maker"", ""First aid kit"", ""Essentials"", ""Shampoo"", ""Hot water"", ""Luggage dropoff allowed"", ""TV"", ""Bed linens"", ""Smoke alarm"", ""Extra pillows and blankets"", ""Fire extinguisher"", ""Air conditioning"", ""Gym"", ""Dedicated workspace"", ""Hair dryer"", ""Building staff""]",9999-01-01,No disponible,t,1191429332324761538,1.0,1.0,23.0,23.0,19.43723969363611,-99.1483342656205,2.0,1.0,1.0,1.0,1484.0,1.0,365.0,1.0,262.5,26,26,45,45,0.0,0.0,4.8,4.9,4.8,4.8,4.8,4.7,1.7
2024-09-26,city scrape,"Near Alameda Central, Bike Tours, Museum Treats",Stay in the heart of Mexico City and be near to everything. Start your day with a view of the city's skyline and let your creative side out at Palacio de Bellas Artes. Take a stroll along Paseo de la Reforma or ride a bike through Alameda Central. Stunning photo ops await you at Zócalo and the Monument to the Revolution. Enjoy the city’s finest cuisine at top restaurants or shop 'til you drop at Mercado de Artesanías La Cuidadela. This exquisite haven has everything you need!,-    	Museo del Pulque – 0.2 miles; <br />-    	the Monument to the Revolution – 0.7 miles; <br />-    	Barrio Almeda – 0.8 miles; <br />-    	Mercado de Artesanías La Cuidadela – 0.8 miles; <br />-    	Palacio de Bellas Artes – 0.8 miles; <br />-    	Alameda Central – 1.4 miles; <br />-    	Downtown Mexico City – 1.5 miles; <br />-    	Zócalo – 1.6 miles; <br />-    	Reforma 222 – 2.1 miles; <br />-    	Paseo de la Reforma – 4.1 miles; <br />-    	Mexico City International Airport – 5.9 miles,Aishat,2023-11-20,2023-11-20,Información acerca del anfitrión del no proporcionada,within an hour,f,['phone'],f,Cuauhtémoc,Room in hotel,Hotel room,2 baths,"[""Iron"", ""Wifi"", ""Heating"", ""Self check-in"", ""Hangers"", ""Free parking on premises"", ""Carbon monoxide alarm"", ""Coffee maker"", ""First aid kit"", ""Essentials"", ""Shampoo"", ""Hot water"", ""Luggage dropoff allowed"", ""TV"", ""Bed linens"", ""Smoke alarm"", ""Extra pillows and blankets"", ""Fire extinguisher"", ""Air conditioning"", ""Gym"", ""Dedicated workspace"", ""Hair dryer"", ""Building staff""]",9999-01-01,No disponible,t,1191429442567129398,1.0,1.0,23.0,23.0,19.435173179706656,-99.14854381562876,4.0,2.0,2.0,2.0,2983.0,1.0,365.0,1.0,262.5,25,25,44,44,0.0,0.0,4.8,4.9,4.8,4.8,4.8,4.7,1.7
2024-09-26,city scrape,"Classic Retreat, Steps from Alameda Central",Stay in the heart of Mexico City and be near to everything. Start your day with a view of the city's skyline and let your creative side out at Palacio de Bellas Artes. Take a stroll along Paseo de la Reforma or ride a bike through Alameda Central. Stunning photo ops await you at Zócalo and the Monument to the Revolution. Enjoy the city’s finest cuisine at top restaurants or shop 'til you drop at Mercado de Artesanías La Cuidadela. This exquisite haven has everything you need!,- 	Pulque Museum – 0.2 miles; <br />-    	the Monument to the Revolution – 0.7 miles; <br />-    	Barrio Almeda – 0.8 miles; <br />- 	La Cuidadela Craft Market – 0.8 miles; <br />-    	Palace of Fine Arts – 0.8 miles; <br />-    	Alameda Central – 1.4 miles; <br />-    	Downtown Mexico City – 1.5 miles; <br />-    	Zócalo – 1.6 miles; <br />-    	Reforma 222 – 2.1 miles; <br />-    	Paseo de la Reforma – 4.1 miles; <br />-    	Mexico City International Airport – 5.9 miles,Aishat,2023-11-20,2023-11-20,Información acerca del anfitrión del no proporcionada,within an hour,f,['phone'],f,Cuauhtémoc,Room in hotel,Hotel room,2 baths,"[""Iron"", ""Wifi"", ""Heating"", ""Self check-in"", ""Hangers"", ""Free parking on premises"", ""Carbon monoxide alarm"", ""Coffee maker"", ""First aid kit"", ""Essentials"", ""Shampoo"", ""Hot water"", ""Luggage dropoff allowed"", ""TV"", ""Bed linens"", ""Smoke alarm"", ""Extra pillows and blankets"", ""Fire extinguisher"", ""Air conditioning"", ""Gym"", ""Dedicated workspace"", ""Hair dryer"", ""Building staff""]",9999-01-01,No disponible,t,1191429570773350700,1.0,1.0,23.0,23.0,19.43651,-99.14757,4.0,2.0,2.0,2.0,2983.0,1.0,365.0,1.0,262.5,25,25,44,44,0.0,0.0,4.8,4.9,4.8,4.8,4.8,4.7,1.7
2024-09-26,city scrape,"Panoramic City Views, Roof-Top with Live Music",Stay in the heart of Mexico City and be near to everything. Start your day with a view of the city's skyline and let your creative side out at Palacio de Bellas Artes. Take a stroll along Paseo de la Reforma or ride a bike through Alameda Central. Stunning photo ops await you at Zócalo and the Monument to the Revolution. Enjoy the city’s finest cuisine at top restaurants or shop 'til you drop at Mercado de Artesanías La Cuidadela. This exquisite haven has everything you need!,-    	Museo del Pulque – 0.2 miles; <br />-    	the Monument to the Revolution – 0.7 miles; <br />-    	Barrio Almeda – 0.8 miles; <br />-    	Mercado de Artesanías La Cuidadela – 0.8 miles; <br />-    	Palacio de Bellas Artes – 0.8 miles; <br />-    	Alameda Central – 1.4 miles; <br />-    	Downtown Mexico City – 1.5 miles; <br />-    	Zócalo – 1.6 miles; <br />-    	Reforma 222 – 2.1 miles; <br />-    	Paseo de la Reforma – 4.1 miles; <br />-    	Mexico City International Airport – 5.9 miles,Aishat,2023-11-20,2023-11-20,Información acerca del anfitrión del no proporcionada,within an hour,f,['phone'],f,Cuauhtémoc,Room in hotel,Hotel room,2 baths,"[""Iron"", ""Wifi"", ""Heating"", ""Self check-in"", ""Hangers"", ""Free parking on premises"", ""Carbon monoxide alarm"", ""Coffee maker"", ""First aid kit"", ""Essentials"", ""Shampoo"", ""Hot water"", ""Luggage dropoff allowed"", ""TV"", ""Bed linens"", ""Smoke alarm"", ""Extra pillows and blankets"", ""Fire extinguisher"", ""Air conditioning"", ""Gym"", ""Dedicated workspace"", ""Hair dryer"", ""Building staff""]",9999-01-01,No disponible,t,1191429779968457005,1.0,1.0,23.0,23.0,19.435522126290746,-99.14687029768751,4.0,2.0,2.0,2.0,2983.0,1.0,365.0,1.0,262.5,25,25,44,44,0.0,0.0,4.8,4.9,4.8,4.8,4.8,4.7,1.7
2024-09-26,city scrape,"Three Spacious Units, Dancing. Free Local Shuttle",Stay in the heart of Mexico City and be near to everything. Start your day with a view of the city's skyline and let your creative side out at Palacio de Bellas Artes. Take a stroll along Paseo de la Reforma or ride a bike through Alameda Central. Stunning photo ops await you at Zócalo and the Monument to the Revolution. Enjoy the city’s finest cuisine at top restaurants or shop 'til you drop at Mercado de Artesanías La Cuidadela. This exquisite haven has everything you need!,-    	Museo del Pulque – 0.2 miles; <br />-    	the Monument to the Revolution – 0.7 miles; <br />-    	Barrio Almeda – 0.8 miles; <br />-    	Mercado de Artesanías La Cuidadela – 0.8 miles; <br />-    	Palacio de Bellas Artes – 0.8 miles; <br />-    	Alameda Central – 1.4 miles; <br />-    	Downtown Mexico City – 1.5 miles; <br />-    	Zócalo – 1.6 miles; <br />-    	Reforma 222 – 2.1 miles; <br />-    	Paseo de la Reforma – 4.1 miles; <br />-    	Mexico City International Airport – 5.9 miles,Aishat,2023-11-20,2023-11-20,Información acerca del anfitrión del no proporcionada,within an hour,f,['phone'],f,Cuauhtémoc,Room in hotel,Hotel room,3 baths,"[""Iron"", ""Wifi"", ""Heating"", ""Self check-in"", ""Hangers"", ""Free parking on premises"", ""Carbon monoxide alarm"", ""Coffee maker"", ""First aid kit"", ""Essentials"", ""Shampoo"", ""Hot water"", ""Luggage dropoff allowed"", ""TV"", ""Bed linens"", ""Smoke alarm"", ""Extra pillows and blankets"", ""Fire extinguisher"", ""Air conditioning"", ""Gym"", ""Dedicated workspace"", ""Hair dryer"", ""Building staff""]",9999-01-01,No disponible,t,1191429861340531992,1.0,1.0,23.0,23.0,19.437120412156897,-99.1474261830991,6.0,3.0,3.0,3.0,4467.0,1.0,365.0,1.0,262.5,25,25,44,44,0.0,0.0,4.8,4.9,4.8,4.8,4.8,4.7,1.7
2024-09-26,city scrape,"3 Units with City Views, Near Alameda Central",Stay in the heart of Mexico City and be near to everything. Start your day with a view of the city's skyline and let your creative side out at Palacio de Bellas Artes. Take a stroll along Paseo de la Reforma or ride a bike through Alameda Central. Stunning photo ops await you at Zócalo and the Monument to the Revolution. Enjoy the city’s finest cuisine at top restaurants or shop 'til you drop at Mercado de Artesanías La Cuidadela. This exquisite haven has everything you need!,-    	Museo del Pulque – 0.2 miles; <br />-    	the Monument to the Revolution – 0.7 miles; <br />-    	Barrio Almeda – 0.8 miles; <br />-    	Mercado de Artesanías La Cuidadela – 0.8 miles; <br />-    	Palacio de Bellas Artes – 0.8 miles; <br />-    	Alameda Central – 1.4 miles; <br />-    	Downtown Mexico City – 1.5 miles; <br />-    	Zócalo – 1.6 miles; <br />-    	Reforma 222 – 2.1 miles; <br />-    	Paseo de la Reforma – 4.1 miles; <br />-    	Mexico City International Airport – 5.9 miles,Aishat,2023-11-20,2023-11-20,Información acerca del anfitrión del no proporcionada,within an hour,f,['phone'],f,Cuauhtémoc,Room in hotel,Hotel room,3 baths,"[""Iron"", ""Wifi"", ""Heating"", ""Self check-in"", ""Hangers"", ""Free parking on premises"", ""Carbon monoxide alarm"", ""Coffee maker"", ""First aid kit"", ""Essentials"", ""Shampoo"", ""Hot water"", ""Luggage dropoff allowed"", ""TV"", ""Bed linens"", ""Smoke alarm"", ""Extra pillows and blankets"", ""Fire extinguisher"", ""Air conditioning"", ""Gym"", ""Dedicated workspace"", ""Hair dryer"", ""Building staff""]",9999-01-01,No disponible,t,1191429963571572038,1.0,1.0,23.0,23.0,19.435193806747083,-99.14824030050173,6.0,3.0,3.0,3.0,4467.0,1.0,365.0,1.0,262.5,25,25,44,44,0.0,0.0,4.8,4.9,4.8,4.8,4.8,4.7,1.7
2024-09-26,city scrape,Stay on the Pulse of Life! 3 Modern Units,Stay in the heart of Mexico City and be near to everything. Start your day with a view of the city's skyline and let your creative side out at Palacio de Bellas Artes. Take a stroll along Paseo de la Reforma or ride a bike through Alameda Central. Stunning photo ops await you at Zócalo and the Monument to the Revolution. Enjoy the city’s finest cuisine at top restaurants or shop 'til you drop at Mercado de Artesanías La Cuidadela. This exquisite haven has everything you need!,-    	Museo del Pulque – 0.2 miles; <br />-    	the Monument to the Revolution – 0.7 miles; <br />-    	Barrio Almeda – 0.8 miles; <br />-    	Mercado de Artesanías La Cuidadela – 0.8 miles; <br />-    	Palacio de Bellas Artes – 0.8 miles; <br />-    	Alameda Central – 1.4 miles; <br />-    	Downtown Mexico City – 1.5 miles; <br />-    	Zócalo – 1.6 miles; <br />-    	Reforma 222 – 2.1 miles; <br />-    	Paseo de la Reforma – 4.1 miles; <br />-    	Mexico City International Airport – 5.9 miles,Aishat,2023-11-20,2023-11-20,Información acerca del anfitrión del no proporcionada,within an hour,f,['phone'],f,Cuauhtémoc,Room in hotel,Hotel room,3 baths,"[""Iron"", ""Wifi"", ""Heating"", ""Self check-in"", ""Hangers"", ""Free parking on premises"", ""Carbon monoxide alarm"", ""Coffee maker"", ""First aid kit"", ""Essentials"", ""Shampoo"", ""Hot water"", ""Luggage dropoff allowed"", ""TV"", ""Bed linens"", ""Smoke alarm"", ""Extra pillows and blankets"", ""Fire extinguisher"", ""Air conditioning"", ""Gym"", ""Dedicated workspace"", ""Hair dryer"", ""Building staff""]",9999-01-01,No disponible,t,1191430000251731301,1.0,1.0,23.0,23.0,19.43663,-99.148,6.0,3.0,3.0,3.0,4467.0,1.0,365.0,1.0,262.5,25,25,44,44,0.0,0.0,4.8,4.9,4.8,4.8,4.8,4.7,1.7
2024-09-26,city scrape,4 Modern Units Just Steps from the Downtown!,Stay in the heart of Mexico City and be near to everything. Start your day with a view of the city's skyline and let your creative side out at Palacio de Bellas Artes. Take a stroll along Paseo de la Reforma or ride a bike through Alameda Central. Stunning photo ops await you at Zócalo and the Monument to the Revolution. Enjoy the city’s finest cuisine at top restaurants or shop 'til you drop at Mercado de Artesanías La Cuidadela. This exquisite haven has everything you need!,-    	Museo del Pulque – 0.2 miles; <br />-    	the Monument to the Revolution – 0.7 miles; <br />-    	Barrio Almeda – 0.8 miles; <br />-    	Mercado de Artesanías La Cuidadela – 0.8 miles; <br />-    	Palacio de Bellas Artes – 0.8 miles; <br />-    	Alameda Central – 1.4 miles; <br />-    	Downtown Mexico City – 1.5 miles; <br />-    	Zócalo – 1.6 miles; <br />-    	Reforma 222 – 2.1 miles; <br />-    	Paseo de la Reforma – 4.1 miles; <br />-    	Mexico City International Airport – 5.9 miles,Aishat,2023-11-20,2023-11-20,Información acerca del anfitrión del no proporcionada,within an hour,f,['phone'],f,Cuauhtémoc,Room in hotel,Hotel room,4 baths,"[""Iron"", ""Wifi"", ""Heating"", ""Self check-in"", ""Hangers"", ""Free parking on premises"", ""Carbon monoxide alarm"", ""Coffee maker"", ""First aid kit"", ""Essentials"", ""Shampoo"", ""Hot water"", ""Luggage dropoff allowed"", ""TV"", ""Bed linens"", ""Smoke alarm"", ""Extra pillows and blankets"", ""Fire extinguisher"", ""Air conditioning"", ""Gym"", ""Dedicated workspace"", ""Hair dryer"", ""Building staff""]",9999-01-01,No disponible,t,1191430079828817253,1.0,1.0,23.0,23.0,19.435303667528714,-99.14860393536064,8.0,4.0,4.0,4.0,5951.0,1.0,365.0,1.0,262.5,25,25,44,44,0.0,0.0,4.8,4.9,4.8,4.8,4.8,4.7,1.7
2024-09-26,city scrape,"4 Units with City View, Steps from Alameda Central",Stay in the heart of Mexico City and be near to everything. Start your day with a view of the city's skyline and let your creative side out at Palacio de Bellas Artes. Take a stroll along Paseo de la Reforma or ride a bike through Alameda Central. Stunning photo ops await you at Zócalo and the Monument to the Revolution. Enjoy the city’s finest cuisine at top restaurants or shop 'til you drop at Mercado de Artesanías La Cuidadela. This exquisite haven has everything you need!,-    	Museo del Pulque – 0.2 miles; <br />-    	the Monument to the Revolution – 0.7 miles; <br />-    	Barrio Almeda – 0.8 miles; <br />-    	Mercado de Artesanías La Cuidadela – 0.8 miles; <br />-    	Palacio de Bellas Artes – 0.8 miles; <br />-    	Alameda Central – 1.4 miles; <br />-    	Downtown Mexico City – 1.5 miles; <br />-    	Zócalo – 1.6 miles; <br />-    	Reforma 222 – 2.1 miles; <br />-    	Paseo de la Reforma – 4.1 miles; <br />-    	Mexico City International Airport – 5.9 miles,Aishat,2023-11-20,2023-11-20,Información acerca del anfitrión del no proporcionada,within an hour,f,['phone'],f,Cuauhtémoc,Room in hotel,Hotel room,4 baths,"[""Iron"", ""Wifi"", ""Heating"", ""Self check-in"", ""Hangers"", ""Free parking on premises"", ""Carbon monoxide alarm"", ""Coffee maker"", ""First aid kit"", ""Essentials"", ""Shampoo"", ""Hot water"", ""Luggage dropoff allowed"", ""TV"", ""Bed linens"", ""Smoke alarm"", ""Extra pillows and blankets"", ""Fire extinguisher"", ""Air conditioning"", ""Gym"", ""Dedicated workspace"", ""Hair dryer"", ""Building staff""]",9999-01-01,No disponible,t,1191430130484570539,1.0,1.0,23.0,23.0,19.437363070601226,-99.14869788409932,8.0,4.0,4.0,4.0,5951.0,1.0,365.0,1.0,262.5,25,25,44,44,0.0,0.0,4.8,4.9,4.8,4.8,4.8,4.7,1.7
2024-09-26,city scrape,Rooftop Deck with Majestic Views! 4 Units,Stay in the heart of Mexico City and be near to everything. Start your day with a view of the city's skyline and let your creative side out at Palacio de Bellas Artes. Take a stroll along Paseo de la Reforma or ride a bike through Alameda Central. Stunning photo ops await you at Zócalo and the Monument to the Revolution. Enjoy the city’s finest cuisine at top restaurants or shop 'til you drop at Mercado de Artesanías La Cuidadela. This exquisite haven has everything you need!,-    	Museo del Pulque – 0.2 miles; <br />-    	the Monument to the Revolution – 0.7 miles; <br />-    	Barrio Almeda – 0.8 miles; <br />-    	Mercado de Artesanías La Cuidadela – 0.8 miles; <br />-    	Palacio de Bellas Artes – 0.8 miles; <br />-    	Alameda Central – 1.4 miles; <br />-    	Downtown Mexico City – 1.5 miles; <br />-    	Zócalo – 1.6 miles; <br />-    	Reforma 222 – 2.1 miles; <br />-    	Paseo de la Reforma – 4.1 miles; <br />-    	Mexico City International Airport – 5.9 miles,Aishat,2023-11-20,2023-11-20,Información acerca del anfitrión del no proporcionada,within an hour,f,['phone'],f,Cuauhtémoc,Room in hotel,Hotel room,4 baths,"[""Iron"", ""Wifi"", ""Heating"", ""Self check-in"", ""Hangers"", ""Free parking on premises"", ""Carbon monoxide alarm"", ""Coffee maker"", ""First aid kit"", ""Essentials"", ""Shampoo"", ""Hot water"", ""Luggage dropoff allowed"", ""TV"", ""Bed linens"", ""Smoke alarm"", ""Extra pillows and blankets"", ""Fire extinguisher"", ""Air conditioning"", ""Gym"", ""Dedicated workspace"", ""Hair dryer"", ""Building staff""]",9999-01-01,No disponible,t,1191430238014754309,1.0,1.0,23.0,23.0,19.43577969616317,-99.14661243726432,8.0,4.0,4.0,4.0,5951.0,1.0,365.0,1.0,262.5,25,25,44,44,0.0,0.0,4.8,4.9,4.8,4.8,4.8,4.7,1.7
2024-09-26,city scrape,"Near Alameda Central, Bike Tours, Museum Treats",Stay in the heart of Mexico City and be near to everything. Start your day with a view of the city's skyline and let your creative side out at Palacio de Bellas Artes. Take a stroll along Paseo de la Reforma or ride a bike through Alameda Central. Stunning photo ops await you at Zócalo and the Monument to the Revolution. Enjoy the city’s finest cuisine at top restaurants or shop 'til you drop at Mercado de Artesanías La Cuidadela. This exquisite haven has everything you need!,-    	Museo del Pulque – 0.2 miles; <br />-    	the Monument to the Revolution – 0.7 miles; <br />-    	Barrio Almeda – 0.8 miles; <br />-    	Mercado de Artesanías La Cuidadela – 0.8 miles; <br />-    	Palacio de Bellas Artes – 0.8 miles; <br />-    	Alameda Central – 1.4 miles; <br />-    	Downtown Mexico City – 1.5 miles; <br />-    	Zócalo – 1.6 miles; <br />-    	Reforma 222 – 2.1 miles; <br />-    	Paseo de la Reforma – 4.1 miles; <br />-    	Mexico City International Airport – 5.9 miles,Aishat,2023-11-20,2023-11-20,Información acerca del anfitrión del no proporcionada,within an hour,f,['phone'],f,Cuauhtémoc,Room in hotel,Hotel room,1 bath,"[""Iron"", ""Wifi"", ""Heating"", ""Self check-in"", ""Hangers"", ""Free parking on premises"", ""Carbon monoxide alarm"", ""Coffee maker"", ""First aid kit"", ""Essentials"", ""Shampoo"", ""Hot water"", ""Luggage dropoff allowed"", ""TV"", ""Bed linens"", ""Smoke alarm"", ""Extra pillows and blankets"", ""Fire extinguisher"", ""Air conditioning"", ""Gym"", ""Dedicated workspace"", ""Hair dryer"", ""Building staff""]",9999-01-01,No disponible,t,1191430521084135024,1.0,1.0,23.0,23.0,19.43517956766124,-99.14678971728203,2.0,1.0,1.0,1.0,1484.0,1.0,365.0,1.0,262.5,26,26,45,45,0.0,0.0,4.8,4.9,4.8,4.8,4.8,4.7,1.7
2024-09-26,city scrape,Steps from the Historic District! Bike Tours!,Stay in the heart of Mexico City and be near to everything. Start your day with a view of the city's skyline and let your creative side out at Palacio de Bellas Artes. Take a stroll along Paseo de la Reforma or ride a bike through Alameda Central. Stunning photo ops await you at Zócalo and the Monument to the Revolution. Enjoy the city’s finest cuisine at top restaurants or shop 'til you drop at Mercado de Artesanías La Cuidadela. This exquisite haven has everything you need!,-    	Museo del Pulque – 0.2 miles; <br />-    	the Monument to the Revolution – 0.7 miles; <br />-    	Barrio Almeda – 0.8 miles; <br />-    	Mercado de Artesanías La Cuidadela – 0.8 miles; <br />-    	Palacio de Bellas Artes – 0.8 miles; <br />-    	Alameda Central – 1.4 miles; <br />-    	Downtown Mexico City – 1.5 miles; <br />-    	Zócalo – 1.6 miles; <br />-    	Reforma 222 – 2.1 miles; <br />-    	Paseo de la Reforma – 4.1 miles; <br />-    	Mexico City International Airport – 5.9 miles,Aishat,2023-11-20,2023-11-20,Información acerca del anfitrión del no proporcionada,within an hour,f,['phone'],f,Cuauhtémoc,Room in hotel,Hotel room,1 bath,"[""Iron"", ""Wifi"", ""Heating"", ""Self check-in"", ""Hangers"", ""Free parking on premises"", ""Carbon monoxide alarm"", ""Coffee maker"", ""First aid kit"", ""Essentials"", ""Shampoo"", ""Hot water"", ""Luggage dropoff allowed"", ""TV"", ""Bed linens"", ""Smoke alarm"", ""Extra pillows and blankets"", ""Fire extinguisher"", ""Air conditioning"", ""Gym"", ""Dedicated workspace"", ""Hair dryer"", ""Building staff""]",9999-01-01,No disponible,t,1191431981766770022,1.0,1.0,23.0,23.0,19.436567165131404,-99.14663899465071,3.0,1.0,1.0,2.0,1484.0,1.0,365.0,1.0,262.5,23,23,42,42,0.0,0.0,4.8,4.9,4.8,4.8,4.8,4.7,1.7
