last_scraped,source,name,description,neighborhood_overview,host_name,host_since,host_location,host_about,host_response_time,host_is_superhost,host_verifications,host_identity_verified,neighbourhood_cleansed,property_type,room_type,bathrooms_text,amenities,first_review,license,instant_bookable,id,host_response_rate,host_acceptance_rate,host_listings_count,host_total_listings_count,latitude,longitude,accommodates,bathrooms,bedrooms,beds,price,minimum_nights,maximum_nights,minimum_nights_avg_ntm,maximum_nights_avg_ntm,availability_30,availability_60,availability_90,availability_365,number_of_reviews,number_of_reviews_l30d,review_scores_rating,review_scores_accuracy,review_scores_cleanliness,review_scores_communication,review_scores_location,review_scores_value,reviews_per_month
2024-09-26,previous scrape,Apt near Mexico City's downtown,Descripción no proporcionada,Información acerca del vecindario no proporcionada,Andoni,2012-07-26,2012-07-26,Hi! Feel free to contact me if you have any inquiries about my listing. Thank you!,within an hour,f,"['email', 'phone']",f,Cuauhtémoc,Shared room in rental unit,Shared room,1.5 shared baths,"[""Washer"", ""Wifi"", ""TV with standard cable"", ""Breakfast"", ""Kitchen""]",9999-01-01,No disponible,f,617137,1.0,1.0,1.0,1.0,19.44614,-99.15868,2.0,1.5,1.6,2.0,300.0,1.0,1125.0,1.0,1125.0,0,0,0,0,0.0,0.0,4.8,4.9,4.8,4.8,4.8,4.7,1.7
2024-09-26,city scrape,cuarto con terraza y uso general,"double bed , full bathroom, room with own terrace, PH new in colonia condesa, views of Trees in front of the Roof top, very ventilated, trees, new and complete kitchen, Roof Top private , parking place, Total Play spacious package included, wifi, dressing room, among the 3 best PH in condesa, 5 min walk to Parque México, super central in the heart of the countess, ecobici in front, all necessary services walking","Condesa is the main attraction in the city for its beautiful vegetation, restaurants, bars, parks, it is a small cosmopolitan town inhabiting foreigners from all over the world who have come to put their businesses or are digital nomads living with luxuries and services much more economical than in their countries",Jordi,2014-05-30,2014-05-30,muy bna persona espiritual deportista ,a few days or more,f,"['email', 'phone']",t,Cuauhtémoc,Shared room in loft,Shared room,1.5 shared baths,"[""Free parking on premises"", ""Washer"", ""TV"", ""Wifi"", ""Fire pit"", ""City skyline view"", ""Kitchen"", ""Outdoor dining area"", ""Dedicated workspace""]",9999-01-01,No disponible,t,3197924,1.0,0.9,3.0,8.0,19.4076432,-99.1739316,1.0,1.5,2.0,2.0,640.0,2.0,365.0,2.0,365.0,30,60,90,364,0.0,0.0,4.8,4.9,4.8,4.8,4.8,4.7,1.7
2024-09-26,city scrape,メキシコシティの革命記念塔付近のホステルです。,Single Room $30<br />Double room $60<br />Dormitory $15<br /><br />Public Transportation<br />30 minutes by taxi from the airport USD15.00 (MXN215.00)<br />As of February 2015<br /><br />Subway <br />Review 3min walk... see more<br /><br />メトロバス<br />PLAZA DE LA REPUBLICA 徒歩8分<br />BUENAVISTA 15,Información acerca del vecindario no proporcionada,Tetsuo,2015-02-22,2015-02-22,"DOMITORY 15USD PER PERSON
HABITACION SINGLE 30USD
HABITACION TWIN 45USD 

HOSTEL TRAVELSTATIONMEXICO",within a few hours,t,"['email', 'phone']",t,Cuauhtémoc,Shared room in guesthouse,Shared room,8 shared baths,"[""Iron"", ""Washer"", ""Wifi"", ""Refrigerator"", ""Dishes and silverware"", ""Carbon monoxide alarm"", ""Coffee maker"", ""Long term stays allowed"", ""Shampoo"", ""Hot water"", ""TV"", ""Patio or balcony"", ""Kitchen"", ""BBQ grill"", ""Smoke alarm"", ""Free street parking"", ""Exterior security cameras on property"", ""Cooking basics"", ""Hair dryer"", ""Microwave""]",2015-05-23,No disponible,f,5434219,1.0,0.85,2.0,2.0,19.43883,-99.15283,3.1,1.4,1.0,1.8,290.0,2.0,1125.0,2.0,1125.0,28,55,85,360,34.0,2.0,4.44,4.74,4.47,4.71,4.71,4.59,0.3
2024-09-25,city scrape,SUPER SAVER GROUP DEAL - PERFECT FOR STUDENTS,"Welcome to the best college-style dorms in a Boutique concept!<br /><br />We have available 100 beds in 15 dormitories, parquet floors, high ceilings, large windows with balcony colonial style. We have designed every dorm in a special, spacious and bright way.<br /><br />We are a unique hostel that boasts a fantastically social and cozy atmosphere, fully redesigned lobby area, a friendly staff, and a fabulous location. We have a kitchen, Wifi, and luggage storage, which means staying with us is a great value.",Información acerca del vecindario no proporcionada,Thor,2015-06-09,2015-06-09,"Welcome, Airbnbers!

I am from Norway and raised in U.S.A. and Mexico City. As a global traveler & entrepreneur, I understand my guest's travel needs.  My passion for hospitality is based on offering: Prime location + Complimentary Housekeeping & Affordable = THE PERFECT STAY.

5 stars hospitality 
☆☆☆☆☆

I look forward to welcome you!

Thor",within a few hours,f,"['email', 'phone']",t,Cuauhtémoc,Shared room in hostel,Shared room,4 shared baths,"[""Carbon monoxide alarm"", ""Washer"", ""Wifi"", ""TV with standard cable"", ""Fire extinguisher"", ""Kitchen"", ""First aid kit"", ""Smoking allowed"", ""Smoke alarm""]",9999-01-01,No disponible,f,6972071,1.0,0.31,58.0,69.0,19.42884,-99.13573,3.1,4.0,1.0,1.8,5314.0,1.0,1125.0,1.0,1125.0,30,60,90,365,0.0,0.0,4.8,4.9,4.8,4.8,4.8,4.7,1.7
2024-09-25,city scrape,Nova House,"It has all the comforts to rest if you come for work or travel, has a terrace with hammocks which makes it special. It is located near the historic center, airport and terminals. You can get to know a traditional and cheap neighborhood.","The neighborhood is popular where you can experience the Mexican culture of its streets and mainly food shops, and if you stay more than 2 nights you can shop in the supermarket to save money.",Antonio,2015-04-17,2015-04-17,Información acerca del anfitrión del no proporcionada,within a few hours,t,"['email', 'phone', 'work_email']",t,Venustiano Carranza,Shared room in home,Shared room,3 shared baths,"[""Carbon monoxide alarm"", ""Washer"", ""Wifi"", ""Backyard"", ""TV with standard cable"", ""Patio or balcony"", ""Smoking allowed"", ""Kitchen"", ""First aid kit"", ""Refrigerator"", ""Dishes and silverware"", ""Essentials"", ""Free street parking"", ""Exterior security cameras on property"", ""Cooking basics"", ""Microwave""]",2015-05-22,No disponible,t,6076798,1.0,0.94,2.0,2.0,19.44329,-99.10947,3.1,3.0,1.0,1.8,550.0,1.0,1125.0,1.0,1125.0,0,0,0,267,85.0,0.0,4.85,4.84,4.93,4.91,4.69,4.93,0.75
2024-09-25,city scrape,Sala de estar en DF,"Stay in our downtown brick apartment. It has a genuinely urban touch. At the moment I am not offering you a private room but it is ideal for you to sleep, bathe and make your belongings safe. Come on weekends and I give you an unforgettable tour! WELCOME.",We are close to everything! You can walk or bike to many sights. The subway and the subway bus are super close.,Héctor,2015-04-27,2015-04-27,"Me gusta mucho la buena comida ya sea en algún lugar de moda, en un mercado, puesto de la calle o en algún lugar secreto. Disfruto mucho del cine, viajar, conocer gente nueva, el café, la cerveza, el mezcal, bailar, la música, los museos y el cine. Casi siempre ando en bici. ",within an hour,f,"['email', 'phone']",t,Cuauhtémoc,Shared room in rental unit,Shared room,1 shared bath,"[""Wifi"", ""TV with standard cable"", ""Kitchen"", ""Essentials"", ""Shampoo""]",9999-01-01,No disponible,f,6312611,1.0,1.0,1.0,1.0,19.41918,-99.15167,1.0,1.0,1.0,1.0,200.0,1.0,1125.0,1.0,1125.0,28,58,88,363,0.0,0.0,4.8,4.9,4.8,4.8,4.8,4.7,1.7
2024-09-26,city scrape,Capsule Hostel Mexico City,"Unique concept in Mexico, inspired by the capsule hotels of Japan without losing the essence of a European hostel.We look for a way to have guests in shared rooms without losing their (URL HIDDEN) most of the rooms have climate","Attractives of Colonia Juárez<br /> It has a total catalogue of 249 buildings of architectural magnificence and artistic interest; 31 of them recognized for their historical value and 218 for architectural value.<br /> It has the Tourist corridor of the Paseo de la Reforma, and concentrates a lot of boutiques, hotels, bars, restaurants, art galleries, cafes, ants, bookstores, art galleries and offices<br /> Its location is excellent, as it has a vast public transport system to access it: by four Metro stations (Chapultepec, Sevilla, Insurgentes and Cuauhtémoc) also the Metrobus on line one that goes through Avenida Insurgentes (Reforma, Hamburg and Insurgentes stations), or through the Ecobus that runs along Reforma.",Rafael,2015-08-18,2015-08-18,"hola soy una muy responsable y dedicada, busco la excelencia en mi vida, me gusta dejar el nombre de mi país en Alto, por tal motivo intento dar una experiencia inigualable a mis clientes.",within an hour,f,['phone'],t,Cuauhtémoc,Shared room in hostel,Shared room,5 shared baths,"[""Iron"", ""Carbon monoxide alarm"", ""Wifi"", ""Laundromat nearby"", ""Fire extinguisher"", ""Self check-in"", ""Essentials"", ""Shampoo"", ""Exterior security cameras on property"", ""Smoke alarm"", ""Building staff""]",2016-11-02,No disponible,f,7933584,1.0,0.97,1.0,2.0,19.42818,-99.16122,3.1,1.4,1.0,1.8,300.0,1.0,1125.0,1.0,1125.0,25,55,85,360,169.0,4.0,4.58,4.66,4.54,4.72,4.89,4.65,1.76
2024-09-25,city scrape,Cuarto con Tv y gran ubicación,"It is a room in the heart of South Rome, because of the location of the apartment you always see the best sunsets.<br />All amenities are available: Wifi +TV+Refrigerator one bed ( and an extra mattress) is steps from the metro and metrobus","There are two supermarkets that you can walk to, a shopping mall called Delta Park that you also walk to, and in general there are many restaurants and bars to visit in the area.",Eli Duarte,2016-03-21,2016-03-21,"Hola! Me llamo Eli, trabajé 5 años en marketing digital en México, ahora estoy estudiando en Irlanda y me encanta la idea de viajar por el mundo.

Trabajo en proyectos relacionados a la educación el arte y periodismo.",within an hour,f,"['email', 'phone']",t,Cuauhtémoc,Shared room in rental unit,Shared room,1 shared bath,"[""Iron"", ""Wifi"", ""TV with standard cable"", ""Kitchen"", ""First aid kit"", ""Essentials"", ""Shampoo"", ""Pets allowed"", ""Smoking allowed""]",9999-01-01,No disponible,f,11964525,1.0,1.0,1.0,1.0,19.40665,-99.15955,2.0,1.0,1.0,2.0,3800.0,4.0,34.0,4.0,34.0,30,60,90,365,0.0,0.0,4.8,4.9,4.8,4.8,4.8,4.7,1.7
2024-09-25,city scrape,Boutique Hostel lifestyle. Cheap & Chic.,"Welcome, to the best value for groups of up to 28 guests. Unbeatable Location, near all points of interest: museums, historic monuments, shopping.<br /><br />Where love for art, culture, and hosting merge!","As the development of the historic center of Mexico City for decades impaired with respect to their economic, aesthetic and commercial, the building had exactly the same evolution over the years, was built between the eighteenth and nineteenth centuries , its original use in the early history home house money just as later spin as trade, warehouse and workshop which is then used as offices and training center.",Thor,2015-06-09,2015-06-09,"Welcome, Airbnbers!

I am from Norway and raised in U.S.A. and Mexico City. As a global traveler & entrepreneur, I understand my guest's travel needs.  My passion for hospitality is based on offering: Prime location + Complimentary Housekeeping & Affordable = THE PERFECT STAY.

5 stars hospitality 
☆☆☆☆☆

I look forward to welcome you!

Thor",within a few hours,f,"['email', 'phone']",t,Cuauhtémoc,Shared room in hostel,Shared room,1 shared bath,"[""Dryer"", ""Washer"", ""Carbon monoxide alarm"", ""Wifi"", ""Fire extinguisher"", ""Kitchen"", ""First aid kit"", ""Essentials"", ""Shampoo"", ""Smoking allowed"", ""Smoke alarm"", ""Hangers""]",9999-01-01,No disponible,f,13221271,1.0,0.31,58.0,69.0,19.42889,-99.13582,3.1,1.0,1.0,1.8,3382.0,1.0,1125.0,1.0,1125.0,28,58,88,363,0.0,0.0,4.8,4.9,4.8,4.8,4.8,4.7,1.7
2024-09-25,city scrape,Cuarto para estudiantes FES ZARAGO,"Comfortable rooms (2) for students, two beds, half bathroom, study area, services included. Close to UNAM FES ZARAGOZA.<br /><br />On the ground floor there is an inexpensive kitchen. It offers delicious dishes at an affordable price.",Información acerca del vecindario no proporcionada,Alejandro,2016-05-24,2016-05-24,Información acerca del anfitrión del no proporcionada,a few days or more,f,"['email', 'phone']",t,Iztapalapa,Shared room in home,Shared room,1 shared bath,"[""Wifi"", ""Essentials""]",2016-07-28,No disponible,t,13293812,1.0,0.25,1.0,2.0,19.37201,-99.2,2.0,1.0,1.0,1.0,222.0,1.0,1125.0,1.0,1125.0,30,60,89,89,2.0,0.0,4.5,4.5,4.5,4.5,5.0,5.0,0.02
2024-09-25,city scrape,"Rento habitación  ""Éxito""",Places of interest: Near corporate and shopping centers. You'll love my place because you'll save yourself the traffic when entering and exiting the area. My place is good for adventurers and business travelers.<br />We have surveillance cameras in the public areas for guest protection,Información acerca del vecindario no proporcionada,Jorge,2015-11-23,2015-11-23,"Arquitecto empresario  especialista desde hace quince años en técnicas taoistas  y filosofías budistas y tántricas,  facilitador en meditación merkaba, geometría y arquitectura sagradas de lo cual imparte cursos, terapeuta quántico, maestro de yoga y primer grado iniciático en la gran fraternidad universal, Coach certificado . Tercer Dan en Tae Kwon Do 
Profesor certificado en Zhineng Qi Gong Ming Jue y Terapeuta de Vidas Pasadas
Amigable, espiritual y servicial.",within an hour,f,"['email', 'phone']",t,Cuajimalpa de Morelos,Shared room in home,Shared room,1 shared bath,"[""Iron"", ""Wifi"", ""Refrigerator"", ""Dishes and silverware"", ""Self check-in"", ""Dishwasher"", ""Hangers"", ""Free parking on premises"", ""Coffee maker"", ""Paid washer \u2013 In unit"", ""Long term stays allowed"", ""First aid kit"", ""Essentials"", ""Hot water"", ""Luggage dropoff allowed"", ""Pocket wifi"", ""TV with standard cable"", ""Kitchen"", ""Oven"", ""Smoke alarm"", ""Stove"", ""Fire extinguisher"", ""Paid dryer \u2013 In unit"", ""Free street parking"", ""Microwave"", ""Cooking basics"", ""Building staff""]",2017-07-12,No disponible,t,13622872,1.0,1.0,23.0,26.0,19.36864,-99.2,4.0,1.0,1.0,2.0,918.0,1.0,1125.0,1.0,365.0,24,48,78,84,13.0,0.0,4.69,4.85,4.92,4.92,4.92,4.77,0.15
2024-09-26,previous scrape,Citta San Jerónimo apartamento,Apartment in citta san Jerónimo great development for business or pleasure just 5 minutes from Santa Fe,Información acerca del vecindario no proporcionada,Carlo,2016-09-21,2016-09-21,Información acerca del anfitrión del no proporcionada,within an hour,f,['phone'],f,Álvaro Obregón,Shared room in rental unit,Shared room,1 shared bath,"[""Free parking on premises"", ""Pool"", ""Kitchen"", ""Gym"", ""Elevator""]",9999-01-01,No disponible,f,15165035,1.0,1.0,1.0,1.0,19.33279,-99.2389,3.0,1.5,1.6,2.0,300.0,1.0,1125.0,1.0,1125.0,0,0,0,0,0.0,0.0,4.8,4.9,4.8,4.8,4.8,4.7,1.7
2024-09-25,city scrape,Single bed  in a dormitory,"We are 15 minutes away by car from the Airport and 35 minutes from  ""Mexico´s down town"" by subway",The best area to taste tradicional mexicane cuisine at really affordable prices. Better than attend to restaurants or the uptown with inflated prices and fewer variety.,Diego,2016-09-25,2016-09-25,Soy una persona tranquila que goza de viajar cuando puedo. Trabajo en un hotel asi que me gusta atender a mis huespdes con lo mejor que me han enseñado en mi empleo. Espero  poder ofrecerte algo de tu agrado.,within an hour,f,"['email', 'phone']",t,Iztacalco,Shared room in guest suite,Shared room,1 shared bath,"[""Extra pillows and blankets"", ""Body soap"", ""Carbon monoxide alarm"", ""Luggage dropoff allowed"", ""Wifi"", ""Lockbox"", ""Fire extinguisher"", ""Bathtub"", ""Bed linens"", ""Self check-in"", ""Essentials"", ""Free street parking"", ""Shampoo"", ""Hot water"", ""Pets allowed"", ""Dedicated workspace"", ""Smoke alarm"", ""Paid parking off premises""]",2016-11-22,No disponible,f,16011942,0.82,0.73,7.0,7.0,19.39701,-99.2,1.0,1.0,1.0,1.8,250.0,1.0,7.0,1.0,7.0,30,60,90,90,54.0,0.0,4.52,4.57,4.8,4.77,4.65,4.63,0.57
2024-09-25,city scrape,Cama individual en habitación compartida,"Single bed in a triple room. If you only wanted the room for yourself, ask me for a special offer!","Excellent gastronomic offer in the area , on the hill there are something eocnomic to 9 pesos a tacos to cakes of 80 giant pesos. Pozole, enchiladas, whatever you want",Diego,2016-09-25,2016-09-25,Soy una persona tranquila que goza de viajar cuando puedo. Trabajo en un hotel asi que me gusta atender a mis huespdes con lo mejor que me han enseñado en mi empleo. Espero  poder ofrecerte algo de tu agrado.,within an hour,f,"['email', 'phone']",t,Iztacalco,Shared room in home,Shared room,1 shared bath,"[""Carbon monoxide alarm"", ""Wifi"", ""Free carport on premises \u2013 1 space"", ""Patio or balcony"", ""Essentials"", ""Shampoo"", ""Hot water"", ""Pets allowed"", ""Smoke alarm""]",2017-01-18,No disponible,f,16032189,0.82,0.73,7.0,7.0,19.39872,-99.2,1.0,1.0,1.0,1.8,250.0,1.0,7.0,1.0,7.0,30,60,90,90,3.0,0.0,4.33,4.0,4.33,4.33,4.9,4.33,0.03
2024-09-26,previous scrape,Habitación sencilla dentro de casa,For one person only,Información acerca del vecindario no proporcionada,Humberto,2017-01-04,2017-01-04,Información acerca del anfitrión del no proporcionada,within an hour,f,"['email', 'phone']",f,Coyoacán,Shared room in home,Shared room,1 shared bath,[],9999-01-01,No disponible,f,17964379,1.0,1.0,3.0,3.0,19.31947,-99.14869,1.0,1.5,1.6,2.0,300.0,1.0,1125.0,1.0,1125.0,0,0,0,0,0.0,0.0,4.8,4.9,4.8,4.8,4.8,4.7,1.7
2024-09-26,previous scrape,Excelente cuarto zona sur CDMX,"Excellent apartment with 1 bedroom for accommodation for  2 people in the southern CDMX area with coffee service and excellent kitchen to enjoy a rich comfort or a rich cup of coffee in front of an 80""screen and pleasant ambient music","Museums, easy access, car rental",Israel,2017-04-21,2017-04-21,Buen anfitrión. Cordial y amable  ,within an hour,f,"['email', 'phone']",f,Benito Juárez,Shared room in rental unit,Shared room,1 shared bath,"[""Self check-in"", ""Smoking allowed"", ""Pets allowed"", ""Building staff""]",9999-01-01,No disponible,f,18451165,1.0,1.0,1.0,1.0,19.36154,-99.15249,2.0,1.5,1.6,2.0,300.0,1.0,1125.0,1.0,1125.0,0,0,0,0,0.0,0.0,4.8,4.9,4.8,4.8,4.8,4.7,1.7
2024-09-25,city scrape,HABITACIÓN CON SERVICIOS INCLUIDOS,"Spacious room, a double and single bunk bed. Full bathroom, electricity, water, internet, included. Preferred monthly rent for a single occupant. Towels, microwave oven, espresso coffee maker, sandwich maker are included. American breakfast can be included x $70mxn x person. You have independent access to the room from the street. Close to Tlacotal metrobus stations and Coyuya metro. 20 min (walking) from Foro Sol, Brothers Rodriguez Racetrack, Sports Palace.",Información acerca del vecindario no proporcionada,Nelson,2015-10-25,2015-10-25,"Ingeniero de servicio técnico. 
Viajero frecuente y aventurero ",within an hour,f,"['email', 'phone']",t,Iztacalco,Shared room in rental unit,Shared room,1 shared bath,"[""Extra pillows and blankets"", ""Luggage dropoff allowed"", ""Coffee maker"", ""Wifi"", ""Fire extinguisher"", ""Bed linens"", ""Long term stays allowed"", ""Essentials"", ""Shampoo"", ""Hot water"", ""Pets allowed"", ""Single level home"", ""Microwave""]",2017-11-20,No disponible,f,19037182,1.0,1.0,1.0,1.0,19.3955,-99.10519,2.0,1.0,1.0,2.0,2029.0,2.0,1125.0,2.0,1125.0,23,53,83,91,16.0,0.0,4.88,5.0,5.0,4.94,4.75,4.94,0.19
2024-09-26,previous scrape,"Casa de estudiantes (UPN, COLMEX y UNAM)","Furnished rooms for students are rented.<br />The rooms have 2 double beds, 2 buros and 2 closets.<br />Great location for living with shops, pharmacies, transportation, etc.<br />Including water, electricity, internet, gas and cleaning services.<br />Bedding and cooking utensils are provided, they can make use of the washer and dryer.","it's a safe space during the day, and we have everything close by, but it's recommended not to be out after 10pm",Roman Ernesto,2016-11-21,2016-11-21,Estudiante de maestría.  Me gusta andar en bici y los video juegos. Me gusta el ecoturismo.,within an hour,f,"['email', 'phone']",f,Tlalpan,Shared room in home,Shared room,1.5 shared baths,"[""Washer"", ""Wifi"", ""Cleaning available during stay"", ""Host greets you"", ""Refrigerator"", ""Dishes and silverware"", ""Hangers"", ""Coffee maker"", ""Long term stays allowed"", ""Hot water"", ""Dryer"", ""Luggage dropoff allowed"", ""TV"", ""Babysitter recommendations"", ""Pocket wifi"", ""Game console"", ""Patio or balcony"", ""Bed linens"", ""Kitchen"", ""Oven"", ""Stove"", ""Extra pillows and blankets"", ""Free street parking"", ""Microwave"", ""Cooking basics""]",9999-01-01,No disponible,f,19333425,1.0,1.0,2.0,2.0,19.28528,-99.22093,2.0,1.5,1.6,2.0,300.0,3.0,1125.0,2.8,1125.0,0,0,0,0,0.0,0.0,4.8,4.9,4.8,4.8,4.8,4.7,1.7
2024-09-26,previous scrape,Excelente habitación en departamento,"apartment with excellent atmosphere, with living/dining room, kitchen, full bathroom, three bedrooms (one already inhabited), good lighting in all spaces, fifty meters from the normal metro station.",Información acerca del vecindario no proporcionada,Nathan,2017-09-06,2017-09-06,Información acerca del anfitrión del no proporcionada,within an hour,f,"['email', 'phone']",f,Miguel Hidalgo,Shared room in rental unit,Shared room,1 shared bath,"[""Wifi"", ""Kitchen"", ""Hangers""]",2017-11-20,No disponible,f,20833518,1.0,1.0,1.0,3.0,19.44434,-99.16704,2.0,1.5,1.6,2.0,300.0,2.0,6.0,2.0,6.0,0,0,0,0,1.0,0.0,5.0,5.0,5.0,5.0,5.0,5.0,0.01
2024-09-26,previous scrape,Depto céntrico CD MX,"Downtown apartment 10 minutes from downtown Mexico City. Accessible room (bus, train station). <br /><br />Services:<br />Internet, <br />Televsion, <br />Breakfast, <br />lunch and <br />dinner.<br /><br />Accessible area.",I live in the downtown area of the city. The place is very  central and safe. There is surveillance (video cameras),Luis,2014-05-04,2014-05-04,"Soy una persona que disfruta viajar, conocer gente, ayudar a los turistas. Puedes revisarmos referencias  mi perfil de couchsurfing  es:

couchsurfing.com/people/luiszamora

Sientete libre de preguntarme cualquier día antes de hacer tu reserva",within an hour,f,['email'],f,Venustiano Carranza,Shared room in rental unit,Shared room,1 shared bath,"[""Washer"", ""TV"", ""Wifi"", ""Heating"", ""Breakfast"", ""Kitchen"", ""First aid kit"", ""Essentials"", ""Shampoo"", ""Microwave"", ""Smoking allowed""]",9999-01-01,No disponible,f,21314149,1.0,1.0,1.0,1.0,19.40979,-99.1246,1.0,1.5,1.6,2.0,300.0,1.0,1125.0,1.0,1125.0,0,0,0,0,0.0,0.0,4.8,4.9,4.8,4.8,4.8,4.7,1.7
2024-09-25,city scrape,Colchoneta dentro de nuestra sala BAÑO COMPARTIDO,"Buenvenido!! ❤️I tell you that our armchair is of standard dimension and you may be higher, please specify it 🤗<br />There is the possibility of a mattress on the floor  (please specify)<br />Access to refrigerator and microwave oven.<br />Ideal for express travelers, only if you want to get to sleep and leave for your concert, this possibility we enable it for backpackers is 🎒not comfortable to rest 24 hrs since we make normal house movements that can affect your rest😘",Información acerca del vecindario no proporcionada,Shannthall,2015-07-25,2015-07-25,Hola soy mexicana llevo 8 años hosteando en airbnb me gusta viajar y convivir :) ,within a few hours,f,"['email', 'phone']",t,Venustiano Carranza,Shared room in rental unit,Shared room,1 shared bath,"[""Iron"", ""Hair dryer"", ""TV"", ""Wifi"", ""Coffee maker"", ""Host greets you"", ""Refrigerator"", ""Dishes and silverware"", ""Hot water"", ""Dedicated workspace"", ""Cooking basics"", ""Hangers""]",2017-11-20,No disponible,f,21451591,0.96,0.63,6.0,8.0,19.40829,-99.10902,1.0,1.0,1.0,1.0,600.0,2.0,1125.0,1.0,1125.0,24,53,83,358,8.0,1.0,4.75,4.88,4.88,4.88,5.0,4.75,0.1
2024-09-26,previous scrape,DEPARTAMENTO  COMPARTIDO PARA  GENTE  COMO  TU,PLEASANT  COMFORTABLE LOCATION NEAR CINEMAS THEATRES MUSEUMS EL PALACIO DE LAS  BELLAS  ARTES  ZOCALO ZOO ZOO ZOO AREA  BRUSHES PLACE  AS  CENTERS FOR EATING  COFFEE  AND RECORDS,MUSEUM OF ANTHROPOLOGY CHAPULTEPEC PARK THE  PALACE  OF  FINE  ARTS  AND THE PINK ZONE,Ramón,2017-11-17,2017-11-17,Información acerca del anfitrión del no proporcionada,within an hour,f,"['email', 'phone']",f,Miguel Hidalgo,Shared room in guest suite,Shared room,1 shared bath,"[""Iron"", ""Washer"", ""Wifi"", ""Fire extinguisher"", ""Kitchen"", ""First aid kit"", ""Pets allowed""]",9999-01-01,No disponible,f,21819110,1.0,1.0,1.0,1.0,19.44392,-99.17965,1.0,1.5,1.6,2.0,300.0,10.0,10.0,10.0,10.0,0,0,0,0,0.0,0.0,4.8,4.9,4.8,4.8,4.8,4.7,1.7
2024-09-25,city scrape,"TRENDY HOSTEL / Yes we speak English, Welcome !!!",Descripción no proporcionada,Información acerca del vecindario no proporcionada,Ignacio,2017-02-02,2017-02-02,Información acerca del anfitrión del no proporcionada,within a few hours,f,"['email', 'phone', 'work_email']",t,Miguel Hidalgo,Shared room in rental unit,Shared room,1 shared bath,"[""Dryer"", ""Iron"", ""Washer"", ""Wifi"", ""TV with standard cable"", ""Exterior security cameras on property"", ""Breakfast"", ""Host greets you"", ""Kitchen"", ""First aid kit"", ""Essentials"", ""Free street parking"", ""Shampoo"", ""Hot water"", ""Hair dryer""]",2018-09-29,No disponible,f,24272530,0.75,0.67,9.0,12.0,19.44803,-99.18615,1.0,1.0,1.0,1.0,413.0,1.0,60.0,1.0,60.0,28,58,88,363,8.0,0.0,4.88,4.38,4.88,4.88,4.63,4.88,0.11
2024-09-25,city scrape,Cuarto para profesionista independiente,"Beautiful house in private with 24 hour security surveillance and CCTV service with remote access, you can rent the necessary rooms, includes vegetarian breakfast every morning","Victor's place is in Mexico City, Mexico.<br />Very close to UIC University, CU, access roads to the Supervia, Insurgentes Sur, Tlalpan and Periférico, nearby shopping malls Perisur, Patio Tlalpan, Gran Sur, the beautiful center of Tlalpan is a very nice place and recommended to visit",Victor,2016-06-10,2016-06-10,Información acerca del anfitrión del no proporcionada,within an hour,f,"['email', 'phone']",t,Tlalpan,Shared room in home,Shared room,1.5 shared baths,"[""Free parking on premises"", ""Iron"", ""Washer"", ""TV"", ""Wifi"", ""Breakfast"", ""Kitchen"", ""First aid kit"", ""Gym"", ""Essentials"", ""Shampoo"", ""Smoking allowed"", ""Hangers""]",9999-01-01,No disponible,f,24540559,1.0,1.0,2.0,2.0,19.4,-99.17713,1.0,1.5,1.0,1.0,350.0,3.0,20.0,3.0,20.0,30,60,90,365,0.0,0.0,4.8,4.9,4.8,4.8,4.8,4.7,1.7
2024-09-26,previous scrape,Departamento con balcón muy acogedor,One block from the Venustiano Carranza store is close to a Sanborns bakery shops Walmart Mercado Cocktails inexpensive kitchens very close to the Sound Market and 10 minutes from the historic center is close to the Park of Illustres and the Fray Servando metro is close to the Fray Servando metro,Información acerca del vecindario no proporcionada,Karina,2015-12-15,2015-12-15,Información acerca del anfitrión del no proporcionada,within an hour,f,"['email', 'phone']",f,Venustiano Carranza,Shared room in dorm,Shared room,1 shared bath,"[""Dryer"", ""Iron"", ""Washer"", ""TV"", ""Wifi"", ""Breakfast"", ""Kitchen"", ""First aid kit"", ""Gym"", ""Essentials"", ""Shampoo"", ""Hangers"", ""Hair dryer""]",9999-01-01,No disponible,f,26687899,1.0,1.0,1.0,4.0,19.41982,-99.11541,2.0,1.5,1.6,2.0,300.0,1.0,15.0,1.0,15.0,0,0,0,0,0.0,0.0,4.8,4.9,4.8,4.8,4.8,4.7,1.7
2024-09-25,city scrape,Escape in the forest,My partner and I live here. We occupy the ground floor of a house in the forest. The main room has a king bed and bathroom; Here we have our closet. In another adjacent space is the living room and dining room. We sleep in the second room inside this one; next to it is a separate space with a matrimonial bed; both are separated from the living room by a cancel. We can prepare an individual mattress if you prefer in the room as well.,"The Town of Santa Rosa Xochiac was founded in 1704, the main church, of later time, conserves valuable treasures in decorative art and painting. The market and the streets have their charm. The main attraction of the town is the National Park Desierto de los Leones, ecological and tourist park suitable for various recreational and sports activities.<br />Within the Desert is the first convent founded in Mexico City in the mid-seventeenth century. You can access inside to know the convent life and the history of the Forest.",David,2015-05-08,2015-05-08,Soy artista visual. He tenido la portunidad de presentar mi trabajo en los museos más importantes del país. Me dedico al arte digital. ,within an hour,f,"['email', 'phone']",t,Cuajimalpa de Morelos,Shared room in guest suite,Shared room,1 shared bath,"[""Iron"", ""Washer"", ""Wifi"", ""Host greets you"", ""Hangers"", ""Free parking on premises"", ""Coffee maker"", ""Backyard"", ""Breakfast"", ""First aid kit"", ""Essentials"", ""Shampoo"", ""Hot water"", ""Dryer"", ""Luggage dropoff allowed"", ""Pocket wifi"", ""Game console"", ""Patio or balcony"", ""Bed linens"", ""Extra pillows and blankets"", ""Smoking allowed"", ""Single level home""]",9999-01-01,No disponible,f,26772017,1.0,1.0,1.0,2.0,19.32502,-99.2,3.0,1.0,1.0,2.0,1300.0,1.0,7.0,1.0,7.0,30,60,90,365,0.0,0.0,4.8,4.9,4.8,4.8,4.8,4.7,1.7
2024-09-26,previous scrape,Habitación muy cómoda y segura.En casa de 3 pisos.,"Three stories house, offering a room for 1 or 2 people.You can be in the kitchen, living room, smoking or billiards. Opposite there is a shop and a 5-minute walk away is the famous ""Village of San Bernabé"". There you will find shops of all kinds. We are an hour's drive from CDMX's Historic Center. <br /><br />In addition to offering the home for your stay in the City, I also offer you the guide service to enjoy more interesting, historical, cultural spaces and more.",Información acerca del vecindario no proporcionada,Oscar Andrés,2018-08-10,2018-08-10,"Soy un joven emprendedor que está alquilando su habitación. Trabajo y estudio en E- Comers Interactivo. Mis estudios los realizo en una escuela privada de la CDMX. 

Adoro el football Americano, los sapos y estar con la familia. 
Mi libro favorito es ""El último Encuentro"". Me gusta leer ficción y también soy amante de todas las Artes. 

Me gusta conocer gente, salir a divertirme y conocer lugares nuevos. 

Mi cantante favorito es Luis Miguel y en general no puedo vivir sin música.  

Estoy seguro que como Anfitrión se va a sentir como en casa. Ya que mi familia y un servidor somos muy amables y respetuosos. 

Preferentemente, me gustaría conocer extranjeros, ya que en gran medida por lo que estoy usando esta herramienta ""AirBnB"" es debido a que me interesa mucho conocer gente con distinto bagaje cultural.  

Yo creo que el respeto, la familia y la armonía son de mis palabras favoritas. ",within an hour,f,['phone'],f,La Magdalena Contreras,Shared room in home,Shared room,2 shared baths,"[""Dryer"", ""Iron"", ""Washer"", ""TV"", ""Wifi"", ""Free parking on premises"", ""Indoor fireplace"", ""Exterior security cameras on property"", ""Breakfast"", ""Kitchen"", ""First aid kit"", ""Essentials"", ""Shampoo"", ""Hangers"", ""Smoking allowed"", ""Hair dryer""]",9999-01-01,No disponible,f,27656261,1.0,1.0,1.0,1.0,19.30564,-99.26347,1.0,1.5,1.6,2.0,300.0,1.0,6.0,1.0,6.0,0,0,0,0,0.0,0.0,4.8,4.9,4.8,4.8,4.8,4.7,1.7
2024-09-25,city scrape,Trendy Back Packer / Yes we speak English,Descripción no proporcionada,Información acerca del vecindario no proporcionada,Ignacio,2017-02-02,2017-02-02,Información acerca del anfitrión del no proporcionada,within a few hours,f,"['email', 'phone', 'work_email']",t,Miguel Hidalgo,Shared room in rental unit,Shared room,1 shared bath,"[""Dryer"", ""Iron"", ""Washer"", ""Wifi"", ""TV with standard cable"", ""Breakfast"", ""Host greets you"", ""Kitchen"", ""First aid kit"", ""Essentials"", ""Free street parking"", ""Shampoo"", ""Hot water"", ""Hair dryer""]",2018-10-28,No disponible,f,29219909,0.75,0.67,9.0,12.0,19.44809,-99.18555,1.0,1.0,1.0,1.0,413.0,1.0,60.0,1.0,60.0,30,60,90,365,11.0,0.0,4.64,4.64,4.64,4.55,4.64,4.64,0.15
2024-09-25,city scrape,Recamaras amuebladas,Descripción no proporcionada,Información acerca del vecindario no proporcionada,Edmundo,2019-03-05,2019-03-05,Me dedico en la cdmx a conseguir habitaciones amuebladas a gente que vienen del interior de la República mexicana o extranjeros que vienen a estudiar o trabajar. ,within an hour,f,"['email', 'phone']",t,Coyoacán,Shared room in rental unit,Shared room,1 shared bath,"[""Dryer"", ""Iron"", ""Washer"", ""TV"", ""Wifi"", ""Fire extinguisher"", ""Kitchen"", ""First aid kit"", ""Essentials"", ""Hot water"", ""Hangers""]",9999-01-01,No disponible,f,32822267,1.0,1.0,1.0,2.0,19.30985,-99.17269,6.0,1.0,3.0,6.0,3000.0,30.0,180.0,30.0,180.0,30,60,90,365,0.0,0.0,4.8,4.9,4.8,4.8,4.8,4.7,1.7
2024-09-25,city scrape,Shared room very economy and close to CDMX center,"If you are looking for an ideal accommodation for summer trips to CDMX, you are coming to one of the CDMX festivals or you are probably planning your end of year trip, then this Christmas Airbnb in CDMX is ideal and fits for everyone. the possible travel options you have, we will be happy to accompany you on whatever your reason for traveling is this last half of 2023.<br />You won't have to worry about anything, just enjoy yourself to the fullest, we'll take care of everything else","Getting around the place is very easy, nearby is the zócalo metro, walking to learn more about the place and the cultures that are kept there is also a good option or enjoy a trip on the CDMX Turibus with the best guides .",Casa Mx,2019-02-20,2019-02-20,"Soy un hombre joven, moderno, con experiencia en el lugar en el que vivo y aventurero, pero sobre todo soy un apasionado del servicio, estoy orgulloso de mi entorno por su cultura, folklor y la vida diaria, me gusta inspirar a otros a conectar con él y aprovechar todo lo que éste ofrece.",within an hour,f,"['email', 'phone']",t,Cuauhtémoc,Shared room in hostel,Shared room,1.5 shared baths,"[""Shared patio or balcony"", ""Wifi"", ""Paid washer \u2013 In building"", ""Freezer"", ""Cleaning available during stay"", ""Refrigerator"", ""Dishes and silverware"", ""Self check-in"", ""Building staff"", ""Blender"", ""Carbon monoxide alarm"", ""Hammock"", ""Long term stays allowed"", ""First aid kit"", ""Essentials"", ""Hot water"", ""Dining table"", ""Luggage dropoff allowed"", ""Ping pong table"", ""Shared outdoor kitchen"", ""Bed linens"", ""Outdoor dining area"", ""Stainless steel gas stove"", ""Smoke alarm"", ""Fire extinguisher"", ""Room-darkening shades"", ""Paid dryer \u2013 In building"", ""Exterior security cameras on property"", ""Cooking basics"", ""Paid parking off premises"", ""Microwave""]",2019-03-28,No disponible,t,32842972,0.94,0.99,16.0,16.0,19.44051551818848,-99.14479064941406,1.0,1.5,1.0,1.0,305.0,1.0,1125.0,1.0,1125.0,29,59,86,255,22.0,0.0,4.5,4.77,4.23,4.59,4.68,4.59,0.33
2024-09-25,city scrape,centric Shared Room 5 min Fine Arts,"If you are looking for an ideal accommodation for summer trips to CDMX, you are coming to one of the CDMX festivals or you are probably planning your end of year trip, then this Christmas Airbnb in CDMX is ideal and fits for everyone. the possible travel options you have, we will be happy to accompany you on whatever your reason for traveling is this last half of 2023.<br />You won't have to worry about anything, just enjoy yourself to the fullest, we'll take care of everything else","We are a few steps from the oldest garden in Mexico, the Alameda Central. It is called that because of the large number of Poplars planted on the Avenues of Hidalgo and Juárez. Once there, you will come across the Palace of Fine Arts, the Torre Latinoamericana and the heart of CDMX, the center. We areYourConnection",Casa Mx,2019-02-20,2019-02-20,"Soy un hombre joven, moderno, con experiencia en el lugar en el que vivo y aventurero, pero sobre todo soy un apasionado del servicio, estoy orgulloso de mi entorno por su cultura, folklor y la vida diaria, me gusta inspirar a otros a conectar con él y aprovechar todo lo que éste ofrece.",within an hour,f,"['email', 'phone']",t,Cuauhtémoc,Shared room in hostel,Shared room,1.5 shared baths,"[""Shared patio or balcony"", ""Wifi"", ""Paid washer \u2013 In building"", ""Freezer"", ""Cleaning available during stay"", ""Refrigerator"", ""Dishes and silverware"", ""Self check-in"", ""Building staff"", ""Blender"", ""Carbon monoxide alarm"", ""Hammock"", ""Long term stays allowed"", ""First aid kit"", ""Essentials"", ""Hot water"", ""Luggage dropoff allowed"", ""Ping pong table"", ""Shared outdoor kitchen"", ""Bed linens"", ""Outdoor dining area"", ""Stainless steel gas stove"", ""Smoke alarm"", ""Fire extinguisher"", ""Room-darkening shades"", ""Paid dryer \u2013 In building"", ""Exterior security cameras on property"", ""Cooking basics"", ""Microwave""]",2019-03-10,No disponible,t,32843504,0.94,0.99,16.0,16.0,19.440019607543945,-99.14488220214844,1.0,1.5,1.0,1.0,246.0,1.0,1125.0,1.0,1125.0,28,57,84,253,82.0,0.0,4.6,4.68,4.34,4.62,4.73,4.65,1.21
2024-09-25,city scrape,Hostel room in the center of CDMX,"If you are looking for an ideal accommodation for summer trips to CDMX, you are coming to one of the CDMX festivals or you are probably planning your end of year trip, then this Christmas Airbnb in CDMX is ideal and fits for everyone. the possible travel options you have, we will be happy to accompany you on whatever your reason for traveling is this last half of 2023.<br />You won't have to worry about anything, just enjoy yourself to the fullest, we'll take care of everything else","We are a few steps from the oldest garden in Mexico, the Alameda Central. It is called that because of the large number of Poplars planted on the Avenues of Hidalgo and Juárez. Once there, you will come across the Palace of Fine Arts, the Torre Latinoamericana and the heart of CDMX, the center. We are Your Connection",Casa Mx,2019-02-20,2019-02-20,"Soy un hombre joven, moderno, con experiencia en el lugar en el que vivo y aventurero, pero sobre todo soy un apasionado del servicio, estoy orgulloso de mi entorno por su cultura, folklor y la vida diaria, me gusta inspirar a otros a conectar con él y aprovechar todo lo que éste ofrece.",within an hour,f,"['email', 'phone']",t,Cuauhtémoc,Shared room in hostel,Shared room,1 shared bath,"[""Shared patio or balcony"", ""Wifi"", ""Paid washer \u2013 In building"", ""Freezer"", ""Cleaning available during stay"", ""Refrigerator"", ""Dishes and silverware"", ""Self check-in"", ""Building staff"", ""Blender"", ""Coffee maker"", ""Hammock"", ""Long term stays allowed"", ""First aid kit"", ""Essentials"", ""Hot water"", ""Luggage dropoff allowed"", ""Ping pong table"", ""Shared outdoor kitchen"", ""Bed linens"", ""Outdoor dining area"", ""Stainless steel gas stove"", ""Fire extinguisher"", ""Room-darkening shades"", ""Paid dryer \u2013 In building"", ""Exterior security cameras on property"", ""Cooking basics"", ""Microwave""]",2019-03-19,No disponible,t,32843672,0.94,0.99,16.0,16.0,19.44004440307617,-99.14469146728516,1.0,1.0,1.0,1.0,301.0,1.0,1125.0,1.0,1125.0,28,56,83,252,90.0,0.0,4.66,4.74,4.49,4.58,4.73,4.68,1.34
2024-09-25,city scrape,Shared room close to Almeda central CDMX,"If you are looking for an ideal accommodation for summer trips to CDMX, you are coming to one of the CDMX festivals or you are probably planning your New Year's trip, then this Christmas Airbnb in CDMX is ideal and fits for all the possible travel options you have, we will be happy to be able to accompany you in whatever your reason for travel is this last half of 2023.<br />You will not have to worry about anything, just enjoy yourself to the fullest, we take care of everything else.","We are a few steps from the oldest garden in Mexico, the Alameda Central. It is called that because of the large number of Poplars planted on the Avenues of Hidalgo and Juárez. Once there, you will come across the Palace of Fine Arts, the Torre Latinoamericana and the heart of CDMX, the center. We areYourConnection",Casa Mx,2019-02-20,2019-02-20,"Soy un hombre joven, moderno, con experiencia en el lugar en el que vivo y aventurero, pero sobre todo soy un apasionado del servicio, estoy orgulloso de mi entorno por su cultura, folklor y la vida diaria, me gusta inspirar a otros a conectar con él y aprovechar todo lo que éste ofrece.",within an hour,f,"['email', 'phone']",t,Cuauhtémoc,Shared room in hostel,Shared room,1.5 shared baths,"[""Wifi"", ""Private patio or balcony"", ""Freezer"", ""Cleaning available during stay"", ""Refrigerator"", ""Dishes and silverware"", ""Self check-in"", ""Exercise equipment"", ""Building staff"", ""Blender"", ""Carbon monoxide alarm"", ""Backyard"", ""Hammock"", ""Long term stays allowed"", ""First aid kit"", ""Essentials"", ""Hot water"", ""Dining table"", ""Luggage dropoff allowed"", ""Ping pong table"", ""Bed linens"", ""Kitchen"", ""BBQ grill"", ""Paid parking off premises"", ""Smoke alarm"", ""Stove"", ""Extra pillows and blankets"", ""Fire extinguisher"", ""Room-darkening shades"", ""Gym"", ""Exterior security cameras on property"", ""Dedicated workspace"", ""Cooking basics"", ""Hair dryer"", ""Microwave""]",2019-03-23,No disponible,t,32843914,0.94,0.99,16.0,16.0,19.440166473388672,-99.14458465576172,1.0,1.5,1.0,1.0,197.0,1.0,1125.0,1.0,1125.0,27,56,83,252,125.0,1.0,4.53,4.59,4.25,4.6,4.65,4.69,1.86
2024-09-25,city scrape,Shared room very central in CDMX,"If you are looking for an ideal accommodation for summer trips to CDMX, you are coming to one of the CDMX festivals or you are probably planning your New Year's trip, then this Christmas Airbnb in CDMX is ideal and fits for all the possible travel options you have, we will be happy to be able to accompany you in whatever your reason for travel is this last half of 2023.<br />You will not have to worry about anything, just enjoy yourself to the fullest, we take care of everything else.","We are a few steps from the oldest garden in Mexico, the Alameda Central. It is called that because of the large number of Poplars planted on the Avenues of Hidalgo and Juárez. Once there, you will come across the Palace of Fine Arts, the Torre Latinoamericana and the heart of CDMX, the center. We areYourConnection",Casa Mx,2019-02-20,2019-02-20,"Soy un hombre joven, moderno, con experiencia en el lugar en el que vivo y aventurero, pero sobre todo soy un apasionado del servicio, estoy orgulloso de mi entorno por su cultura, folklor y la vida diaria, me gusta inspirar a otros a conectar con él y aprovechar todo lo que éste ofrece.",within an hour,f,"['email', 'phone']",t,Cuauhtémoc,Shared room in hostel,Shared room,1.5 shared baths,"[""Shared patio or balcony"", ""Wifi"", ""Freezer"", ""Cleaning available during stay"", ""Refrigerator"", ""Self check-in"", ""Building staff"", ""Blender"", ""Carbon monoxide alarm"", ""Hammock"", ""Long term stays allowed"", ""First aid kit"", ""Essentials"", ""Hot water"", ""Dining table"", ""Luggage dropoff allowed"", ""Ping pong table"", ""Shared outdoor kitchen"", ""Bed linens"", ""Outdoor dining area"", ""Stainless steel gas stove"", ""Smoke alarm"", ""Fire extinguisher"", ""Room-darkening shades"", ""Paid dryer \u2013 In building"", ""Gym"", ""Exterior security cameras on property"", ""Dedicated workspace"", ""Cooking basics"", ""Paid parking off premises"", ""Microwave""]",2019-03-31,No disponible,t,32844871,0.94,0.99,16.0,16.0,19.44007110595703,-99.14483642578124,1.0,1.5,1.0,1.0,197.0,1.0,1125.0,1.0,1125.0,28,58,85,254,40.0,3.0,4.33,4.5,4.05,4.6,4.63,4.63,0.6
2024-09-25,city scrape,IOW4 MED Coqueta x2,1 DOUBLE BED UP TO 2 PEOPLE IN BUNK BED IN SHARED BEDROOM. It is a shared room space of the apartment beautifully decorated with original oil paintings in South Rome<br /><br />If you host another person in the same space and add it there will be a charge and it is to sleep in the same bed. If you need a different bed then you will need to contact us and provide additional space,Rome,Ma. De Los Angeles,2018-11-06,2018-11-06,Soy facilitadora de Bioenergética y Terapias de Biomagnetismo,within an hour,f,['phone'],t,Cuauhtémoc,Shared room in rental unit,Shared room,1 shared bath,"[""TV"", ""Wifi"", ""Backyard"", ""Patio or balcony"", ""Host greets you"", ""Pack \u2019n play/Travel crib"", ""Kitchen"", ""First aid kit"", ""Refrigerator"", ""Dishes and silverware"", ""Essentials"", ""Elevator"", ""Cooking basics"", ""Hangers""]",2023-02-19,No disponible,t,32847824,1.0,1.0,10.0,12.0,19.40444,-99.16269,2.0,1.0,1.0,2.0,166.0,1.0,1125.0,1.0,1125.0,0,23,53,328,5.0,0.0,4.0,4.8,3.8,4.0,4.2,4.8,0.26
2024-09-25,city scrape,A Mexican-style home,"The accommodation is comfortable. Everything is 100% new. The apartment is white with white furniture. The kitchen has all the services and amenities (kitchen stove, pantry, refrigerator, dishes, etc.) It has a new dining room; It has 1 shared HOSTEL type room. where the closet has the clothes of the owner of the property. When the owner rents the room, he shares it with the guests. He leaves the room and sleeps in the living room. It also has all services and WIFI. Greetings.","The neighborhood of San Miguel Iztapalapa is a quiet, baroque place with pre-Columbian and colonial customs where you can enjoy Mexican culture with the Spanish colonial mix framed by the Catholic religion, which is why patron saint festivals are celebrated throughout the year. And punctually from September 28 to October 9. Also during Holy Week the crucifixion of Jesus Christ is represented. Another attraction of the neighborhood is the trade of the Central de Abasto, the largest market in Latin America, a tourist attraction for Mexico to the world. From the neighborhood you can travel to any part of Mexico City by Metro public transport system.<br />Comentarios",Checo,2014-01-24,2014-01-24,Información acerca del anfitrión del no proporcionada,within a day,f,"['email', 'phone']",t,Iztapalapa,Shared room in condo,Shared room,1 shared bath,"[""Iron"", ""Wifi"", ""Freezer"", ""Laundromat nearby"", ""Cleaning available during stay"", ""City skyline view"", ""Children\u2019s books and toys"", ""Host greets you"", ""Refrigerator"", ""Dishes and silverware"", ""Exercise equipment"", ""Blender"", ""Shared gym nearby"", ""Hangers"", ""Body soap"", ""Children\u2019s dinnerware"", ""Long term stays allowed"", ""Essentials"", ""Hot water"", ""Dining table"", ""Outdoor playground"", ""Luggage dropoff allowed"", ""Coffee"", ""Kitchen"", ""Children's playroom"", ""Extra pillows and blankets"", ""Cleaning products"", ""Fire extinguisher"", ""Aga Marvel stove"", ""Dedicated workspace"", ""Cooking basics"", ""Single level home""]",2023-10-29,No disponible,f,33277279,0.5,0.88,1.0,1.0,19.35673141479492,-99.08296966552734,2.0,1.0,1.0,2.0,450.0,1.0,30.0,1.0,30.0,30,60,90,270,2.0,0.0,5.0,5.0,5.0,5.0,5.0,5.0,0.18
2024-09-25,city scrape,The most central and friendly hostel in CDMX,"If you are looking for an ideal accommodation for summer trips to CDMX, you are coming to one of the CDMX festivals or you are probably planning your New Year's trip, then this Christmas Airbnb in CDMX is ideal and fits for all the possible travel options you have, we will be happy to be able to accompany you in whatever your reason for travel is this last half of 2023.<br />You will not have to worry about anything, just enjoy yourself to the fullest, we take care of everything else.","We are just steps from Mexico's oldest garden, Alameda Central. It is named after the large number of Alamos planted on the Avenues of Hidalgo and Juarez. Once there, you will come across the Palace of Fine Arts, the Latin American Tower and the heart of the CDMX, the center.",Casa Mx,2019-02-20,2019-02-20,"Soy un hombre joven, moderno, con experiencia en el lugar en el que vivo y aventurero, pero sobre todo soy un apasionado del servicio, estoy orgulloso de mi entorno por su cultura, folklor y la vida diaria, me gusta inspirar a otros a conectar con él y aprovechar todo lo que éste ofrece.",within an hour,f,"['email', 'phone']",t,Cuauhtémoc,Shared room in hostel,Shared room,1.5 shared baths,"[""Outdoor furniture"", ""Wifi"", ""Private patio or balcony"", ""Freezer"", ""Cleaning available during stay"", ""Refrigerator"", ""Dishes and silverware"", ""Self check-in"", ""Building staff"", ""Blender"", ""Carbon monoxide alarm"", ""Paid washer \u2013 In unit"", ""Hammock"", ""Long term stays allowed"", ""First aid kit"", ""Essentials"", ""Hot water"", ""Dining table"", ""Luggage dropoff allowed"", ""Shared outdoor kitchen"", ""Outdoor dining area"", ""Cooking basics"", ""Fire extinguisher"", ""Paid dryer \u2013 In unit"", ""Room-darkening shades"", ""Exterior security cameras on property"", ""Ping pong table"", ""Microwave""]",2019-04-14,No disponible,t,33370974,0.94,0.99,16.0,16.0,19.44011,-99.14423,1.0,1.5,1.0,1.0,197.0,1.0,1125.0,1.0,1125.0,28,53,80,249,107.0,0.0,4.61,4.64,4.43,4.76,4.78,4.64,1.61
2024-09-25,city scrape,Sala en departamento para pasar la noche,Minimalist Decoration,"Dining options, 10 minutes away we have a shopping mall",Damaris,2018-02-15,2018-02-15,"Me gusta encontrarme con anfitriones amigables, no causo molestias y procuro dejar todo como lo encontré ",within an hour,f,"['email', 'phone']",t,Iztacalco,Shared room in rental unit,Shared room,1.5 shared baths,"[""Hot water"", ""Elevator"", ""Wifi"", ""First aid kit"", ""Exterior security cameras on property"", ""Cooking basics""]",2019-05-25,No disponible,t,33816608,0.97,1.0,4.0,11.0,19.39862,-99.09517,1.0,1.5,1.0,0.0,300.0,1.0,1125.0,1.0,1125.0,2,2,2,47,111.0,2.0,4.77,4.81,4.82,4.7,4.82,4.74,1.71
2024-09-25,city scrape,Cama queen WTC Pepsi SXXI Carlos Mac Gregor UMF28,"Queen size air bed in my living room, half bathroom exclusive to you, shared full bathroom with two guests 3 blocks away Metrobus Amores,Metro Ethiopia, Gabriel Mancera Mcgregor Hospital, UMF 28, Xoco, Delta Park Medical Center,super communicated. Close Countess Narvarte Rome Coyoacan, WTC Pepsi Center. Perfect tourist location between 5-35 min safe area you can park your car on the street. BEFORE BOOKING QUESTION CONTACT ME AVAILABILITY exchange letters for numbers JJ 1TT/G0T/JP","The neighborhood is super quiet you can go out at any time to the street is very safe, also if you like you can also arrive and leave at any time of our house. Please note that the house has two rooms which are rented and in the living room we have also rented the sofa.",Miguel Angel,2014-02-28,2014-02-28,"Im very reliable person i sell online princess dresses, pageants, communion, wedding and more and i send them to all the world by offering them through etsy amazon, ebay, dwanda, etc 

http://miguelzottoyahoocom.bazzoa.com/

I love to collect buble cars and antique ones the one picture is my last adquisition Mitsuoka Bubu 501 1983 the only one in whole latin america ",within an hour,f,"['email', 'phone']",t,Benito Juárez,Shared room in home,Shared room,1.5 shared baths,"[""Iron"", ""Washer"", ""Wifi"", ""Host greets you"", ""Refrigerator"", ""Dishes and silverware"", ""Hangers"", ""Long term stays allowed"", ""First aid kit"", ""Essentials"", ""Shampoo"", ""Hot water"", ""TV"", ""Kitchen"", ""Smoke alarm"", ""Stove"", ""Fire extinguisher"", ""Free street parking"", ""Microwave"", ""Cooking basics""]",2019-04-25,No disponible,t,33719507,1.0,0.94,8.0,10.0,19.39257,-99.16286,2.0,1.5,1.0,1.0,676.0,1.0,50.0,1.0,1125.0,30,60,90,365,56.0,0.0,4.84,4.86,4.77,4.96,4.96,4.93,0.85
2024-09-25,city scrape,Shared room close to Bellas Artes CDMX,"If you are looking for an ideal accommodation for summer trips to CDMX, you are coming to one of the CDMX festivals or you are probably planning your New Year's trip, then this Christmas Airbnb in CDMX is ideal and fits for all the possible travel options you have, we will be happy to be able to accompany you in whatever your reason for travel is this last half of 2023.<br />You will not have to worry about anything, just enjoy yourself to the fullest, we take care of everything else.","We are a few steps from the oldest garden in Mexico, the Alameda Central. It is called that because of the large number of Poplars planted on the Avenues of Hidalgo and Juárez. Once there, you will come across the Palace of Fine Arts, the Torre Latinoamericana and the heart of CDMX, the center. We areYourConnection",Casa Mx,2019-02-20,2019-02-20,"Soy un hombre joven, moderno, con experiencia en el lugar en el que vivo y aventurero, pero sobre todo soy un apasionado del servicio, estoy orgulloso de mi entorno por su cultura, folklor y la vida diaria, me gusta inspirar a otros a conectar con él y aprovechar todo lo que éste ofrece.",within an hour,f,"['email', 'phone']",t,Cuauhtémoc,Shared room in hostel,Shared room,1.5 shared baths,"[""Shared patio or balcony"", ""Wifi"", ""Paid washer \u2013 In building"", ""Freezer"", ""Cleaning available during stay"", ""Refrigerator"", ""Dishes and silverware"", ""Self check-in"", ""Building staff"", ""Blender"", ""Carbon monoxide alarm"", ""Backyard"", ""Hammock"", ""Long term stays allowed"", ""First aid kit"", ""Essentials"", ""Hot water"", ""Dining table"", ""Luggage dropoff allowed"", ""Ping pong table"", ""Shared outdoor kitchen"", ""Bed linens"", ""BBQ grill"", ""Outdoor dining area"", ""Smoke alarm"", ""Stove"", ""Fire extinguisher"", ""Clothing storage"", ""Room-darkening shades"", ""Paid dryer \u2013 In building"", ""Gym"", ""Exterior security cameras on property"", ""Dedicated workspace"", ""Cooking basics"", ""Paid parking off premises"", ""Microwave""]",2019-05-25,No disponible,t,34596040,0.94,0.99,16.0,16.0,19.44322967529297,-99.14412689208984,1.0,1.5,1.0,1.0,197.0,1.0,1125.0,1.0,1125.0,29,59,86,255,44.0,0.9,4.59,4.52,4.41,4.52,4.7,4.61,0.68
2024-09-25,city scrape,Airbnb in Mexico City Bed in 8 Mixed Dorm,"The perfect accommodation to meet new people and live a unique experience!<br /><br />This 4-bunk shared room has a capacity for 8 Pepe Friends and is mixed gender.<br /><br />Each bunk has its own comfortable mattress and clean bed linen. The room also has lockers for storing your belongings, privacy with curtains on each bunk, and a shared bathroom.<br /><br />The room is located in the heart of the Historic Center, an area full of history, culture, and life.","Mexico City  downtown is the heart of the country's capital full of culture, history and places where you can taste Mexican gastronomy.",Casa Pepe,2019-05-10,2019-05-10,"Somos una propuesta donde nos importa el encuentro de viajeros en un ambiente humanista. 
Nos dejamos envolver por el momentum de México: Es gastronomía, filosofía, música, historia, literatura, pasión y arte... ¡Todo a la vez!

Además de un restaurante, Podrás disfrutar de wifi gratis en las zonas comunes, artículos de higiene personal, Disfruta de un delicioso coctel en nuestra Cosmica, y servicio de recepción 24 horas.",within an hour,f,"['email', 'phone']",t,Cuauhtémoc,Shared room in hostel,Shared room,1 shared bath,"[""Iron"", ""Elevator"", ""Wifi"", ""Dishes and silverware"", ""Self check-in"", ""Hangers"", ""Body soap"", ""Carbon monoxide alarm"", ""Long term stays allowed"", ""Essentials"", ""Shampoo"", ""Hot water"", ""Luggage dropoff allowed"", ""TV"", ""Kitchen"", ""Conditioner"", ""Smoke alarm"", ""Safe"", ""Fire extinguisher"", ""Microwave"", ""Dedicated workspace"", ""Cooking basics"", ""Hair dryer"", ""Building staff""]",2019-10-13,No disponible,t,34600699,0.94,0.99,11.0,14.0,19.43109,-99.13571,1.0,1.0,1.0,1.8,260.0,1.0,1125.0,1.1,354.3,30,60,90,254,196.0,1.0,4.71,4.8,4.67,4.7,4.91,4.77,3.25
2024-09-25,city scrape,"Shared room Guerrero CDMX, Centro Bellas Artes","If you are looking for an ideal accommodation for summer trips to CDMX, you are coming to one of the CDMX festivals or you are probably planning your New Year's trip, then this Christmas Airbnb in CDMX is ideal and fits for all the possible travel options you have, we will be happy to be able to accompany you in whatever your reason for travel is this last half of 2023.<br />You will not have to worry about anything, just enjoy yourself to the fullest, we take care of everything else.","We are a few steps from the oldest garden in Mexico, the Alameda Central. It is called that because of the large number of Poplars planted on the Avenues of Hidalgo and Juárez. Once there, you will come across the Palace of Fine Arts, the Torre Latinoamericana and the heart of CDMX, the center. We areYourConnection",Casa Mx,2019-02-20,2019-02-20,"Soy un hombre joven, moderno, con experiencia en el lugar en el que vivo y aventurero, pero sobre todo soy un apasionado del servicio, estoy orgulloso de mi entorno por su cultura, folklor y la vida diaria, me gusta inspirar a otros a conectar con él y aprovechar todo lo que éste ofrece.",within an hour,f,"['email', 'phone']",t,Cuauhtémoc,Shared room in hostel,Shared room,1.5 shared baths,"[""Shared patio or balcony"", ""Wifi"", ""Paid washer \u2013 In building"", ""Freezer"", ""Cleaning available during stay"", ""Refrigerator"", ""Dishes and silverware"", ""Self check-in"", ""Building staff"", ""Blender"", ""Carbon monoxide alarm"", ""Coffee maker"", ""Hammock"", ""Long term stays allowed"", ""First aid kit"", ""Essentials"", ""Hot water"", ""Luggage dropoff allowed"", ""Ping pong table"", ""Shared outdoor kitchen"", ""Bed linens"", ""Outdoor dining area"", ""Stainless steel gas stove"", ""Smoke alarm"", ""Fire extinguisher"", ""Room-darkening shades"", ""Paid dryer \u2013 In building"", ""Exterior security cameras on property"", ""Cooking basics"", ""Microwave""]",2019-06-08,No disponible,t,34573457,0.94,0.99,16.0,16.0,19.443056106567383,-99.14414978027344,1.0,1.5,1.0,1.0,197.0,1.0,1125.0,1.0,1125.0,29,54,81,250,26.0,0.0,4.85,4.81,4.69,4.81,4.77,4.85,0.4
2024-09-25,city scrape,Airbnb in Mexico City Bed in 6 Femenine Dorm,Bed in a shared room with 3 bunk beds. This room is exclusively for women. This with the aim of guaranteeing the comfort of those women who travel alone and are looking for a place where they feel safe.,"Mexico City  downtown is the heart of the country's capital full of culture, history and places where you can taste Mexican gastronomy.",Casa Pepe,2019-05-10,2019-05-10,"Somos una propuesta donde nos importa el encuentro de viajeros en un ambiente humanista. 
Nos dejamos envolver por el momentum de México: Es gastronomía, filosofía, música, historia, literatura, pasión y arte... ¡Todo a la vez!

Además de un restaurante, Podrás disfrutar de wifi gratis en las zonas comunes, artículos de higiene personal, Disfruta de un delicioso coctel en nuestra Cosmica, y servicio de recepción 24 horas.",within an hour,f,"['email', 'phone']",t,Cuauhtémoc,Shared room in hostel,Shared room,1 shared bath,"[""Iron"", ""Elevator"", ""Wifi"", ""Dishes and silverware"", ""Self check-in"", ""Building staff"", ""Portable fans"", ""Hangers"", ""Body soap"", ""Carbon monoxide alarm"", ""Long term stays allowed"", ""Essentials"", ""Shampoo"", ""Hot water"", ""Luggage dropoff allowed"", ""TV"", ""Kitchen"", ""Conditioner"", ""Smoke alarm"", ""Safe"", ""Fire extinguisher"", ""Exterior security cameras on property"", ""Dedicated workspace"", ""Cooking basics"", ""Hair dryer"", ""Microwave""]",2022-05-03,No disponible,t,35115936,0.94,0.99,11.0,14.0,19.42972,-99.13564,1.0,1.0,1.0,6.0,318.0,1.0,1125.0,1.0,359.5,30,60,90,254,6.0,0.0,4.83,4.83,4.83,4.67,5.0,4.67,0.21
2024-09-26,city scrape,Friendly and centric hostel in CDMX,"If you are looking for an ideal accommodation for summer trips to CDMX, you are coming to one of the CDMX festivals or you are probably planning your New Year's trip, then this Christmas Airbnb in CDMX is ideal and fits for all the possible travel options you have, we will be happy to be able to accompany you in whatever your reason for travel is this last half of 2023.<br />You will not have to worry about anything, just enjoy yourself to the fullest, we take care of everything else.","We are a few steps from the oldest garden in Mexico, the Alameda Central. It is called that because of the large number of Poplars planted on the Avenues of Hidalgo and Juárez. Once there, you will come across the Palace of Fine Arts, the Torre Latinoamericana and the heart of CDMX, the center. We areYourConnection",Casa Mx,2019-02-20,2019-02-20,"Soy un hombre joven, moderno, con experiencia en el lugar en el que vivo y aventurero, pero sobre todo soy un apasionado del servicio, estoy orgulloso de mi entorno por su cultura, folklor y la vida diaria, me gusta inspirar a otros a conectar con él y aprovechar todo lo que éste ofrece.",within an hour,f,"['email', 'phone']",t,Cuauhtémoc,Shared room in hostel,Shared room,1.5 shared baths,"[""Shared patio or balcony"", ""Iron"", ""Outdoor furniture"", ""Wifi"", ""Paid washer \u2013 In building"", ""Freezer"", ""Shared gym in building"", ""Cleaning available during stay"", ""Refrigerator"", ""Self check-in"", ""Building staff"", ""Shared backyard"", ""Carbon monoxide alarm"", ""Hammock"", ""Long term stays allowed"", ""First aid kit"", ""Essentials"", ""Hot water"", ""Luggage dropoff allowed"", ""Shared outdoor kitchen"", ""Bed linens"", ""Smoke alarm"", ""Stove"", ""Fire extinguisher"", ""Room-darkening shades"", ""Paid dryer \u2013 In building"", ""Exterior security cameras on property"", ""Cooking basics"", ""Paid parking off premises"", ""Microwave""]",2019-09-30,No disponible,t,35126168,0.94,0.99,16.0,16.0,19.44311714172364,-99.14411926269533,1.0,1.5,1.0,1.0,167.0,1.0,500.0,1.0,1125.0,0,0,0,0,42.0,1.0,4.02,4.1,4.02,4.36,4.38,4.38,0.69
2024-09-26,previous scrape,"Cuartos para Estudiantes UNAM, COLMEX y UPN.","Shared furnished rooms are washed. 15 mins to UNAM We include water, electricity, Internet, gas and cleaning services. Bed linen and cooking utensils are provided.<br /><br />The rooms have 2 double beds, 2 buros and 2 closet.<br /><br />Address: Cancun corner with Tenosique en Tlalpan.<br />Reports to Cel. 5540948735.",Información acerca del vecindario no proporcionada,Roman Ernesto,2016-11-21,2016-11-21,Estudiante de maestría.  Me gusta andar en bici y los video juegos. Me gusta el ecoturismo.,within an hour,f,"['email', 'phone']",f,Tlalpan,Shared room in home,Shared room,1.5 shared baths,"[""Washer"", ""Wifi"", ""Host greets you"", ""Refrigerator"", ""Dishes and silverware"", ""Coffee maker"", ""Backyard"", ""Long term stays allowed"", ""Hot water"", ""Dryer"", ""Luggage dropoff allowed"", ""TV"", ""Patio or balcony"", ""Kitchen"", ""Oven"", ""Stove"", ""Cooking basics"", ""Free street parking"", ""Microwave"", ""Smoking allowed""]",9999-01-01,No disponible,f,36144496,1.0,1.0,2.0,2.0,19.28523,-99.2201,2.0,1.5,1.6,2.0,300.0,3.0,1125.0,2.8,1125.0,0,0,0,0,0.0,0.0,4.8,4.9,4.8,4.8,4.8,4.7,1.7
2024-09-25,city scrape,"Casa compartida, acogedora y bien ubicada",The house has lots of light and the area is very quiet,It's very quiet and we're 6 minutes away from all the corporate of santa fe,Alejandra,2019-07-03,2019-07-03,"Buena anfitriona, solo es cuestión de ponernos de acuerdo vía teléfono y bienvenid@s !! amplio espacio en la recámara con mucha luz zona muy tranquila !!",a few days or more,f,"['email', 'phone']",f,Álvaro Obregón,Shared room in rental unit,Shared room,1 shared bath,"[""Iron"", ""Washer"", ""Luggage dropoff allowed"", ""Wifi"", ""Cleaning available during stay"", ""Kitchen"", ""Long term stays allowed"", ""First aid kit"", ""Refrigerator"", ""Dishes and silverware"", ""Stove"", ""Essentials"", ""Oven"", ""Shampoo"", ""Hot water"", ""Cooking basics"", ""Hair dryer"", ""Microwave""]",2019-07-28,No disponible,f,36417629,1.0,0.9,1.0,1.0,19.35808,-99.25466,1.0,1.0,2.0,0.0,350.0,1.0,10.0,1.0,10.0,29,59,89,179,5.0,0.0,4.2,4.2,4.0,4.2,4.2,4.2,0.08
2024-09-26,previous scrape,Recamaras. Nuevas Centro Historico amuebladas,"New modern style house with equipped kitchen, dining room, study, terrace, large bedrooms, cozy and in a very safe place<br />Central residential area<br />and very connected with supermarket and market on the corner<br />With many transport routes <br />Budget accommodation per week or month, space in your facilities<br />Family atmosphere<br />Coming soon with gym and close to running areas and 24-hour surveillance",Near axis five south<br />The historic center<br />Avenida de los Insurgentes,Martha,2019-08-30,2019-08-30,Información acerca del anfitrión del no proporcionada,within an hour,f,['phone'],f,Iztacalco,Shared room in home,Shared room,2 shared baths,"[""Free parking on premises"", ""Iron"", ""Washer"", ""TV"", ""Wifi"", ""Breakfast"", ""Kitchen"", ""First aid kit"", ""Air conditioning"", ""Essentials"", ""Smoking allowed"", ""Hangers""]",9999-01-01,No disponible,f,38216913,1.0,1.0,1.0,3.0,19.38502,-99.13206,6.0,1.5,1.6,2.0,300.0,7.0,30.0,7.0,1125.0,0,0,0,0,0.0,0.0,4.8,4.9,4.8,4.8,4.8,4.7,1.7
2024-09-26,previous scrape,Inspirando a crear!,Descripción no proporcionada,Información acerca del vecindario no proporcionada,Alberto,2017-12-06,2017-12-06,Soy Artista Visual y ofrezco alojamiento,within an hour,f,"['email', 'phone']",f,Milpa Alta,Shared room in home,Shared room,1 shared bath,"[""Free parking on premises"", ""Wifi"", ""Essentials"", ""Hot water""]",9999-01-01,No disponible,f,38219708,1.0,1.0,2.0,7.0,19.4,-99.2,2.0,1.5,1.6,2.0,300.0,1.0,1125.0,1.0,1125.0,0,0,0,0,0.0,0.0,4.8,4.9,4.8,4.8,4.8,4.7,1.7
2024-09-26,previous scrape,Compartiendo espacios,It's quiet. <br />It's a place to share<br />They are a couple of rooms that are under renovation but at the moment as well as for a couple of months it would be ideal for you to give us an opportunity,It's a quiet place like a private one.,Aniceto,2019-08-26,2019-08-26,Información acerca del anfitrión del no proporcionada,within an hour,f,"['email', 'phone']",f,Iztapalapa,Shared room in home,Shared room,1 shared bath,"[""Free parking on premises"", ""Hangers""]",9999-01-01,No disponible,f,38098751,1.0,1.0,1.0,1.0,19.34165,-99.2,2.0,1.5,1.6,2.0,300.0,1.0,1125.0,1.0,1125.0,0,0,0,0,0.0,0.0,4.8,4.9,4.8,4.8,4.8,4.7,1.7
2024-09-25,city scrape,Habitación compartida cerca de la UAM Xochimilco,"Shared rooms with all the services 10 minutes from the Xochimilco UAM, a street of axis three and road of the bombs.<br />Accepted to any person, friendly and care-free environment<br />Long Term Discounts",One Axis Three Street and 10 min from UAM Xochimilco,Lucia Araceli,2016-07-19,2016-07-19,Información acerca del anfitrión del no proporcionada,within an hour,f,"['email', 'phone']",t,Coyoacán,Shared room in rental unit,Shared room,1 shared bath,"[""Wifi"", ""Kitchen"", ""Pets allowed"", ""Hot water"", ""Smoking allowed"", ""Hangers""]",9999-01-01,No disponible,f,38797501,1.0,1.0,1.0,1.0,19.31062,-99.1057,1.0,1.0,1.0,1.0,236.0,2.0,1125.0,2.0,1125.0,28,58,88,178,0.0,0.0,4.8,4.9,4.8,4.8,4.8,4.7,1.7
2024-09-25,city scrape,IOW4 MED Oasis 2,"IOW4© CONCEPT TO SHARE TRIPS IN LUXURY AREAS IN COLIVING. ONLY FOR TRAVELERS WITH BROAD CRITERIA AND EXPERIENCED IN THE ECONOMY AND TRIPS AND WONDERFUL DESTINATIONS; DARING AND SOPHISTICATED, WHO LIKE TO EXTEND THE FUN FOR MORE DAYS AT THE BEST PRICE<br /><br />IMPORTANT <br />SINGLE BUNK BED IN THE ROOM, WITHOUT PRIVATE OR EXCLUSIVE AREAS<br /><br />ANGELES  LIVES HERE IS A REIKI THERAPIST, BIOMAGNETISM. THERAPIES ON STAY C DOLL<br /><br />IN EVERY SPACE #IOW4 YOUR HOME AND<br />IN EVERY HOME A SPACE #IOW4",There are several specialty cafes and with Joe's cocoa and primitive chocolate where you can consume it.,Ma. De Los Angeles,2018-11-06,2018-11-06,Soy facilitadora de Bioenergética y Terapias de Biomagnetismo,within an hour,f,['phone'],t,Cuauhtémoc,Shared room in rental unit,Shared room,1 shared bath,"[""Iron"", ""Coffee maker"", ""Elevator"", ""Wifi"", ""Patio or balcony"", ""Kitchen"", ""Refrigerator"", ""Dishes and silverware"", ""Stove"", ""Self check-in"", ""Essentials"", ""Oven"", ""Free street parking"", ""Hot water"", ""Cooking basics"", ""Lockbox"", ""Microwave""]",2019-11-23,No disponible,t,39223541,1.0,1.0,10.0,12.0,19.40444,-99.16269,1.0,1.0,1.0,2.0,68.0,1.0,180.0,1.0,1125.0,25,55,85,360,19.0,0.0,4.32,4.26,4.05,4.63,4.68,4.32,0.32
2024-09-25,city scrape,IOW4 MED Coqueta x1,"IOW4© CONCEPT TO SHARE TRIPS IN LUXURY AREAS IN COLIVING. ONLY FOR TRAVELERS WITH BROAD CRITERIA AND EXPERIENCED IN THE ECONOMY AND TRIPS AND WONDERFUL DESTINATIONS; DARING AND SOPHISTICATED, WHO LIKE TO EXTEND THE FUN FOR MORE DAYS AT THE BEST PRICE<br /><br />IMPORTANT <br />SINGLE BUNK BED IN SHARED ROOM, WITHOUT PRIVATE AREAS<br /><br />ANGELES  LIVES HERE IS A THERAPIST IN REIKI, BIOMAGNETISM. THERAPIES IN THE ROOM WITH DOLL<br /><br />IN EVERY SPACE #IOW4 YOUR HOME AND<br />IN EVERY HOME A SPACE #IOW4",Rome is a very beautiful colonial place within the City. There are several specialty cafes and with Joe's cocoa and primitive chocolate where you can consume it.,Ma. De Los Angeles,2018-11-06,2018-11-06,Soy facilitadora de Bioenergética y Terapias de Biomagnetismo,within an hour,f,['phone'],t,Cuauhtémoc,Shared room in rental unit,Shared room,1 shared bath,"[""Iron"", ""Backyard"", ""Wifi"", ""Elevator"", ""Patio or balcony"", ""Kitchen"", ""Refrigerator"", ""Dishes and silverware"", ""Stove"", ""Self check-in"", ""Essentials"", ""Oven"", ""Free street parking"", ""Hot water"", ""Cooking basics"", ""Lockbox"", ""Hangers"", ""Microwave""]",2019-11-03,No disponible,t,39227223,1.0,1.0,10.0,12.0,19.40444,-99.16269,1.0,1.0,1.0,2.0,77.0,1.0,1125.0,1.0,1125.0,0,23,53,328,22.0,0.0,4.77,4.64,4.59,4.82,4.91,4.68,0.37
2024-09-25,city scrape,IOW4 MED Oasis 1,"IOW4© CONCEPT TO SHARE TRIPS IN LUXURY AREAS IN COLIVING. ONLY FOR TRAVELERS WITH BROAD CRITERIA AND EXPERIENCED IN THE ECONOMY AND TRIPS AND WONDERFUL DESTINATIONS; DARING AND SOPHISTICATED, WHO LIKE TO EXTEND THE FUN FOR MORE DAYS AT THE BEST PRICE<br /><br />IMPORTANT <br />SINGLE BUNK BED IN SHARED ROOM, WITHOUT PRIVATE AREAS<br /><br />ANGELES  LIVES HERE IS A THERAPIST IN REIKI, BIOMAGNETISM. THERAPIES IN THE ROOM WITH DOLL<br /><br />IN EVERY SPACE #IOW4 YOUR HOME AND<br />IN EVERY HOME A SPACE #IOW4",Rome is a very beautiful colonial place within the City. There are several specialty cafes and with Joe's cocoa and primitive chocolate where you can consume it.,Ma. De Los Angeles,2018-11-06,2018-11-06,Soy facilitadora de Bioenergética y Terapias de Biomagnetismo,within an hour,f,['phone'],t,Cuauhtémoc,Shared room in rental unit,Shared room,1 shared bath,"[""Iron"", ""Backyard"", ""Wifi"", ""Elevator"", ""Patio or balcony"", ""Kitchen"", ""Refrigerator"", ""Dishes and silverware"", ""Self check-in"", ""Essentials"", ""Hot water"", ""Cooking basics"", ""Lockbox"", ""Hangers"", ""Microwave""]",2019-11-05,No disponible,f,39228937,1.0,1.0,10.0,12.0,19.40444,-99.16269,1.0,1.0,1.0,2.0,89.0,1.0,1125.0,1.0,1125.0,25,55,85,360,27.0,1.0,4.37,4.26,4.37,4.59,4.63,4.44,0.45
2024-09-25,city scrape,IOW4 MED Maravillosa 1,"IOW4© CONCEPT TO SHARE TRIPS IN LUXURY AREAS IN COLIVING. ONLY FOR TRAVELERS WITH BROAD CRITERIA AND EXPERIENCED IN THE ECONOMY AND TRIPS AND WONDERFUL DESTINATIONS; DARING AND SOPHISTICATED, WHO LIKE TO EXTEND THE FUN FOR MORE DAYS AT THE BEST PRICE<br /><br />IMPORTANT <br />SINGLE BUNK BED IN THE ROOM, WITHOUT PRIVATE OR EXCLUSIVE AREAS<br /><br />ANGELES IS A REIKI THERAPIST, BIOMAGNETISM. FROM THERAPY ON THE STAY WITH A DOLL. <br /><br />IN EVERY SPACE #IOW4 YOUR HOME AND<br />IN EVERY HOME A SPACE #IOW4",rome is a wonderful place,Ma. De Los Angeles,2018-11-06,2018-11-06,Soy facilitadora de Bioenergética y Terapias de Biomagnetismo,within an hour,f,['phone'],t,Cuauhtémoc,Shared room in rental unit,Shared room,1 shared bath,"[""Iron"", ""Coffee maker"", ""Backyard"", ""Wifi"", ""Elevator"", ""Patio or balcony"", ""Kitchen"", ""Refrigerator"", ""Dishes and silverware"", ""Self check-in"", ""Essentials"", ""Free street parking"", ""Microwave"", ""Cooking basics"", ""Lockbox""]",2020-01-02,No disponible,t,40806671,1.0,1.0,10.0,12.0,19.404441833496094,-99.16268920898438,1.0,1.0,1.0,2.0,70.0,1.0,180.0,1.0,1125.0,5,35,65,340,27.0,0.0,4.7,4.63,4.67,4.7,4.89,4.78,0.47
2024-09-25,city scrape,Casa Bajio,"Comfortable rooms, directed to rest, location is 8 min walk from Delta Square",In front of London College,Silvia,2019-12-09,2019-12-09,"Soy amable y educada porque así somos en casa y me gusta que me traten igual, somos una gran familia.",within an hour,f,"['email', 'phone']",t,Cuauhtémoc,Shared room in home,Shared room,1 shared bath,"[""Iron"", ""TV"", ""Wifi"", ""Exterior security cameras on property"", ""Fire extinguisher"", ""Kitchen"", ""First aid kit"", ""Essentials"", ""Shampoo"", ""Hot water"", ""Hangers""]",9999-01-01,No disponible,f,40706470,1.0,1.0,1.0,2.0,19.40381,-99.16238,8.0,1.0,1.0,2.0,1200.0,1.0,30.0,1.0,1125.0,23,53,83,83,0.0,0.0,4.8,4.9,4.8,4.8,4.8,4.7,1.7
2024-09-25,city scrape,Habitación para 8 personas en Polanco.,"Bedroom with 4 bunk beds ( 8 twin beds) It has a closet where you can store your belongings. Each bed comes with a connector and a reading lamp.<br />There is a TV room with smart TV, lounge room,kitchen with dining room. Coffee service and excellent WiFi.<br />The bathroom is located outside the room and is shared as is the living rooms, kitchen and dining room.","Located in an excellent area, in Polanco, very safe, walking from the metro transport service (Polanco station), around there are several alternative transport systems such as bike or skate rental (by application, available in both the android and ios system). Everything is within walking distance, a central area to visit the CDMX tourist sites.",Montserrat,2015-02-16,2015-02-16,"Casada
Mama de 4 niños
Social
Empresaria

",within an hour,f,"['email', 'phone', 'work_email']",t,Miguel Hidalgo,Shared room in rental unit,Shared room,2 shared baths,"[""Iron"", ""Wifi"", ""Refrigerator"", ""Dishes and silverware"", ""Self check-in"", ""Hangers"", ""Coffee maker"", ""Crib"", ""Long term stays allowed"", ""Essentials"", ""Shampoo"", ""Hot water"", ""Luggage dropoff allowed"", ""Babysitter recommendations"", ""TV with standard cable"", ""Bed linens"", ""Kitchen"", ""Smart lock"", ""Stove"", ""Extra pillows and blankets"", ""Microwave"", ""Dedicated workspace"", ""Cooking basics"", ""Hair dryer""]",2022-01-30,No disponible,t,41454296,1.0,0.97,107.0,113.0,19.43766,-99.18489,8.0,2.0,1.0,1.8,1796.0,1.0,365.0,1.1,1125.0,24,46,76,95,12.0,0.0,4.25,4.25,4.17,4.42,4.42,4.33,0.37
2024-09-26,previous scrape,Tranquila habitación muy bien ubicada,short term or long term room with unbeatable location,"The house is opposite the Grand Terrace Coapa shopping center with a 24-hour Soriana hyper, cinemas, entertainment and plenty of 24-hour security",Francisco,2020-01-25,2020-01-25,Información acerca del anfitrión del no proporcionada,within an hour,f,['phone'],f,Tlalpan,Shared room in home,Shared room,1.5 shared baths,"[""Iron"", ""Washer"", ""TV"", ""Wifi"", ""Breakfast"", ""Kitchen"", ""First aid kit"", ""Essentials"", ""Shampoo"", ""Hangers"", ""Hair dryer""]",9999-01-01,No disponible,f,42119973,1.0,1.0,1.0,1.0,19.29148,-99.12506,2.0,1.5,1.6,2.0,300.0,2.0,1125.0,2.0,1125.0,0,0,0,0,0.0,0.0,4.8,4.9,4.8,4.8,4.8,4.7,1.7
2024-09-26,city scrape,IOW4 MED Maravillosa 2,"IOW4© CONCEPT TO SHARE TRIPS IN LUXURY AREAS IN COLIVING. ONLY FOR TRAVELERS WITH BROAD CRITERIA AND EXPERIENCED IN THE ECONOMY AND TRIPS AND WONDERFUL DESTINATIONS; DARING AND SOPHISTICATED, WHO LIKE TO EXTEND THE FUN FOR MORE DAYS AT THE BEST PRICE<br /><br />IMPORTANT <br />SINGLE BUNK BED IN SHARED ROOM, WITHOUT PRIVATE AREAS<br /><br />ANGELES  LIVES HERE IS A THERAPIST IN REIKI, BIOMAGNETISM. THERAPIES IN THE ROOM WITH DOLL<br /><br />IN EVERY SPACE #IOW4 YOUR HOME AND<br />IN EVERY HOME A SPACE #IOW4",Información acerca del vecindario no proporcionada,Ma. De Los Angeles,2018-11-06,2018-11-06,Soy facilitadora de Bioenergética y Terapias de Biomagnetismo,within an hour,f,['phone'],t,Cuauhtémoc,Shared room in rental unit,Shared room,1 shared bath,"[""Iron"", ""Luggage dropoff allowed"", ""Backyard"", ""Wifi"", ""Elevator"", ""Patio or balcony"", ""Kitchen"", ""Long term stays allowed"", ""First aid kit"", ""Refrigerator"", ""Dishes and silverware"", ""Self check-in"", ""Essentials"", ""Hot water"", ""Cooking basics"", ""Lockbox"", ""Hangers"", ""Microwave""]",2020-03-05,No disponible,t,42496463,1.0,1.0,10.0,12.0,19.404441833496094,-99.16268920898438,1.0,1.0,1.0,1.0,111.0,1.0,1125.0,1.0,1125.0,30,60,90,365,38.0,0.0,4.66,4.58,4.47,4.84,4.87,4.66,0.68
2024-09-25,city scrape,Selina Mexico City Downtown - Bed In Large Dorm,"Deep in the heart of downtown Mexico City, Selina is surrounded by beauty and wonder. We’re only a few minutes walk to major landmarks and you can catch glimpses of Aztec ruins from your bedroom. <br />Selina Mexico City offers a comfortable, relaxing venue. Chill out with our daily yoga classes and take in the breathtaking views of the city from our cozy rooftop bar.","Mexico City is one of the biggest, most spectacular cities in the world. Surrounded by mountains, it’s a hive of underground parties, cosmopolitan venues, and historical sites. There’s something for everyone and, let’s face it, everyone should visit this colossus at least once in their life. Own the city!",Selina,2018-11-15,2018-11-15,"Selina no es solo alojamiento. En efecto, ofrecemos lugares (bellos, hermosamente diseñados) para alojarse. Pero más que eso, ofrecemos un lugar para conectar con los demás. Déjate inspirar por playas magníficas y selvas exuberantes. Alimenta tu creatividad en centros urbanos llenos de energía. Súbete a una ola, baila hasta el amanecer o alcanza un nuevo nivel de productividad con el surf, actividades, coworking y la comunidad de Selina. Si buscas una experiencia única, de inmersión, llena de propósito, estás buscando Selina.",within an hour,f,"['email', 'phone', 'work_email']",t,Cuauhtémoc,Shared room in hotel,Shared room,1 shared bath,"[""Dryer"", ""Washer"", ""Wifi"", ""Kitchen"", ""Long term stays allowed""]",2020-09-07,No disponible,t,43133053,0.85,0.99,9.0,10.0,19.42744,-99.14068,1.0,1.0,1.0,2.0,300.0,1.0,1125.0,1.0,1125.0,0,0,0,0,133.0,0.0,4.38,4.49,4.41,4.36,4.62,4.53,2.7
2024-09-25,city scrape,Selina Mexico City Downtown - Bed In Small Dorm,"Deep in the heart of downtown Mexico City, Selina is surrounded by beauty and wonder. We’re only a few minutes walk to major landmarks and you can catch glimpses of Aztec ruins from your bedroom. <br />Selina Mexico City offers a comfortable, relaxing venue. Chill out with our daily yoga classes and take in the breathtaking views of the city from our cozy rooftop bar.","Mexico City is one of the biggest, most spectacular cities in the world. Surrounded by mountains, it’s a hive of underground parties, cosmopolitan venues, and historical sites. There’s something for everyone and, let’s face it, everyone should visit this colossus at least once in their life. Own the city!",Selina,2018-11-15,2018-11-15,"Selina no es solo alojamiento. En efecto, ofrecemos lugares (bellos, hermosamente diseñados) para alojarse. Pero más que eso, ofrecemos un lugar para conectar con los demás. Déjate inspirar por playas magníficas y selvas exuberantes. Alimenta tu creatividad en centros urbanos llenos de energía. Súbete a una ola, baila hasta el amanecer o alcanza un nuevo nivel de productividad con el surf, actividades, coworking y la comunidad de Selina. Si buscas una experiencia única, de inmersión, llena de propósito, estás buscando Selina.",within an hour,f,"['email', 'phone', 'work_email']",t,Cuauhtémoc,Shared room in hotel,Shared room,1 shared bath,"[""Dryer"", ""Washer"", ""Wifi"", ""Kitchen"", ""Long term stays allowed""]",2020-08-22,No disponible,t,43133165,0.85,0.99,9.0,10.0,19.42767,-99.14219,1.0,1.0,1.0,2.0,383.0,1.0,1125.0,1.0,1125.0,0,0,0,0,7.0,1.0,5.0,4.86,4.86,5.0,5.0,5.0,0.14
2024-09-25,city scrape,Selina Mexico City - Bed in Small Dorm Plus,"Deep in the heart of downtown Mexico City, Selina is surrounded by beauty and wonder. We’re only a few minutes walk to major landmarks and you can catch glimpses of Aztec ruins from your bedroom. <br />Selina Mexico City offers a comfortable, relaxing venue. Chill out with our daily yoga classes and take in the breathtaking views of the city from our cozy rooftop bar.","Mexico City is one of the biggest, most spectacular cities in the world. Surrounded by mountains, it’s a hive of underground parties, cosmopolitan venues, and historical sites. There’s something for everyone and, let’s face it, everyone should visit this colossus at least once in their life. Own the city!",Selina,2018-11-15,2018-11-15,"Selina no es solo alojamiento. En efecto, ofrecemos lugares (bellos, hermosamente diseñados) para alojarse. Pero más que eso, ofrecemos un lugar para conectar con los demás. Déjate inspirar por playas magníficas y selvas exuberantes. Alimenta tu creatividad en centros urbanos llenos de energía. Súbete a una ola, baila hasta el amanecer o alcanza un nuevo nivel de productividad con el surf, actividades, coworking y la comunidad de Selina. Si buscas una experiencia única, de inmersión, llena de propósito, estás buscando Selina.",within an hour,f,"['email', 'phone', 'work_email']",t,Cuauhtémoc,Shared room in hotel,Shared room,1 shared bath,"[""Dryer"", ""Washer"", ""Wifi"", ""Kitchen"", ""Long term stays allowed""]",2022-03-22,No disponible,t,43133212,0.85,0.99,9.0,10.0,19.42675,-99.14259,1.0,1.0,1.0,2.0,363.0,1.0,1125.0,1.0,1125.0,0,0,0,0,14.0,0.0,4.8,4.0,4.8,3.93,4.5,3.86,0.46
2024-09-26,previous scrape,Depto en el corazón de la roma,Enjoy easy access to everything from this perfectly located home base.,Información acerca del vecindario no proporcionada,Geraldine,2017-03-09,2017-03-09,Información acerca del anfitrión del no proporcionada,within an hour,f,"['email', 'phone']",t,Cuauhtémoc,Shared room in rental unit,Shared room,1 shared bath,"[""Iron"", ""Wifi"", ""Dishes and silverware"", ""Blender"", ""Hangers"", ""First aid kit"", ""Essentials"", ""Shampoo"", ""Hot water"", ""Dining table"", ""TV"", ""Free dryer"", ""Bed linens"", ""Kitchen"", ""Cleaning products"", ""ESCUDO body soap"", ""COMERCIAL refrigerator"", ""MABE stove"", ""Free street parking"", ""Exterior security cameras on property"", ""Cooking basics"", ""Microwave""]",9999-01-01,No disponible,f,43177038,1.0,1.0,1.0,1.0,19.41514,-99.16382,2.0,1.5,1.6,2.0,300.0,1.0,365.0,1.0,365.0,0,0,0,0,0.0,0.0,4.8,4.9,4.8,4.8,4.8,4.7,1.7
2024-09-26,previous scrape,Estancia en Coyoacán,"It is a place for rest, dedicated to people with a study or work project. It's designed for long stays.<br />There is a space in a shared room, or in a single room for one or two people.<br />There is a kitchenette, washing machine and a dining and living area can be used. <br />The house is in the center of Coyoacán, has a supermarket nearby, communication roads, metro station and is in front of the park. It's quiet, safe and wooded.","The place and neighbors are the hallmarks of Coyoacán, friendly, considerate, and caring people in the neighborhood.",Guadalupe,2019-12-18,2019-12-18,Información acerca del anfitrión del no proporcionada,within an hour,f,"['email', 'phone']",f,Benito Juárez,Shared room in home,Shared room,3 shared baths,"[""Luggage dropoff allowed"", ""Washer"", ""Wifi"", ""Kitchen"", ""Long term stays allowed"", ""Hot water"", ""Hangers""]",9999-01-01,No disponible,f,43519836,1.0,1.0,1.0,1.0,19.35789,-99.15264,4.0,1.5,1.6,2.0,300.0,30.0,1125.0,30.0,1125.0,0,0,0,0,0.0,0.0,4.8,4.9,4.8,4.8,4.8,4.7,1.7
2024-09-25,city scrape,"CDMX, habitación compartida para 10, litera","Hostal Amigo, opened on July 1, 2005, offering bedrooms and private rooms with the best facilities in the CDMX, <br />We are located just a  few  blocks from the main square of the Zócalo, heart of the CDMX, and near the stations of Isabel the Catholic and Zócalo metro line 2, near the metro station of the republic station of the street republic of Uruguay.","Mexico City is the most densely populated capital of Mexico and is located at high altitudes. It is famous for its Major Temple (a 13th-century Aztec temple), the Baroque-style Metropolitan Cathedral of Mexico of the Spanish conquistadors, and the National Palace, which houses historic murals by Diego Rivera. All these landmarks are located around Plaza de la Constitución, the huge main square also known as the Zocalo. In the heart of Mexico, the CDMX can find a wide variety of things, from streets dedicated to electronics, toys, clothes, we have typical markets, to places where you can see dancers, churches, museums, squares, gardens, universities, large corporations among many other things. If you have any questions or concerns about a special area, please don't hesitate to reach your destination safely.",Héctor Manuel,2020-06-17,2020-06-17,"Hostal Amigo, el sitio ideal para viajeros...",within an hour,f,"['email', 'phone']",t,Cuauhtémoc,Shared room in hostel,Shared room,0 shared baths,"[""Wifi"", ""Fire extinguisher"", ""Kitchen"", ""First aid kit"", ""Exterior security cameras on property"", ""Smoke alarm""]",2021-11-16,No disponible,t,43846718,0.83,0.85,4.0,4.0,19.42896,-99.13601,10.0,0.0,1.0,5.0,1900.0,1.0,1125.0,1.0,1125.0,30,60,90,365,15.0,0.0,4.87,4.93,4.93,4.8,5.0,4.93,0.43
2024-09-25,city scrape,Shared room for women / Near Metrobus,"You will like my house very much, my house is big and very interesting since there are many foreigners from other countries in the world. The atmosphere is very nice.<br /><br />We are in an excellent location near downtown and next to the Metrobus.",The good thing about this location is that you are close to the Historic Center and we have on one side the Metrobus Circuit which is a lot of help to get around the city.,Luis,2018-08-04,2018-08-04,"Hello my friends, my house is very big and interesting, I always have guests from different parts of the world and therefore there is a very broad cultural exchange. The location is excellent because the Airport is 15 minutes from here and the downtown too. The Metrobus is around the corner, is very cheap to travel on it.",a few days or more,f,"['email', 'phone']",t,Cuauhtémoc,Shared room in home,Shared room,2.5 shared baths,"[""Iron"", ""Washer"", ""Wifi"", ""Freezer"", ""Refrigerator"", ""Dishes and silverware"", ""Ethernet connection"", ""Self check-in"", ""Building staff"", ""Hangers"", ""Long term stays allowed"", ""Essentials"", ""Shampoo"", ""Hot water"", ""Smoking allowed"", ""Barbecue utensils"", ""Luggage dropoff allowed"", ""TV with standard cable"", ""Patio or balcony"", ""Kitchen"", ""Oven"", ""BBQ grill"", ""Stove"", ""Window guards"", ""Room-darkening shades"", ""Free street parking"", ""Exterior security cameras on property"", ""Cooking basics"", ""Hair dryer"", ""Microwave""]",2020-09-01,No disponible,f,43702019,1.0,0.3,116.0,124.0,19.46201,-99.14536,1.0,2.5,1.0,1.0,170.0,28.0,365.0,28.0,365.0,30,60,90,180,3.0,0.0,5.0,5.0,5.0,5.0,4.67,4.67,0.06
2024-09-25,city scrape,Hospedaje a dos cuadras de Paseo de la reforma,"Room two blocks from Paseo de la Reforma, in a very peaceful and safe place.",It's in the best tourist area in town.,Diego,2020-05-20,2020-05-20,Información acerca del anfitrión del no proporcionada,a few days or more,f,['phone'],t,Cuauhtémoc,Shared room in home,Shared room,1 shared bath,"[""Iron"", ""TV"", ""Wifi"", ""Bed linens"", ""Kitchen"", ""First aid kit"", ""Dishes and silverware"", ""Hot water""]",2020-12-27,No disponible,t,43712695,0.49,0.72,12.0,14.0,19.43379,-99.16396,1.0,1.0,1.0,1.0,299.0,1.0,1125.0,1.0,1125.0,30,60,90,365,57.0,0.0,4.7,4.75,4.72,4.91,4.96,4.79,1.25
2024-09-25,city scrape,Shared Room Near Metrobus,Descripción no proporcionada,This location is characterized by having roads at hand and that take you to any part of the city and just a step away the Metrobus Circuit that covers Line 1 and Line 3 to move for 5 pesos to any part of the city.,Luis,2018-08-04,2018-08-04,"Hello my friends, my house is very big and interesting, I always have guests from different parts of the world and therefore there is a very broad cultural exchange. The location is excellent because the Airport is 15 minutes from here and the downtown too. The Metrobus is around the corner, is very cheap to travel on it.",a few days or more,f,"['email', 'phone']",t,Cuauhtémoc,Shared room in home,Shared room,2.5 shared baths,"[""Iron"", ""Washer"", ""Wifi"", ""Freezer"", ""Refrigerator"", ""Dishes and silverware"", ""Ethernet connection"", ""Self check-in"", ""Building staff"", ""Hangers"", ""Long term stays allowed"", ""Essentials"", ""Shampoo"", ""Hot water"", ""Smoking allowed"", ""Barbecue utensils"", ""Luggage dropoff allowed"", ""TV with standard cable"", ""Patio or balcony"", ""Kitchen"", ""Oven"", ""BBQ grill"", ""Stove"", ""Window guards"", ""Room-darkening shades"", ""Free street parking"", ""Exterior security cameras on property"", ""Cooking basics"", ""Hair dryer"", ""Microwave""]",2021-12-20,No disponible,f,44015593,1.0,0.3,116.0,124.0,19.46266,-99.14425,1.0,2.5,1.0,1.0,174.0,28.0,365.0,28.0,365.0,30,60,90,180,3.0,0.0,4.67,5.0,5.0,5.0,5.0,4.67,0.09
2024-09-25,city scrape,Rooms for exchange students,"You will like my house very much, my house is big and very interesting since there are many foreigners from other countries in the world. The atmosphere is very nice.<br /><br />We are in an excellent location near downtown and next to the Metrobus.",Información acerca del vecindario no proporcionada,Luis,2018-08-04,2018-08-04,"Hello my friends, my house is very big and interesting, I always have guests from different parts of the world and therefore there is a very broad cultural exchange. The location is excellent because the Airport is 15 minutes from here and the downtown too. The Metrobus is around the corner, is very cheap to travel on it.",a few days or more,f,"['email', 'phone']",t,Cuauhtémoc,Shared room in home,Shared room,3 shared baths,"[""Iron"", ""Washer"", ""Wifi"", ""Refrigerator"", ""Dishes and silverware"", ""Ethernet connection"", ""Self check-in"", ""Hangers"", ""Coffee maker"", ""Backyard"", ""Long term stays allowed"", ""First aid kit"", ""Essentials"", ""Shampoo"", ""Hot water"", ""Smoking allowed"", ""Clothing storage: closet"", ""Luggage dropoff allowed"", ""TV"", ""Pocket wifi"", ""Patio or balcony"", ""Bed linens"", ""Kitchen"", ""Outdoor dining area"", ""Drying rack for clothing"", ""Stove"", ""Fire extinguisher"", ""Free street parking"", ""Microwave"", ""Cooking basics"", ""Hair dryer"", ""Building staff""]",2020-10-28,No disponible,f,44022176,1.0,0.3,116.0,124.0,19.46139,-99.14784,1.0,3.0,1.0,1.0,171.0,28.0,365.0,28.0,365.0,30,60,90,365,4.0,0.0,5.0,4.75,4.75,5.0,5.0,5.0,0.08
2024-09-25,city scrape,BUSCO ROOMIE,Descripción no proporcionada,Información acerca del vecindario no proporcionada,Frida,2020-07-02,2020-07-02,Información acerca del anfitrión del no proporcionada,within an hour,f,['phone'],t,Benito Juárez,Shared room in rental unit,Shared room,1 shared bath,"[""Hot tub"", ""Kitchen"", ""Gym"", ""Pets allowed"", ""Smoking allowed""]",9999-01-01,No disponible,t,44051350,1.0,1.0,1.0,1.0,19.36362,-99.16204,1.0,1.0,1.0,2.0,7500.0,3.0,365.0,2.8,1125.0,27,57,87,362,0.0,0.0,4.8,4.9,4.8,4.8,4.8,4.7,1.7
2024-09-26,city scrape,Cama en Habitación ¨Peyote¨ dentro de Hostal,"The bedroom has 3 bunk beds and a bed (9 beds) and 9 lockers. The price of the bed includes the use of common areas. This place  is part of Hostal Casa Kanabri, Boutique Hostel, located on the most emblematic street of Mexico City, Paseo de la Reforma. We have common areas such as a TV room, backyard, terrace with the best view of the City. If you are looking for a place full of details designed for you, with the best decoration with graffiti murals, paintings, handicrafts, come with us.",Its privileged location makes “Kanabri House” the most strategic option for exploring the most amazing spots in the city<br />•	Museum of Anthropology 3.2km<br />•	Popular Museum 2.1km<br />•	Monument to Christopher Columbus 700m<br />•	Citadel Craft Market 1.2 km<br />• 	Diego Rivera Mural Museum 1.6 km<br />•	National Museum of Archaeology 3.2 km<br />•	Memory and Tolerance Museum 2.3 km<br />• 	Bucareli Chinese Clock 1.1 km<br />•	Palace of Fine Arts 2.2 km<br />•	San Juan Market 3.5km<br />•	Postal Palace 2.6km<br />•	Franz Mayer Museum 3.1km<br />•	Miguel Lerdo de Tejada Library 4.2km<br />•	Museu Nacional d 'Art 3.2km<br />• 	José Vasconcelos Library 2.5km<br />•	Mexico Library 1.4km<br />•	Reforma 222  350m<br />•	Bellas artes 2.3km<br />•	Zocalo 4.9 km • Alameda<br />	Central 2.9 km,Maria Esperanza,2016-06-25,2016-06-25,Información acerca del anfitrión del no proporcionada,within an hour,f,"['email', 'phone']",t,Cuauhtémoc,Shared room in hostel,Shared room,4 shared baths,"[""TV"", ""Wifi"", ""Fire extinguisher"", ""Bed linens"", ""First aid kit"", ""Essentials"", ""Shampoo"", ""Shower gel"", ""Hair dryer""]",2021-05-23,No disponible,t,44064457,1.0,1.0,25.0,27.0,19.43082,-99.16111,1.0,4.0,1.0,1.0,300.0,1.0,30.0,1.0,1125.0,22,42,71,71,22.0,1.0,4.68,4.9,4.62,5.0,4.86,4.71,0.54
2024-09-26,city scrape,Cama en Habitación -Nopal 1-damas-dentro de Hostal,"The bedroom has 2 bunk beds and a bed (5 single beds) and 5 lockers, common bathrooms (8 bathrooms), the price of the bed includes the use of common areas. This place is part of Hostal Boutique Casa Kanabrí, located on the most emblematic street of Mexico City, Paseo de la Reforma; we have common areas such as TV room, backyard, terrace with the best view of the City, if you are looking for a place full of details designed for you.",Its privileged location makes “Kanabri House” the most strategic option for exploring the most amazing spots in the city<br />•	Museum of Anthropology 3.2km<br />•	Popular Museum 2.1km<br />•	Monument to Christopher Columbus 700m<br />•	Citadel Craft Market 1.2 km<br />• 	Diego Rivera Mural Museum 1.6 km<br />•	National Museum of Archaeology 3.2 km<br />•	Memory and Tolerance Museum 2.3 km<br />• 	Bucareli Chinese Clock 1.1 km<br />•	Palace of Fine Arts 2.2 km<br />•	San Juan Market 3.5km<br />•	Postal Palace 2.6km<br />•	Franz Mayer Museum 3.1km<br />•	Miguel Lerdo de Tejada Library 4.2km<br />•	Museu Nacional d 'Art 3.2km<br />• 	José Vasconcelos Library 2.5km<br />•	Mexico Library 1.4km<br />•	Reforma 222  350m<br />•	Bellas artes 2.3km<br />•	Zocalo 4.9 km • Alameda<br />	Central 2.9 km,Maria Esperanza,2016-06-25,2016-06-25,Información acerca del anfitrión del no proporcionada,within an hour,f,"['email', 'phone']",t,Cuauhtémoc,Shared room in hostel,Shared room,4 shared baths,"[""Iron"", ""Wifi"", ""Laundromat nearby"", ""Induction stove"", ""Refrigerator"", ""Dishes and silverware"", ""Self check-in"", ""Building staff"", ""Blender"", ""Ceiling fan"", ""Hangers"", ""Body soap"", ""Hot water kettle"", ""First aid kit"", ""Toaster"", ""Essentials"", ""Shampoo"", ""Hot water"", ""Shower gel"", ""Luggage dropoff allowed"", ""TV"", ""Bed linens"", ""Kitchen"", ""Paid parking off premises"", ""Fire extinguisher"", ""Room-darkening shades"", ""Free street parking"", ""Exterior security cameras on property"", ""Dedicated workspace"", ""Cooking basics"", ""Hair dryer"", ""Microwave""]",2021-05-11,No disponible,t,44064588,1.0,1.0,25.0,27.0,19.431076049804688,-99.16026306152344,1.0,4.0,1.0,1.0,300.0,1.0,7.0,1.0,1125.0,22,43,72,72,16.0,1.0,4.69,4.69,4.69,4.69,5.0,4.69,0.39
2024-09-26,city scrape,Cama en Habitación Nopal 1-damas-dentro de Hostal.,"The bedroom has 2 bunk beds and a bed (5 beds) and 5 lockers, the price of the bed includes the use of common areas, This place is part Hostal Casa Kanabri, Hostal Boutique, located in the most emblematic street of Mexico City, Paseo de la Reforma; we have common areas such as TV room, backyard, terrace with the best view of the City, if you are looking for a place full of details designed for you, with the best decoration with graffiti murals, paintings, crafts come with us.","Its privileged location makes “Kanabri House” the most strategic option for exploring the most amazing spots in the city.<br />Its privileged location makes ""Casa Kanabri"" the best strategic option to discover the most incredible places that the City has to offer.<br />•	Museum of Anthropology 3.2km<br />•	Popular Museum 2.1km<br />•	Monument to Christopher Columbus 700m<br />•	Citadel Craft Market 1.2 km<br />• 	Diego Rivera Mural Museum 1.6 km<br />•	National Museum of Archaeology 3.2 km<br />•	Memory and Tolerance Museum 2.3 km<br />• 	Bucareli Chinese Clock 1.1 km<br />•	Palace of Fine Arts 2.2 km<br />•	San Juan Market 3.5km<br />•	Postal Palace 2.6km<br />•	Franz Mayer Museum 3.1km<br />•	Miguel Lerdo de Tejada Library 4.2km<br />•	Museu Nacional d 'Art 3.2km<br />• 	José Vasconcelos Library 2.5km<br />•	Mexico Library 1.4km<br />•	Reforma 222  350m<br />•	Bellas artes 2.3km<br />•	Zocalo 4.9 km • Alameda<br />	Central 2.9 km",Maria Esperanza,2016-06-25,2016-06-25,Información acerca del anfitrión del no proporcionada,within an hour,f,"['email', 'phone']",t,Cuauhtémoc,Shared room in hostel,Shared room,4.5 shared baths,"[""Iron"", ""TV"", ""Wifi"", ""Fire extinguisher"", ""First aid kit"", ""Self check-in"", ""Essentials"", ""Shampoo"", ""Exterior security cameras on property"", ""Cooking basics"", ""Hair dryer"", ""Building staff""]",2022-06-25,No disponible,t,44074302,1.0,1.0,25.0,27.0,19.43049,-99.16126,1.0,4.5,1.0,1.0,300.0,1.0,30.0,1.0,1125.0,22,43,72,72,19.0,0.0,4.68,4.68,4.58,4.74,4.79,4.74,0.69
2024-09-26,city scrape,Cama en Habitación ¨Nopal 2¨dentro de Hostal,"The bedroom has 2 bunk beds (4 beds) and 4 lockers, the price of the bed includes the use of common areas, This place  is part Hostal Casa Kanabri, Hostal Boutique, located on the most emblematic street of Mexico City, Paseo de la Reforma; we have common areas such as TV room, backyard, terrace with the best view of the City, if you are looking for a place full of details designed for you, with the best decoration with graffiti murals, paintings, crafts come with us.",Its privileged location makes “Kanabri House” the most strategic option for exploring the most amazing spots in the city<br />•	Museum of Anthropology 3.2km<br />•	Popular Museum 2.1km<br />•	Monument to Christopher Columbus 700m<br />•	Citadel Craft Market 1.2 km<br />• 	Diego Rivera Mural Museum 1.6 km<br />•	National Museum of Archaeology 3.2 km<br />•	Memory and Tolerance Museum 2.3 km<br />• 	Bucareli Chinese Clock 1.1 km<br />•	Palace of Fine Arts 2.2 km<br />•	San Juan Market 3.5km<br />•	Postal Palace 2.6km<br />•	Franz Mayer Museum 3.1km<br />•	Miguel Lerdo de Tejada Library 4.2km<br />•	Museu Nacional d 'Art 3.2km<br />• 	José Vasconcelos Library 2.5km<br />•	Mexico Library 1.4km<br />•	Reforma 222  350m<br />•	Bellas artes 2.3km<br />•	Zocalo 4.9 km • Alameda<br />	Central 2.9 km,Maria Esperanza,2016-06-25,2016-06-25,Información acerca del anfitrión del no proporcionada,within an hour,f,"['email', 'phone']",t,Cuauhtémoc,Shared room in hostel,Shared room,4 shared baths,"[""Iron"", ""TV"", ""Wifi"", ""Fire extinguisher"", ""Bed linens"", ""First aid kit"", ""Self check-in"", ""Essentials"", ""Shampoo"", ""Exterior security cameras on property"", ""Cooking basics"", ""Shower gel"", ""Hair dryer"", ""Building staff""]",2022-01-14,No disponible,t,44074402,1.0,1.0,25.0,27.0,19.4305,-99.15959,1.0,4.0,1.0,1.0,300.0,1.0,30.0,1.0,1125.0,22,43,72,72,15.0,0.0,4.67,4.87,4.8,4.87,4.87,4.6,0.46
2024-09-26,city scrape,Cama en habitación compartida Nopal 2,"The bedroom has 2 bunk beds (4 single beds) and 4 lockers, the price of the bed includes the use of common areas, shared bathrooms (8 bathrooms) This place  is part of Casa Kanabri Hostal Boutique, located on the most emblematic street in Mexico City, Paseo de la Reforma; it has common areas such as TV room, backyard, terrace with the best view of the City, if you are looking for a place full of details designed for you, with the best decoration, come with us.","Its privileged location makes “Kanabri House” the most strategic option for exploring the most amazing spots in the city.<br />Its privileged location makes ""Casa Kanabri"" the best strategic option to discover the most incredible places that the City has to offer.<br />•	Museum of Anthropology 3.2km<br />•	Popular Museum 2.1km<br />•	Monument to Christopher Columbus 700m<br />•	Citadel Craft Market 1.2 km<br />• 	Diego Rivera Mural Museum 1.6 km<br />•	National Museum of Archaeology 3.2 km<br />•	Memory and Tolerance Museum 2.3 km<br />• 	Bucareli Chinese Clock 1.1 km<br />•	Palace of Fine Arts 2.2 km<br />•	San Juan Market 3.5km<br />•	Postal Palace 2.6km<br />•	Franz Mayer Museum 3.1km<br />•	Miguel Lerdo de Tejada Library 4.2km<br />•	Museu Nacional d 'Art 3.2km<br />• 	José Vasconcelos Library 2.5km<br />•	Mexico Library 1.4km<br />•	Reforma 222  350m<br />•	Bellas artes 2.3km<br />•	Zocalo 4.9 km • Alameda<br />	Central 2.9 km",Maria Esperanza,2016-06-25,2016-06-25,Información acerca del anfitrión del no proporcionada,within an hour,f,"['email', 'phone']",t,Cuauhtémoc,Shared room in hostel,Shared room,4 shared baths,"[""Iron"", ""Wifi"", ""Laundromat nearby"", ""Induction stove"", ""Refrigerator"", ""Mosquito net"", ""Dishes and silverware"", ""Self check-in"", ""Building staff"", ""Blender"", ""Portable fans"", ""Hangers"", ""Body soap"", ""Hot water kettle"", ""First aid kit"", ""Toaster"", ""Essentials"", ""Shampoo"", ""Hot water"", ""Shower gel"", ""Luggage dropoff allowed"", ""TV"", ""Bed linens"", ""Kitchen"", ""Paid parking off premises"", ""Fire extinguisher"", ""Room-darkening shades"", ""Exterior security cameras on property"", ""Dedicated workspace"", ""Cooking basics"", ""Hair dryer"", ""Microwave""]",2022-07-15,No disponible,t,44074476,1.0,1.0,25.0,27.0,19.431076049804688,-99.16026306152344,1.0,4.0,1.0,1.0,300.0,1.0,7.0,1.0,1125.0,19,40,69,69,37.0,2.0,4.65,4.78,4.73,4.84,4.84,4.68,1.38
2024-09-26,city scrape,Bunk bed Nopal 3 Room in Hostal Casa Kanabrí,"This bedroom has 3 bunk beds (6 beds) and 6 lockers, the price of the bed includes the use of common areas. This place is part of Hostal Casa Kanabrí Hostal Boutique, located in the most emblematic street of Mexico City, Paseo de la Reforma; We have common areas such as TV room, backyard, Terrace with the best view of the City, if you are looking for a place full of details designed for you, with the best decoration with graffiti murals, trapestries, paintings, crafts come stay with us.","Its privileged location makes ""Casa Kanabri"" the strategic choice to discover the most amazing places offered by the city:<br /><br />•	Museum of Anthrology 3.2km<br />• 	People's Museum 2.1km<br />•	Monument to Christopher Columbus 700m<br />• 	Citadel Craft Market 1.2 km<br />• 	Diego Rivera Mural Museum 1.6 km<br />• 	National Museum of Archaeology 3.2 km<br />•	Museum of Memory and Tolerance 2.3 km<br />• 	Bucareli Chinese Clock 1.1 km<br />•	Palace of Fine Arts 2.2 km<br />• 	San Juan Market 3.5km<br />• 	Postal Palace 2.6km<br />•	Museum Franz Mayer 3.1km<br />•	Biblioteca Miguel Lerdo de Tejada 4.2km<br />• 	Art Museum 3.2km<br />• 	José Vasconcelos Library 2.5km<br />• 	Mexico Library 1.4km<br />•	Reforma 222  350m<br />•	Fine arts 2.3km<br />•	Zocalo 4.9 km<br />•	Alameda Central 2.9 km",Maria Esperanza,2016-06-25,2016-06-25,Información acerca del anfitrión del no proporcionada,within an hour,f,"['email', 'phone']",t,Cuauhtémoc,Shared room in hostel,Shared room,4 shared baths,"[""Iron"", ""TV"", ""Wifi"", ""Backyard"", ""Fire extinguisher"", ""Patio or balcony"", ""Long term stays allowed"", ""First aid kit"", ""Refrigerator"", ""Self check-in"", ""Essentials"", ""Resort access"", ""Shampoo"", ""Exterior security cameras on property"", ""Paid parking off premises"", ""Cooking basics"", ""Hair dryer"", ""Building staff""]",2024-04-14,No disponible,t,44074486,1.0,1.0,25.0,27.0,19.43086,-99.16115,1.0,4.0,1.0,1.0,300.0,1.0,30.0,1.0,1125.0,22,43,72,72,1.0,0.0,5.0,5.0,5.0,5.0,5.0,4.0,0.18
2024-09-26,city scrape,Cama en Habitación ¨Nopal 3¨ dentro de Hostal,"The bedroom has 3 bunk beds (6 beds) and 6 lockers, the price of the bed includes the use of common areas, this place  is part of Hostal Casa Kanabri, Boutique Hostel, located on the most emblematic street of Mexico City, Paseo de la Reforma; we have common areas such as TV room, backyard, terrace with the best view of the City, if you are looking for a place full of details designed for you, with the best decoration with graffiti murals, paintings, handicrafts come with us.",Its privileged location makes “Kanabri House” the most strategic option for exploring the most amazing spots in the city<br />•	Museum of Anthropology 3.2km<br />•	Popular Museum 2.1km<br />•	Monument to Christopher Columbus 700m<br />•	Citadel Craft Market 1.2 km<br />• 	Diego Rivera Mural Museum 1.6 km<br />•	National Museum of Archaeology 3.2 km<br />•	Memory and Tolerance Museum 2.3 km<br />• 	Bucareli Chinese Clock 1.1 km<br />•	Palace of Fine Arts 2.2 km<br />•	San Juan Market 3.5km<br />•	Postal Palace 2.6km<br />•	Franz Mayer Museum 3.1km<br />•	Miguel Lerdo de Tejada Library 4.2km<br />•	Museu Nacional d 'Art 3.2km<br />• 	José Vasconcelos Library 2.5km<br />•	Mexico Library 1.4km<br />•	Reforma 222  350m<br />•	Bellas artes 2.3km<br />•	Zocalo 4.9 km • Alameda<br />	Central 2.9 km,Maria Esperanza,2016-06-25,2016-06-25,Información acerca del anfitrión del no proporcionada,within an hour,f,"['email', 'phone']",t,Cuauhtémoc,Shared room in hostel,Shared room,4 shared baths,"[""Iron"", ""Wifi"", ""Laundromat nearby"", ""Induction stove"", ""Refrigerator"", ""Mosquito net"", ""Dishes and silverware"", ""Self check-in"", ""Building staff"", ""Blender"", ""Portable fans"", ""Hangers"", ""Body soap"", ""Hot water kettle"", ""First aid kit"", ""Toaster"", ""Essentials"", ""Shampoo"", ""Hot water"", ""Shower gel"", ""Paid street parking off premises"", ""Luggage dropoff allowed"", ""TV"", ""Bed linens"", ""Kitchen"", ""Fire extinguisher"", ""Room-darkening shades"", ""Free street parking"", ""Exterior security cameras on property"", ""Dedicated workspace"", ""Cooking basics"", ""Hair dryer"", ""Microwave""]",2020-09-18,No disponible,t,44074573,1.0,1.0,25.0,27.0,19.431076049804688,-99.16026306152344,1.0,4.0,1.0,1.0,300.0,1.0,7.0,1.0,1125.0,22,43,72,72,12.0,0.0,4.75,4.75,4.5,4.83,5.0,4.83,0.24
2024-09-26,city scrape,Cama en Habitación- Nopal 1-damas-dentro de Hostal,"Single bed in room with 2 bunk beds 1 bed  (5 beds) and 5 lockers, the price of the bed includes the use of common areas, shared bathrooms, (8 baths), This place  is part Hostal Casa Kanabri, Hostal Boutique, located on the most emblematic street in Mexico City, Paseo de la Reforma; we have common areas such as TV room, backyard, terrace with the best view of the City, if you are looking for a place full of details designed for you with the best decor, come visit us.",Its privileged location makes “Kanabri House” the most strategic option for exploring the most amazing spots in the city<br />•	Museum of Anthropology 3.2km<br />•	Popular Museum 2.1km<br />•	Monument to Christopher Columbus 700m<br />•	Citadel Craft Market 1.2 km<br />• 	Diego Rivera Mural Museum 1.6 km<br />•	National Museum of Archaeology 3.2 km<br />•	Memory and Tolerance Museum 2.3 km<br />• 	Bucareli Chinese Clock 1.1 km<br />•	Palace of Fine Arts 2.2 km<br />•	San Juan Market 3.5km<br />•	Postal Palace 2.6km<br />•	Franz Mayer Museum 3.1km<br />•	Miguel Lerdo de Tejada Library 4.2km<br />•	Museu Nacional d 'Art 3.2km<br />• 	José Vasconcelos Library 2.5km<br />•	Mexico Library 1.4km<br />•	Reforma 222  350m<br />•	Bellas artes 2.3km<br />•	Zocalo 4.9 km • Alameda<br />	Central 2.9 km,Maria Esperanza,2016-06-25,2016-06-25,Información acerca del anfitrión del no proporcionada,within an hour,f,"['email', 'phone']",t,Cuauhtémoc,Shared room in hostel,Shared room,4 shared baths,"[""Iron"", ""Wifi"", ""Laundromat nearby"", ""Induction stove"", ""Refrigerator"", ""Dishes and silverware"", ""Self check-in"", ""Blender"", ""Portable fans"", ""Hangers"", ""Body soap"", ""Hot water kettle"", ""First aid kit"", ""Toaster"", ""Essentials"", ""Shampoo"", ""Hot water"", ""Shower gel"", ""Luggage dropoff allowed"", ""TV"", ""Bed linens"", ""Kitchen"", ""Fire extinguisher"", ""Room-darkening shades"", ""Free street parking"", ""Exterior security cameras on property"", ""Dedicated workspace"", ""Cooking basics"", ""Hair dryer"", ""Building staff""]",2022-03-15,No disponible,t,44074639,1.0,1.0,25.0,27.0,19.431076049804688,-99.16026306152344,1.0,4.0,1.0,1.0,300.0,1.0,7.0,1.0,1125.0,18,39,68,68,33.0,2.0,4.7,4.88,4.85,4.82,4.88,4.76,1.07
2024-09-26,previous scrape,La casa del tío,"It is a colony that has grown too much in recent years, has access to three meters nearby, three markets, just 10 minutes from the airport and 15 from the historic center. It's a very central and safe colony.",Información acerca del vecindario no proporcionada,Guillermo,2020-07-27,2020-07-27,Información acerca del anfitrión del no proporcionada,within an hour,f,"['email', 'phone']",f,Venustiano Carranza,Shared room in tiny home,Shared room,1 shared bath,"[""Iron"", ""Washer"", ""Wifi"", ""Fire extinguisher"", ""Breakfast"", ""Kitchen"", ""First aid kit"", ""Essentials"", ""Shampoo"", ""Exterior security cameras on property"", ""Hangers""]",9999-01-01,No disponible,f,44433437,1.0,1.0,1.0,1.0,19.42968,-99.10247,1.0,1.5,1.6,2.0,300.0,3.0,5.0,3.0,1125.0,0,0,0,0,0.0,0.0,4.8,4.9,4.8,4.8,4.8,4.7,1.7
2024-09-26,city scrape,"CDMX, habitación compartida para 10, litera","Hostal Amigo, opened its doors on July 1, 2005, offering bedrooms and private rooms with the best facilities in the CDMX, <br />We are located just a few  blocks from the main square of the Zócalo, heart of the CDMX, and near the stations of Isabel the Catholic and Zócalo of line 2 of the metro, near the metro bus station of the republic station of the street republic of Uruguay.","Mexico City is the most densely populated capital of Mexico and is located at high altitudes. It is famous for its Major Temple (a 13th-century Aztec temple), the Baroque-style Metropolitan Cathedral of Mexico of the Spanish conquistadors, and the National Palace, which houses historic murals by Diego Rivera. All these landmarks are located around Plaza de la Constitución, the huge main square also known as the Zocalo. In the heart of Mexico, the CDMX can find a wide variety of things, from streets dedicated to electronics, toys, clothes, we have typical markets, to places where you can see dancers, churches, museums, squares, gardens, universities, large corporations among many other things. If you have any questions or concerns about a special area, please don't hesitate to reach your destination safely.",Héctor Manuel,2020-06-17,2020-06-17,"Hostal Amigo, el sitio ideal para viajeros...",within an hour,f,"['email', 'phone']",t,Cuauhtémoc,Shared room in hostel,Shared room,0 shared baths,"[""Fire extinguisher"", ""Smoke alarm"", ""Wifi"", ""First aid kit""]",2020-09-28,No disponible,t,44231451,0.83,0.85,4.0,4.0,19.43105,-99.13785,1.0,0.0,1.0,5.0,1900.0,1.0,1125.0,1.0,1125.0,30,60,90,365,8.0,0.0,4.63,4.75,4.0,4.63,5.0,4.5,0.16
2024-09-25,city scrape,rincón en el cielo,"ample space, no furniture but the basics in an atmosphere full of greenery",Información acerca del vecindario no proporcionada,Azalia Teresa,2018-06-18,2018-06-18,"chica amigable con departamento SIN internet, TV, solo cuenta con un sofá, un comedor, refrigerador, horno microondas, cocina con utensilios básicos para comer  y una cama matrimonial, no cuenta con servicio de limpieza, lo habito solamente un fin de semana por mes ",a few days or more,f,"['email', 'phone']",t,Xochimilco,Shared room in rental unit,Shared room,1 shared bath,"[""Free parking on premises"", ""Host greets you"", ""Kitchen"", ""Essentials"", ""Shampoo"", ""Pets allowed"", ""Smoking allowed"", ""Hair dryer""]",9999-01-01,No disponible,t,44687705,1.0,1.0,1.0,2.0,19.4,-99.10636,2.0,1.0,1.0,1.0,224.0,15.0,1125.0,15.0,1125.0,30,60,90,365,0.0,0.0,4.8,4.9,4.8,4.8,4.8,4.7,1.7
2024-09-25,city scrape,Shared Room For Woman Near Metrobus,"You will like my house very much, my house is big and very interesting since there are many foreigners from other countries in the world. The atmosphere is very nice.<br /><br />We are in an excellent location near downtown and next to the Metrobus.",Información acerca del vecindario no proporcionada,Luis,2018-08-04,2018-08-04,"Hello my friends, my house is very big and interesting, I always have guests from different parts of the world and therefore there is a very broad cultural exchange. The location is excellent because the Airport is 15 minutes from here and the downtown too. The Metrobus is around the corner, is very cheap to travel on it.",a few days or more,f,"['email', 'phone']",t,Cuauhtémoc,Shared room in home,Shared room,2.5 shared baths,"[""Iron"", ""Washer"", ""Wifi"", ""Freezer"", ""Refrigerator"", ""Dishes and silverware"", ""Ethernet connection"", ""Self check-in"", ""Building staff"", ""Hangers"", ""Long term stays allowed"", ""Essentials"", ""Shampoo"", ""Hot water"", ""Smoking allowed"", ""Barbecue utensils"", ""Luggage dropoff allowed"", ""TV with standard cable"", ""Patio or balcony"", ""Kitchen"", ""BBQ grill"", ""Stove"", ""Window guards"", ""Room-darkening shades"", ""Exterior security cameras on property"", ""Cooking basics"", ""Hair dryer"", ""Microwave""]",2021-12-30,No disponible,f,45289412,1.0,0.3,116.0,124.0,19.46431,-99.14497,1.0,2.5,1.0,1.0,171.0,28.0,365.0,28.0,365.0,30,60,90,180,4.0,0.0,4.5,4.25,4.25,4.5,4.75,4.5,0.12
2024-09-25,city scrape,Habitación Compartida Femenina,"Hello friends, you will like my house very much, it is very large  and interesting, I always have guests from different parts of the world and so there is a very wide cultural exchange. The atmosphere is very pleasant. You will meet at my house with guests from several continents.<br /><br />We are in an excellent location close to the city center and we have the Metrobus around.",Información acerca del vecindario no proporcionada,Luis,2018-08-04,2018-08-04,"Hello my friends, my house is very big and interesting, I always have guests from different parts of the world and therefore there is a very broad cultural exchange. The location is excellent because the Airport is 15 minutes from here and the downtown too. The Metrobus is around the corner, is very cheap to travel on it.",a few days or more,f,"['email', 'phone']",t,Cuauhtémoc,Shared room in home,Shared room,5 shared baths,"[""Iron"", ""Washer"", ""Outdoor furniture"", ""Wifi"", ""Freezer"", ""Laundromat nearby"", ""Refrigerator"", ""Dishes and silverware"", ""Ethernet connection"", ""Self check-in"", ""Hangers"", ""Coffee maker"", ""Backyard"", ""Long term stays allowed"", ""First aid kit"", ""Essentials"", ""Shampoo"", ""Hot water"", ""Smoking allowed"", ""Clothing storage: closet"", ""Luggage dropoff allowed"", ""TV"", ""Pocket wifi"", ""Bed linens"", ""Kitchen"", ""Outdoor dining area"", ""Drying rack for clothing"", ""Stove"", ""Fire extinguisher"", ""Free street parking"", ""Microwave"", ""Cooking basics"", ""Hair dryer"", ""Building staff""]",2022-09-28,No disponible,f,45314674,1.0,0.3,116.0,124.0,19.45938,-99.1479,1.0,1.4,1.0,1.0,168.0,28.0,365.0,28.0,365.0,30,60,90,365,1.0,0.0,5.0,5.0,5.0,5.0,5.0,5.0,0.04
2024-09-25,city scrape,Shared Room,"You will like my house very much, my house is big and very interesting since there are many foreigners from other countries in the world. The atmosphere is very nice.<br /><br />We are in an excellent location near downtown and next to the Metrobus.",Información acerca del vecindario no proporcionada,Luis,2018-08-04,2018-08-04,"Hello my friends, my house is very big and interesting, I always have guests from different parts of the world and therefore there is a very broad cultural exchange. The location is excellent because the Airport is 15 minutes from here and the downtown too. The Metrobus is around the corner, is very cheap to travel on it.",a few days or more,f,"['email', 'phone']",t,Cuauhtémoc,Shared room in home,Shared room,3 shared baths,"[""Iron"", ""Washer"", ""Outdoor furniture"", ""Wifi"", ""Freezer"", ""Refrigerator"", ""Dishes and silverware"", ""Ethernet connection"", ""Self check-in"", ""Hangers"", ""Coffee maker"", ""Backyard"", ""Long term stays allowed"", ""First aid kit"", ""Essentials"", ""Shampoo"", ""Hot water"", ""Smoking allowed"", ""Clothing storage: closet"", ""Luggage dropoff allowed"", ""TV"", ""Pocket wifi"", ""Patio or balcony"", ""Bed linens"", ""Kitchen"", ""Outdoor dining area"", ""Drying rack for clothing"", ""Stove"", ""Fire extinguisher"", ""Free street parking"", ""Microwave"", ""Dedicated workspace"", ""Cooking basics"", ""Hair dryer"", ""Building staff""]",2020-10-31,No disponible,f,45499208,1.0,0.3,116.0,124.0,19.46081,-99.14787,1.0,3.0,1.0,1.0,171.0,28.0,365.0,28.0,365.0,30,60,90,365,3.0,0.0,5.0,5.0,5.0,5.0,5.0,5.0,0.06
2024-09-26,previous scrape,Habitaciones Centro Holistico Uneco,"This space was specifically designed to experience a relaxing expression just minutes away from the CDMX, where we can still be in contact with nature and connect with ourselves.<br />Our place has all the amenities for your place, WiFi, parking inside the property, living room, dining room, a large garden to enjoy your stay.",Información acerca del vecindario no proporcionada,Juana,2020-09-09,2020-09-09,Información acerca del anfitrión del no proporcionada,within an hour,f,"['email', 'phone']",f,Tlalpan,Shared room in cabin,Shared room,1 shared bath,"[""Free parking on premises"", ""Wifi"", ""Heating"", ""Breakfast"", ""First aid kit"", ""Essentials"", ""Shampoo""]",9999-01-01,No disponible,f,45364826,1.0,1.0,1.0,1.0,19.4,-99.15874,2.0,1.5,1.6,2.0,300.0,1.0,30.0,1.0,1125.0,0,0,0,0,0.0,0.0,4.8,4.9,4.8,4.8,4.8,4.7,1.7
2024-09-25,city scrape,Habitaciones o depto para estudiantes extranjeros,"All services, for stays of students or people working in the area, excellent location, in front of the UNAM. It is located on a 3rd floor on foot of elevator. 3 bedrooms , equipped kitchen, equipped washing area, hot water, 1 bathroom, living room, hallway, elevator. 3rd floor on foot of elevator. 24 hrs. surveillance common areas, gardens, games, courts, shopping centers. The complete apartment can be rented without furnishing if they require it",Información acerca del vecindario no proporcionada,Carlos,2020-10-03,2020-10-03,Información acerca del anfitrión del no proporcionada,within an hour,f,['phone'],t,Coyoacán,Shared room in rental unit,Shared room,1 shared bath,"[""Free parking on premises"", ""Washer"", ""Wifi"", ""Kitchen"", ""Hangers""]",9999-01-01,No disponible,f,45704364,1.0,1.0,2.0,2.0,19.33776,-99.18234,3.0,1.0,1.0,5.0,1308.0,3.0,265.0,2.8,1125.0,30,60,90,365,0.0,0.0,4.8,4.9,4.8,4.8,4.8,4.7,1.7
2024-09-25,city scrape,Shared Room For Woman,"You will like my house very much, my house is big and very interesting since there are many foreigners from other countries in the world. The atmosphere is very nice.<br /><br />We are in an excellent location near downtown and next to the Metrobus.",Información acerca del vecindario no proporcionada,Luis,2018-08-04,2018-08-04,"Hello my friends, my house is very big and interesting, I always have guests from different parts of the world and therefore there is a very broad cultural exchange. The location is excellent because the Airport is 15 minutes from here and the downtown too. The Metrobus is around the corner, is very cheap to travel on it.",a few days or more,f,"['email', 'phone']",t,Cuauhtémoc,Shared room in home,Shared room,4 shared baths,"[""Iron"", ""Washer"", ""Outdoor furniture"", ""Wifi"", ""Freezer"", ""Laundromat nearby"", ""Refrigerator"", ""Dishes and silverware"", ""Ethernet connection"", ""Self check-in"", ""Building staff"", ""Hangers"", ""Coffee maker"", ""Long term stays allowed"", ""First aid kit"", ""Essentials"", ""Shampoo"", ""Hot water"", ""Smoking allowed"", ""Dining table"", ""Clothing storage: closet"", ""Luggage dropoff allowed"", ""TV"", ""Pocket wifi"", ""Patio or balcony"", ""Bed linens"", ""Kitchen"", ""Shared backyard \u2013 Fully fenced"", ""Outdoor dining area"", ""Drying rack for clothing"", ""Stove"", ""Fire extinguisher"", ""Free street parking"", ""Exterior security cameras on property"", ""Cooking basics"", ""Hair dryer"", ""Microwave""]",2020-11-29,No disponible,f,45861509,1.0,0.3,116.0,124.0,19.46087,-99.14849,1.0,4.0,1.0,1.0,171.0,28.0,365.0,28.0,365.0,30,60,90,365,3.0,0.0,5.0,4.67,4.67,5.0,5.0,5.0,0.06
2024-09-25,city scrape,Single and shared rooms near downtown.,"You will like my house very much, my house is big and very interesting since there are many foreigners from other countries in the world. The atmosphere is very nice.<br /><br />We are in an excellent location near downtown and next to the Metrobus.",Información acerca del vecindario no proporcionada,Luis,2018-08-04,2018-08-04,"Hello my friends, my house is very big and interesting, I always have guests from different parts of the world and therefore there is a very broad cultural exchange. The location is excellent because the Airport is 15 minutes from here and the downtown too. The Metrobus is around the corner, is very cheap to travel on it.",a few days or more,f,"['email', 'phone']",t,Cuauhtémoc,Shared room in home,Shared room,2.5 shared baths,"[""Iron"", ""Washer"", ""Wifi"", ""Freezer"", ""Refrigerator"", ""Dishes and silverware"", ""Ethernet connection"", ""Self check-in"", ""Building staff"", ""Hangers"", ""Long term stays allowed"", ""Essentials"", ""Shampoo"", ""Hot water"", ""Smoking allowed"", ""Barbecue utensils"", ""Luggage dropoff allowed"", ""TV with standard cable"", ""Patio or balcony"", ""Kitchen"", ""Oven"", ""BBQ grill"", ""Stove"", ""Window guards"", ""Room-darkening shades"", ""Free street parking"", ""Exterior security cameras on property"", ""Dedicated workspace"", ""Cooking basics"", ""Hair dryer"", ""Microwave""]",2021-03-31,No disponible,f,46792871,1.0,0.3,116.0,124.0,19.46426,-99.14419,1.0,2.5,1.0,1.0,171.0,28.0,365.0,28.0,365.0,30,60,90,365,9.0,0.0,5.0,5.0,5.0,5.0,5.0,5.0,0.21
2024-09-25,city scrape,"Shared room, near to Metrobus!","You will like my house very much, my house is big and very interesting since there are many foreigners from other countries in the world. The atmosphere is very nice.<br /><br />We are in an excellent location near downtown and next to the Metrobus.",Información acerca del vecindario no proporcionada,Luis,2018-08-04,2018-08-04,"Hello my friends, my house is very big and interesting, I always have guests from different parts of the world and therefore there is a very broad cultural exchange. The location is excellent because the Airport is 15 minutes from here and the downtown too. The Metrobus is around the corner, is very cheap to travel on it.",a few days or more,f,"['email', 'phone']",t,Cuauhtémoc,Shared room in home,Shared room,2.5 shared baths,"[""Iron"", ""Washer"", ""Wifi"", ""Freezer"", ""Laundromat nearby"", ""Refrigerator"", ""Dishes and silverware"", ""Ethernet connection"", ""Self check-in"", ""Building staff"", ""Hangers"", ""Long term stays allowed"", ""Essentials"", ""Shampoo"", ""Hot water"", ""Smoking allowed"", ""Barbecue utensils"", ""Luggage dropoff allowed"", ""TV with standard cable"", ""Patio or balcony"", ""Kitchen"", ""Oven"", ""BBQ grill"", ""Stove"", ""Window guards"", ""Room-darkening shades"", ""Free street parking"", ""Exterior security cameras on property"", ""Dedicated workspace"", ""Cooking basics"", ""Hair dryer"", ""Microwave""]",2021-01-08,No disponible,f,46836250,1.0,0.3,116.0,124.0,19.46396,-99.14571,1.0,2.5,1.0,1.0,199.0,28.0,365.0,28.0,365.0,30,60,90,365,3.0,0.0,4.33,5.0,4.67,5.0,5.0,4.67,0.07
2024-09-25,city scrape,Cómodo espacio 10 min Foro Sol y Palacio deportes,"Comfortable, quiet and clean place. Very nice and connected, 4 blocks away is the Palace of Sports, 10 minutes away is the Foro Sol walking and 15 minutes from the airport by car.","It's a calm, well-lit and safe colony, there are restaurants and coffee shops, the closest is a sushitto.",Iliana,2018-11-07,2018-11-07,Hilvanando instantes para confeccionar la vida.,within an hour,t,"['email', 'phone']",t,Venustiano Carranza,Shared room in rental unit,Shared room,1 shared bath,"[""Iron"", ""Wifi"", ""Freezer"", ""Laundromat nearby"", ""Host greets you"", ""Gas stove"", ""Refrigerator"", ""Mosquito net"", ""Dishes and silverware"", ""Hangers"", ""Mini fridge"", ""Shared backyard"", ""Body soap"", ""Carbon monoxide alarm"", ""First aid kit"", ""Garden view"", ""Hot water"", ""Smoking allowed"", ""Dining table"", ""Luggage dropoff allowed"", ""TV"", ""Sound system with aux"", ""Coffee"", ""Bed linens"", ""Kitchen"", ""Oven"", ""Books and reading material"", ""Drying rack for clothing"", ""Smoke alarm"", ""Extra pillows and blankets"", ""Window guards"", ""Clothing storage: wardrobe"", ""Free street parking"", ""Dedicated workspace"", ""Cooking basics"", ""Hair dryer""]",2022-03-21,No disponible,f,46883444,1.0,0.99,2.0,3.0,19.41221,-99.09895,4.0,1.0,1.0,4.0,417.0,1.0,2.0,1.0,1125.0,23,44,72,345,95.0,3.0,4.82,4.77,4.61,4.88,4.94,4.73,3.1
2024-09-26,city scrape,Cama en Habitación ¨Peyote¨ dentro de Hostal,Descripción no proporcionada,"Finely designed common spaces: TV<br /> room with connectors, everything you need to work or relax<br />Ground floor terrace: enjoy a moment of harmony on our terrace full of details and green spaces.<br />Rooftop terrace offers the best view of the city, has a snack, works in the best space, we have gourmet cuisine for pairings Gourmet experience with private chef asks about it (minimum groups 5 people)",Maria Esperanza,2016-06-25,2016-06-25,Información acerca del anfitrión del no proporcionada,within an hour,f,"['email', 'phone']",t,Cuauhtémoc,Shared room in hostel,Shared room,4 shared baths,"[""Iron"", ""Wifi"", ""Laundromat nearby"", ""Induction stove"", ""Refrigerator"", ""Dishes and silverware"", ""Self check-in"", ""Building staff"", ""Blender"", ""Ceiling fan"", ""Hangers"", ""Body soap"", ""Hot water kettle"", ""First aid kit"", ""Toaster"", ""Essentials"", ""Shampoo"", ""Hot water"", ""Shower gel"", ""TV"", ""Bed linens"", ""Kitchen"", ""Fire extinguisher"", ""Room-darkening shades"", ""Exterior security cameras on property"", ""Dedicated workspace"", ""Cooking basics"", ""Hair dryer"", ""Microwave""]",2020-12-15,No disponible,t,46717456,1.0,1.0,25.0,27.0,19.431076049804688,-99.16026306152344,1.0,4.0,1.0,1.0,300.0,1.0,7.0,1.0,1125.0,20,41,70,70,64.0,0.0,4.75,4.81,4.61,4.78,4.91,4.66,1.39
2024-09-25,city scrape,Habitaciónes Compartidas Para Viajeros,"Hello friends, you will like my house very much, it is very large  and interesting, I always have guests from different parts of the world and so there is a very wide cultural exchange. The atmosphere is very pleasant. You will meet at my house with guests from several continents.<br /><br />We are in an excellent location close to the city center and we have the Metrobus around.",Información acerca del vecindario no proporcionada,Luis,2018-08-04,2018-08-04,"Hello my friends, my house is very big and interesting, I always have guests from different parts of the world and therefore there is a very broad cultural exchange. The location is excellent because the Airport is 15 minutes from here and the downtown too. The Metrobus is around the corner, is very cheap to travel on it.",a few days or more,f,"['email', 'phone']",t,Cuauhtémoc,Shared room in home,Shared room,5 shared baths,"[""Iron"", ""Outdoor furniture"", ""Wifi"", ""Freezer"", ""Refrigerator"", ""Dishes and silverware"", ""Ethernet connection"", ""Self check-in"", ""Hangers"", ""Body soap"", ""Free washer \u2013 In building"", ""Coffee maker"", ""Backyard"", ""Long term stays allowed"", ""First aid kit"", ""Essentials"", ""Shampoo"", ""Hot water"", ""Smoking allowed"", ""Dining table"", ""Clothing storage: closet"", ""Luggage dropoff allowed"", ""TV"", ""Pocket wifi"", ""Patio or balcony"", ""Bed linens"", ""Kitchen"", ""Outdoor dining area"", ""Drying rack for clothing"", ""Stove"", ""Fire extinguisher"", ""Free street parking"", ""Microwave"", ""Dedicated workspace"", ""Cooking basics"", ""Hair dryer"", ""Building staff""]",9999-01-01,No disponible,f,47705899,1.0,0.3,116.0,124.0,19.46003,-99.14856,1.0,1.4,1.0,1.0,168.0,28.0,365.0,28.0,365.0,30,60,90,365,0.0,0.0,4.8,4.9,4.8,4.8,4.8,4.7,1.7
2024-09-25,city scrape,Single and shared rooms near downtown.,"You will like my house very much, my house is big and very interesting since there are many foreigners from other countries in the world. The atmosphere is very nice.<br /><br />We are in an excellent location near downtown and next to the Metrobus.",Información acerca del vecindario no proporcionada,Luis,2018-08-04,2018-08-04,"Hello my friends, my house is very big and interesting, I always have guests from different parts of the world and therefore there is a very broad cultural exchange. The location is excellent because the Airport is 15 minutes from here and the downtown too. The Metrobus is around the corner, is very cheap to travel on it.",a few days or more,f,"['email', 'phone']",t,Cuauhtémoc,Shared room in home,Shared room,3 shared baths,"[""Iron"", ""Outdoor furniture"", ""Wifi"", ""Self check-in"", ""Hangers"", ""Body soap"", ""Long term stays allowed"", ""First aid kit"", ""Essentials"", ""Shampoo"", ""Hot water"", ""Smoking allowed"", ""Luggage dropoff allowed"", ""TV"", ""Patio or balcony"", ""Bed linens"", ""Kitchen"", ""Shared backyard \u2013 Fully fenced"", ""Stove"", ""Fire extinguisher"", ""Free street parking"", ""Microwave"", ""Dedicated workspace"", ""Cooking basics"", ""Hair dryer"", ""Building staff""]",2021-05-07,No disponible,f,47707378,1.0,0.3,116.0,124.0,19.45965,-99.14724,1.0,3.0,1.0,1.0,171.0,28.0,365.0,28.0,365.0,30,60,90,365,6.0,0.0,4.5,4.5,4.5,4.5,5.0,4.17,0.15
2024-09-25,city scrape,Single and shared rooms near downtown.,"You will like my house very much, my house is big and very interesting since there are many foreigners from other countries in the world. The atmosphere is very nice.<br /><br />We are in an excellent location near downtown and next to the Metrobus.",Información acerca del vecindario no proporcionada,Luis,2018-08-04,2018-08-04,"Hello my friends, my house is very big and interesting, I always have guests from different parts of the world and therefore there is a very broad cultural exchange. The location is excellent because the Airport is 15 minutes from here and the downtown too. The Metrobus is around the corner, is very cheap to travel on it.",a few days or more,f,"['email', 'phone']",t,Cuauhtémoc,Shared room in home,Shared room,5 shared baths,"[""Iron"", ""Outdoor furniture"", ""Wifi"", ""Freezer"", ""Laundromat nearby"", ""Refrigerator"", ""Dishes and silverware"", ""Ethernet connection"", ""Self check-in"", ""Hangers"", ""Body soap"", ""Free washer \u2013 In building"", ""Backyard"", ""Long term stays allowed"", ""First aid kit"", ""Essentials"", ""Shampoo"", ""Hot water"", ""Smoking allowed"", ""Dining table"", ""Clothing storage: closet"", ""Luggage dropoff allowed"", ""TV"", ""Pocket wifi"", ""Patio or balcony"", ""Bed linens"", ""Kitchen"", ""Outdoor dining area"", ""Drying rack for clothing"", ""Stove"", ""Fire extinguisher"", ""Free street parking"", ""Microwave"", ""Dedicated workspace"", ""Cooking basics"", ""Hair dryer"", ""Building staff""]",2021-06-15,No disponible,f,47781375,1.0,0.3,116.0,124.0,19.46145,-99.14823,1.0,1.4,1.0,1.0,169.0,28.0,365.0,28.0,365.0,30,60,90,365,2.0,0.0,4.5,5.0,5.0,5.0,5.0,5.0,0.05
2024-09-25,city scrape,Aparta tu cama en dormitorio compartido,A mixed shared bedroom bed,Información acerca del vecindario no proporcionada,Héctor Manuel,2020-06-17,2020-06-17,"Hostal Amigo, el sitio ideal para viajeros...",within an hour,f,"['email', 'phone']",t,Cuauhtémoc,Shared room in hostel,Shared room,0 shared baths,"[""Iron"", ""Wifi"", ""Fire extinguisher"", ""Kitchen"", ""First aid kit"", ""Cooking basics"", ""Smoke alarm""]",2022-07-15,No disponible,t,47935106,0.83,0.85,4.0,4.0,19.42908,-99.13632,1.0,0.0,1.0,1.0,249.0,1.0,15.0,1.0,1125.0,30,60,90,365,4.0,1.0,4.25,4.25,4.5,4.5,4.5,4.25,0.15
2024-09-26,previous scrape,Departamento,ESSENTIAL BEDROOM WITH SELF-SERVICE,there is no shopping area nearby,Beatriz,2021-02-05,2021-02-05,Información acerca del anfitrión del no proporcionada,within an hour,f,"['email', 'phone', 'work_email']",f,Álvaro Obregón,Shared room in rental unit,Shared room,0 shared baths,"[""Free carport on premises \u2013 1 space"", ""Host greets you"", ""Smoking allowed"", ""Bed linens""]",9999-01-01,No disponible,f,48052717,1.0,1.0,1.0,1.0,19.3399,-99.23574,1.0,1.5,1.6,2.0,300.0,3.0,1125.0,2.8,1125.0,0,0,0,0,0.0,0.0,4.8,4.9,4.8,4.8,4.8,4.7,1.7
2024-09-25,city scrape,Single and shared rooms near downtown.,"You will like my house very much, my house is big and very interesting since there are many foreigners from other countries in the world. The atmosphere is very nice.<br /><br />We are in an excellent location near downtown and next to the Metrobus.",Información acerca del vecindario no proporcionada,Luis,2018-08-04,2018-08-04,"Hello my friends, my house is very big and interesting, I always have guests from different parts of the world and therefore there is a very broad cultural exchange. The location is excellent because the Airport is 15 minutes from here and the downtown too. The Metrobus is around the corner, is very cheap to travel on it.",a few days or more,f,"['email', 'phone']",t,Cuauhtémoc,Shared room in home,Shared room,4 shared baths,"[""Iron"", ""Wifi"", ""Refrigerator"", ""Ethernet connection"", ""Self check-in"", ""Hangers"", ""Body soap"", ""Coffee maker"", ""Backyard"", ""Long term stays allowed"", ""First aid kit"", ""Essentials"", ""Shampoo"", ""Hot water"", ""Smoking allowed"", ""Dining table"", ""Luggage dropoff allowed"", ""TV"", ""Pocket wifi"", ""Patio or balcony"", ""Bed linens"", ""Board games"", ""Kitchen"", ""Outdoor dining area"", ""Drying rack for clothing"", ""Stove"", ""Fire extinguisher"", ""Clothing storage"", ""Free street parking"", ""Microwave"", ""Dedicated workspace"", ""Cooking basics"", ""Hair dryer"", ""Building staff""]",9999-01-01,No disponible,f,48622271,1.0,0.3,116.0,124.0,19.46011,-99.14852,1.0,4.0,1.0,1.0,171.0,28.0,365.0,28.0,365.0,30,60,90,365,0.0,0.0,4.8,4.9,4.8,4.8,4.8,4.7,1.7
2024-09-25,city scrape,Habitacion Compartida Cerca del Centro y Metrobus,"Hello friends, you will like my house very much, it is very large  and interesting, I always have guests from different parts of the world and so there is a very wide cultural exchange. The atmosphere is very pleasant. You will meet at my house with guests from several continents.<br /><br />We are in an excellent location close to the city center and we have the Metrobus around.",Información acerca del vecindario no proporcionada,Luis,2018-08-04,2018-08-04,"Hello my friends, my house is very big and interesting, I always have guests from different parts of the world and therefore there is a very broad cultural exchange. The location is excellent because the Airport is 15 minutes from here and the downtown too. The Metrobus is around the corner, is very cheap to travel on it.",a few days or more,f,"['email', 'phone']",t,Cuauhtémoc,Shared room in home,Shared room,5 shared baths,"[""Iron"", ""Outdoor furniture"", ""Wifi"", ""Freezer"", ""Laundromat nearby"", ""Refrigerator"", ""Dishes and silverware"", ""Ethernet connection"", ""Self check-in"", ""Hangers"", ""Body soap"", ""Free washer \u2013 In building"", ""Backyard"", ""Long term stays allowed"", ""First aid kit"", ""Essentials"", ""Shampoo"", ""Hot water"", ""Smoking allowed"", ""Clothing storage: closet"", ""Luggage dropoff allowed"", ""TV"", ""Pocket wifi"", ""Patio or balcony"", ""Bed linens"", ""Kitchen"", ""Outdoor dining area"", ""Drying rack for clothing"", ""Stove"", ""Fire extinguisher"", ""Free street parking"", ""Microwave"", ""Dedicated workspace"", ""Cooking basics"", ""Hair dryer"", ""Building staff""]",9999-01-01,No disponible,f,48639930,1.0,0.3,116.0,124.0,19.4612,-99.14839,1.0,1.4,1.0,1.0,168.0,28.0,365.0,28.0,365.0,30,60,90,365,0.0,0.0,4.8,4.9,4.8,4.8,4.8,4.7,1.7
2024-09-25,city scrape,Sofa-bed livingroom great location(Reforma-Ángel),"The sofa bed in the living room, is very comfortable and you will have the essentials to enjoy your stay.<br />The apartment is located 2 blocks away from Reforma (Angel of Independence and Diana) and 2km from the City Center. The building has a lift :)<br />The space is shared with me and my 2 roomies :)","The flat is located 2 blocks away from Reforma (Angel of Independence) and 2km from the City Center. Near to Polanco, Condesa, Roma, etc.",Mario,2015-09-14,2015-09-14,"Good vibes 
-Sagittarius
-Dancer
-Engineer
-Traveler",within a few hours,f,"['email', 'phone']",t,Cuauhtémoc,Shared room in rental unit,Shared room,1 shared bath,"[""Iron"", ""Washer"", ""Elevator"", ""Wifi"", ""Private patio or balcony"", ""Freezer"", ""Laundromat nearby"", ""Cleaning available during stay"", ""Host greets you"", ""Bikes"", ""Refrigerator"", ""Dishes and silverware"", ""Blender"", ""Portable fans"", ""HDTV with Amazon Prime Video, Netflix"", ""Body soap"", ""Long term stays allowed"", ""First aid kit"", ""Toaster"", ""Essentials"", ""Shampoo"", ""Hot water"", ""Dining table"", ""Dryer"", ""Paid street parking off premises"", ""Luggage dropoff allowed"", ""Bed linens"", ""Kitchen"", ""Oven"", ""Stove"", ""Extra pillows and blankets"", ""Cleaning products"", ""Room-darkening shades"", ""Wine glasses"", ""Microwave"", ""Dedicated workspace"", ""Cooking basics"", ""Single level home""]",2021-05-13,No disponible,f,48715981,1.0,0.7,1.0,3.0,19.42304,-99.16966,1.0,1.0,1.0,1.0,280.0,2.0,32.0,2.0,32.0,30,60,90,365,47.0,1.0,4.68,4.85,4.53,4.83,4.98,4.74,1.14
2024-09-25,city scrape,Welcome to my house freinds! Shared Room,"You will like my house very much, my house is big and very interesting since there are many foreigners from other countries in the world. The atmosphere is very nice.<br /><br />We are in an excellent location near downtown and next to the Metrobus.",Información acerca del vecindario no proporcionada,Luis,2018-08-04,2018-08-04,"Hello my friends, my house is very big and interesting, I always have guests from different parts of the world and therefore there is a very broad cultural exchange. The location is excellent because the Airport is 15 minutes from here and the downtown too. The Metrobus is around the corner, is very cheap to travel on it.",a few days or more,f,"['email', 'phone']",t,Cuauhtémoc,Shared room in home,Shared room,2.5 shared baths,"[""Iron"", ""Washer"", ""Wifi"", ""Freezer"", ""Laundromat nearby"", ""Refrigerator"", ""Dishes and silverware"", ""Ethernet connection"", ""Self check-in"", ""Building staff"", ""Hangers"", ""Long term stays allowed"", ""First aid kit"", ""Essentials"", ""Shampoo"", ""Hot water"", ""Smoking allowed"", ""Barbecue utensils"", ""Luggage dropoff allowed"", ""TV with standard cable"", ""Patio or balcony"", ""Kitchen"", ""Oven"", ""BBQ grill"", ""Stove"", ""Window guards"", ""Fire extinguisher"", ""Room-darkening shades"", ""Free street parking"", ""Exterior security cameras on property"", ""Dedicated workspace"", ""Cooking basics"", ""Hair dryer"", ""Microwave""]",9999-01-01,No disponible,f,48594766,1.0,0.3,116.0,124.0,19.46251,-99.14379,1.0,2.5,1.0,1.0,212.0,14.0,365.0,14.0,365.0,30,60,90,180,0.0,0.0,4.8,4.9,4.8,4.8,4.8,4.7,1.7
2024-09-25,city scrape,Habitaciones compartidas fácil acceso a metrobus,"Hello friends, you will like my house very much, it is very large  and interesting, I always have guests from different parts of the world and so there is a very wide cultural exchange. The atmosphere is very pleasant. You will meet at my house with guests from several continents.<br /><br />We are in an excellent location close to the city center and we have the Metrobus around.",Información acerca del vecindario no proporcionada,Luis,2018-08-04,2018-08-04,"Hello my friends, my house is very big and interesting, I always have guests from different parts of the world and therefore there is a very broad cultural exchange. The location is excellent because the Airport is 15 minutes from here and the downtown too. The Metrobus is around the corner, is very cheap to travel on it.",a few days or more,f,"['email', 'phone']",t,Cuauhtémoc,Shared room in home,Shared room,5 shared baths,"[""Iron"", ""Outdoor furniture"", ""Wifi"", ""Freezer"", ""Refrigerator"", ""Dishes and silverware"", ""Ethernet connection"", ""Self check-in"", ""Hangers"", ""Body soap"", ""Free washer \u2013 In building"", ""Coffee maker"", ""Backyard"", ""Long term stays allowed"", ""First aid kit"", ""Essentials"", ""Shampoo"", ""Hot water"", ""Smoking allowed"", ""Clothing storage: closet"", ""Luggage dropoff allowed"", ""TV"", ""Pocket wifi"", ""Patio or balcony"", ""Bed linens"", ""Board games"", ""Kitchen"", ""Outdoor dining area"", ""Drying rack for clothing"", ""Stove"", ""Fire extinguisher"", ""Free street parking"", ""Microwave"", ""Dedicated workspace"", ""Cooking basics"", ""Hair dryer"", ""Building staff""]",2021-11-28,No disponible,f,48595057,1.0,0.3,116.0,124.0,19.45981,-99.14713,1.0,1.4,1.0,1.0,168.0,28.0,365.0,28.0,365.0,30,60,90,180,4.0,0.0,4.5,4.25,4.8,4.75,5.0,4.0,0.12
2024-09-25,city scrape,Bienvenidos! Habitación Compartida,"Hello friends, you will like my house very much, it is very large  and interesting, I always have guests from different parts of the world and so there is a very wide cultural exchange. The atmosphere is very pleasant. You will meet at my house with guests from several continents.<br /><br />We are in an excellent location close to the city center and we have the Metrobus around.",Información acerca del vecindario no proporcionada,Luis,2018-08-04,2018-08-04,"Hello my friends, my house is very big and interesting, I always have guests from different parts of the world and therefore there is a very broad cultural exchange. The location is excellent because the Airport is 15 minutes from here and the downtown too. The Metrobus is around the corner, is very cheap to travel on it.",a few days or more,f,"['email', 'phone']",t,Cuauhtémoc,Shared room in home,Shared room,3 shared baths,"[""Iron"", ""Wifi"", ""Refrigerator"", ""Dishes and silverware"", ""Ethernet connection"", ""Self check-in"", ""Hangers"", ""Body soap"", ""Free washer \u2013 In building"", ""Coffee maker"", ""Backyard"", ""Long term stays allowed"", ""First aid kit"", ""Essentials"", ""Shampoo"", ""Hot water"", ""Smoking allowed"", ""Dining table"", ""Luggage dropoff allowed"", ""TV"", ""Pocket wifi"", ""Patio or balcony"", ""Bed linens"", ""Board games"", ""Kitchen"", ""Outdoor dining area"", ""Drying rack for clothing"", ""Stove"", ""Fire extinguisher"", ""Clothing storage"", ""Free street parking"", ""Microwave"", ""Dedicated workspace"", ""Cooking basics"", ""Hair dryer"", ""Building staff""]",9999-01-01,No disponible,f,48595475,1.0,0.3,116.0,124.0,19.46083,-99.14714,1.0,3.0,1.0,1.0,168.0,28.0,365.0,28.0,365.0,30,60,90,180,0.0,0.0,4.8,4.9,4.8,4.8,4.8,4.7,1.7
2024-09-25,city scrape,Bienvenidos! Habitacion Compartida,"Hello friends, you will like my house very much, it is very large  and interesting, I always have guests from different parts of the world and so there is a very wide cultural exchange. The atmosphere is very pleasant. You will meet at my house with guests from several continents.<br /><br />We are in an excellent location close to the city center and we have the Metrobus around.",Información acerca del vecindario no proporcionada,Luis,2018-08-04,2018-08-04,"Hello my friends, my house is very big and interesting, I always have guests from different parts of the world and therefore there is a very broad cultural exchange. The location is excellent because the Airport is 15 minutes from here and the downtown too. The Metrobus is around the corner, is very cheap to travel on it.",a few days or more,f,"['email', 'phone']",t,Cuauhtémoc,Shared room in home,Shared room,5 shared baths,"[""Iron"", ""Outdoor furniture"", ""Wifi"", ""Freezer"", ""Refrigerator"", ""Dishes and silverware"", ""Ethernet connection"", ""Self check-in"", ""Hangers"", ""Body soap"", ""Free washer \u2013 In building"", ""Coffee maker"", ""Backyard"", ""Long term stays allowed"", ""First aid kit"", ""Essentials"", ""Shampoo"", ""Hot water"", ""Smoking allowed"", ""Dining table"", ""Luggage dropoff allowed"", ""TV"", ""Pocket wifi"", ""Patio or balcony"", ""Bed linens"", ""Board games"", ""Kitchen"", ""Outdoor dining area"", ""Drying rack for clothing"", ""Stove"", ""Fire extinguisher"", ""Clothing storage"", ""Free street parking"", ""Microwave"", ""Dedicated workspace"", ""Cooking basics"", ""Hair dryer"", ""Building staff""]",2021-05-10,No disponible,f,48595542,1.0,0.3,116.0,124.0,19.45951,-99.14682,1.0,1.4,1.0,1.0,168.0,28.0,365.0,28.0,365.0,30,60,90,365,2.0,0.0,5.0,5.0,5.0,5.0,5.0,5.0,0.05
2024-09-25,city scrape,"Habitación - Departamento, en condominio privado","Quiet, downtown and safe place.",Información acerca del vecindario no proporcionada,Ernesto,2019-05-30,2019-05-30,Información acerca del anfitrión del no proporcionada,within an hour,f,"['email', 'phone']",t,Álvaro Obregón,Shared room in condo,Shared room,1 shared bath,"[""Body soap"", ""Washer"", ""TV"", ""Wifi"", ""Smoking allowed"", ""Bed linens"", ""Kitchen"", ""Shampoo"", ""Hot water"", ""Cooking basics""]",9999-01-01,No disponible,t,48888151,1.0,1.0,1.0,1.0,19.39967,-99.19584,3.0,1.0,1.0,0.0,6763.0,1.0,365.0,1.0,1125.0,30,60,90,365,0.0,0.0,4.8,4.9,4.8,4.8,4.8,4.7,1.7
2024-09-25,city scrape,Habitación Compartida (Shared Room),"Hello friends, my house will like you very much, it is very large  and interesting, I always have guests from different parts of the world and therefore there is a very wide cultural exchange. The atmosphere is very pleasant. You will find yourself at my house with guests from various continents.<br /><br />We are in a great location near downtown and we have the Metrobus around the corner.",Información acerca del vecindario no proporcionada,Luis,2018-08-04,2018-08-04,"Hello my friends, my house is very big and interesting, I always have guests from different parts of the world and therefore there is a very broad cultural exchange. The location is excellent because the Airport is 15 minutes from here and the downtown too. The Metrobus is around the corner, is very cheap to travel on it.",a few days or more,f,"['email', 'phone']",t,Cuauhtémoc,Shared room in home,Shared room,3 shared baths,"[""Iron"", ""Washer"", ""Wifi"", ""Refrigerator"", ""Ethernet connection"", ""Self check-in"", ""Hangers"", ""Body soap"", ""Coffee maker"", ""Backyard"", ""Long term stays allowed"", ""First aid kit"", ""Essentials"", ""Shampoo"", ""Hot water"", ""Smoking allowed"", ""Dining table"", ""Luggage dropoff allowed"", ""TV"", ""Pocket wifi"", ""Patio or balcony"", ""Bed linens"", ""Board games"", ""Kitchen"", ""Outdoor dining area"", ""Drying rack for clothing"", ""Stove"", ""Fire extinguisher"", ""Clothing storage"", ""Free street parking"", ""Microwave"", ""Dedicated workspace"", ""Cooking basics"", ""Hair dryer"", ""Building staff""]",9999-01-01,No disponible,f,48946081,1.0,0.3,116.0,124.0,19.46138,-99.14711,1.0,3.0,1.0,1.0,199.0,28.0,365.0,28.0,365.0,30,60,90,365,0.0,0.0,4.8,4.9,4.8,4.8,4.8,4.7,1.7
2024-09-25,city scrape,Shared rooms near downtown!,"You will like my house very much, my house is big and very interesting since there are many foreigners from other countries in the world. The atmosphere is very nice.<br /><br />We are in an excellent location near downtown and next to the Metrobus.",Información acerca del vecindario no proporcionada,Luis,2018-08-04,2018-08-04,"Hello my friends, my house is very big and interesting, I always have guests from different parts of the world and therefore there is a very broad cultural exchange. The location is excellent because the Airport is 15 minutes from here and the downtown too. The Metrobus is around the corner, is very cheap to travel on it.",a few days or more,f,"['email', 'phone']",t,Cuauhtémoc,Shared room in home,Shared room,3 shared baths,"[""Iron"", ""Washer"", ""Outdoor furniture"", ""Wifi"", ""Freezer"", ""Laundromat nearby"", ""Refrigerator"", ""Dishes and silverware"", ""Ethernet connection"", ""Self check-in"", ""Hangers"", ""Body soap"", ""Backyard"", ""Long term stays allowed"", ""First aid kit"", ""Essentials"", ""Shampoo"", ""Hot water"", ""Smoking allowed"", ""Luggage dropoff allowed"", ""TV"", ""Pocket wifi"", ""Patio or balcony"", ""Bed linens"", ""Kitchen"", ""Outdoor dining area"", ""Drying rack for clothing"", ""Stove"", ""Fire extinguisher"", ""Clothing storage"", ""Free street parking"", ""Microwave"", ""Dedicated workspace"", ""Cooking basics"", ""Hair dryer"", ""Building staff""]",9999-01-01,No disponible,f,48976336,1.0,0.3,116.0,124.0,19.46161,-99.14854,1.0,3.0,1.0,1.0,199.0,28.0,365.0,28.0,365.0,30,60,90,365,0.0,0.0,4.8,4.9,4.8,4.8,4.8,4.7,1.7
2024-09-25,city scrape,Shared rooms near downtown!,"You will like my house very much, my house is big and very interesting since there are many foreigners from other countries in the world. The atmosphere is very nice.<br /><br />We are in an excellent location near downtown and next to the Metrobus.",Información acerca del vecindario no proporcionada,Luis,2018-08-04,2018-08-04,"Hello my friends, my house is very big and interesting, I always have guests from different parts of the world and therefore there is a very broad cultural exchange. The location is excellent because the Airport is 15 minutes from here and the downtown too. The Metrobus is around the corner, is very cheap to travel on it.",a few days or more,f,"['email', 'phone']",t,Cuauhtémoc,Shared room in home,Shared room,3 shared baths,"[""Iron"", ""Washer"", ""Outdoor furniture"", ""Wifi"", ""Freezer"", ""Laundromat nearby"", ""Refrigerator"", ""Dishes and silverware"", ""Ethernet connection"", ""Self check-in"", ""Hangers"", ""Body soap"", ""Backyard"", ""Long term stays allowed"", ""First aid kit"", ""Essentials"", ""Shampoo"", ""Hot water"", ""Smoking allowed"", ""Luggage dropoff allowed"", ""TV"", ""Pocket wifi"", ""Patio or balcony"", ""Bed linens"", ""Kitchen"", ""Outdoor dining area"", ""Drying rack for clothing"", ""Stove"", ""Fire extinguisher"", ""Clothing storage"", ""Free street parking"", ""Microwave"", ""Dedicated workspace"", ""Cooking basics"", ""Hair dryer"", ""Building staff""]",9999-01-01,No disponible,f,48979220,1.0,0.3,116.0,124.0,19.4597,-99.1465,1.0,3.0,1.0,1.0,199.0,28.0,365.0,28.0,365.0,30,60,90,365,0.0,0.0,4.8,4.9,4.8,4.8,4.8,4.7,1.7
2024-09-25,city scrape,Habitación Compartida en CDMX cerca Metrobus,"Hello friends, you will like my house very much, it is very large  and interesting, I always have guests from different parts of the world and so there is a very wide cultural exchange. The atmosphere is very pleasant. You will meet at my house with guests from several continents.<br /><br />We are in an excellent location close to the city center and we have the Metrobus around.",Información acerca del vecindario no proporcionada,Luis,2018-08-04,2018-08-04,"Hello my friends, my house is very big and interesting, I always have guests from different parts of the world and therefore there is a very broad cultural exchange. The location is excellent because the Airport is 15 minutes from here and the downtown too. The Metrobus is around the corner, is very cheap to travel on it.",a few days or more,f,"['email', 'phone']",t,Cuauhtémoc,Shared room in home,Shared room,5 shared baths,"[""Iron"", ""Washer"", ""Outdoor furniture"", ""Wifi"", ""Freezer"", ""Laundromat nearby"", ""Refrigerator"", ""Dishes and silverware"", ""Ethernet connection"", ""Self check-in"", ""Hangers"", ""Body soap"", ""Coffee maker"", ""Backyard"", ""Long term stays allowed"", ""First aid kit"", ""Essentials"", ""Shampoo"", ""Hot water"", ""Smoking allowed"", ""Dining table"", ""Luggage dropoff allowed"", ""TV"", ""Pocket wifi"", ""Patio or balcony"", ""Bed linens"", ""Board games"", ""Kitchen"", ""Outdoor dining area"", ""Drying rack for clothing"", ""Stove"", ""Fire extinguisher"", ""Clothing storage"", ""Free street parking"", ""Microwave"", ""Dedicated workspace"", ""Cooking basics"", ""Hair dryer"", ""Building staff""]",2021-06-30,No disponible,f,48984372,1.0,0.3,116.0,124.0,19.46091,-99.1478,1.0,1.4,1.0,1.0,168.0,28.0,365.0,28.0,365.0,30,60,90,365,1.0,0.0,5.0,5.0,4.0,5.0,5.0,5.0,0.03
2024-09-25,city scrape,"Recámara en departamento compartido, NARVARTE",Descripción no proporcionada,Información acerca del vecindario no proporcionada,Jessica,2017-12-22,2017-12-22,Información acerca del anfitrión del no proporcionada,within an hour,f,"['email', 'phone']",t,Benito Juárez,Shared room in serviced apartment,Shared room,1 shared bath,"[""Dryer"", ""Iron"", ""Washer"", ""TV"", ""Wifi"", ""Elevator"", ""Heating"", ""Hot tub"", ""Breakfast"", ""Kitchen"", ""Essentials"", ""Shampoo"", ""Hot water"", ""Dedicated workspace"", ""Hair dryer""]",9999-01-01,No disponible,t,48994995,1.0,1.0,1.0,3.0,19.38206,-99.1595,1.0,1.0,1.0,1.0,6000.0,2.0,365.0,2.0,365.0,30,60,90,180,0.0,0.0,4.8,4.9,4.8,4.8,4.8,4.7,1.7
2024-09-25,city scrape,"""Habicación Compartida Metrobus Cerca""","Hello friends, you will like my house very much, it is large  and interesting, there are always guests from different parts of the world, so there is a very wide cultural exchange. The atmosphere is very pleasant. You'll meet guests from several continents.<br /><br />We are in a great location near downtown and have around the Metrobuses of Line 1 to get from North to South of the city, with many ferries along the line with Metros and Metrobuses all over the city.",Información acerca del vecindario no proporcionada,Luis,2018-08-04,2018-08-04,"Hello my friends, my house is very big and interesting, I always have guests from different parts of the world and therefore there is a very broad cultural exchange. The location is excellent because the Airport is 15 minutes from here and the downtown too. The Metrobus is around the corner, is very cheap to travel on it.",a few days or more,f,"['email', 'phone']",t,Cuauhtémoc,Shared room in home,Shared room,4 shared baths,"[""Iron"", ""Washer"", ""Wifi"", ""Freezer"", ""Refrigerator"", ""Dishes and silverware"", ""Ethernet connection"", ""Self check-in"", ""Hangers"", ""Long term stays allowed"", ""Essentials"", ""Shampoo"", ""Hot water"", ""Smoking allowed"", ""Barbecue utensils"", ""Luggage dropoff allowed"", ""TV with standard cable"", ""Patio or balcony"", ""Kitchen"", ""Oven"", ""BBQ grill"", ""Stove"", ""Window guards"", ""Fire extinguisher"", ""Room-darkening shades"", ""Free street parking"", ""Microwave"", ""Dedicated workspace"", ""Cooking basics"", ""Hair dryer"", ""Building staff""]",2021-08-10,No disponible,f,49778181,1.0,0.3,116.0,124.0,19.46386,-99.14554,1.0,4.0,1.0,1.0,168.0,28.0,365.0,28.0,365.0,9,39,69,344,2.0,0.0,5.0,5.0,5.0,5.0,5.0,5.0,0.05
2024-09-25,city scrape,Shared Room and Terrace,"You will like my house very much, my house is big and very interesting since there are many foreigners from other countries in the world. The atmosphere is very nice.<br /><br />We are in an excellent location near downtown and next to the Metrobus.",Información acerca del vecindario no proporcionada,Luis,2018-08-04,2018-08-04,"Hello my friends, my house is very big and interesting, I always have guests from different parts of the world and therefore there is a very broad cultural exchange. The location is excellent because the Airport is 15 minutes from here and the downtown too. The Metrobus is around the corner, is very cheap to travel on it.",a few days or more,f,"['email', 'phone']",t,Cuauhtémoc,Shared room in home,Shared room,2.5 shared baths,"[""Iron"", ""Washer"", ""Wifi"", ""Freezer"", ""Refrigerator"", ""Dishes and silverware"", ""Ethernet connection"", ""Self check-in"", ""Building staff"", ""Hangers"", ""Long term stays allowed"", ""First aid kit"", ""Essentials"", ""Shampoo"", ""Hot water"", ""Smoking allowed"", ""Barbecue utensils"", ""Luggage dropoff allowed"", ""TV with standard cable"", ""Patio or balcony"", ""Kitchen"", ""Oven"", ""BBQ grill"", ""Stove"", ""Window guards"", ""Fire extinguisher"", ""Room-darkening shades"", ""Free street parking"", ""Exterior security cameras on property"", ""Dedicated workspace"", ""Cooking basics"", ""Hair dryer"", ""Microwave""]",2021-07-09,No disponible,f,49816356,1.0,0.3,116.0,124.0,19.46279,-99.14545,1.0,2.5,1.0,1.0,199.0,28.0,365.0,28.0,365.0,30,60,90,365,2.0,0.0,5.0,5.0,4.5,5.0,5.0,5.0,0.05
2024-09-25,city scrape,Shared Room,"You will like my house very much, my house is big and very interesting since there are many foreigners from other countries in the world. The atmosphere is very nice.<br /><br />We are in an excellent location near downtown and next to the Metrobus.",Información acerca del vecindario no proporcionada,Luis,2018-08-04,2018-08-04,"Hello my friends, my house is very big and interesting, I always have guests from different parts of the world and therefore there is a very broad cultural exchange. The location is excellent because the Airport is 15 minutes from here and the downtown too. The Metrobus is around the corner, is very cheap to travel on it.",a few days or more,f,"['email', 'phone']",t,Cuauhtémoc,Shared room in home,Shared room,3 shared baths,"[""Iron"", ""Washer"", ""Wifi"", ""Refrigerator"", ""Dishes and silverware"", ""Ethernet connection"", ""Self check-in"", ""Hangers"", ""Body soap"", ""Coffee maker"", ""Backyard"", ""Long term stays allowed"", ""First aid kit"", ""Essentials"", ""Shampoo"", ""Hot water"", ""Smoking allowed"", ""Dining table"", ""Dryer"", ""Luggage dropoff allowed"", ""TV"", ""Pocket wifi"", ""Patio or balcony"", ""Bed linens"", ""Kitchen"", ""Drying rack for clothing"", ""Stove"", ""Fire extinguisher"", ""Clothing storage"", ""Free street parking"", ""Microwave"", ""Dedicated workspace"", ""Cooking basics"", ""Hair dryer"", ""Building staff""]",2021-09-06,No disponible,f,49817362,1.0,0.3,116.0,124.0,19.4595,-99.14834,1.0,3.0,1.0,1.0,199.0,28.0,365.0,28.0,365.0,30,60,90,365,1.0,0.0,5.0,5.0,5.0,5.0,5.0,5.0,0.03
2024-09-25,city scrape,Shared Room Near Metrobus,"You will like my house very much, my house is big and very interesting since there are many foreigners from other countries in the world. The atmosphere is very nice.<br /><br />We are in an excellent location near downtown and next to the Metrobus.",Información acerca del vecindario no proporcionada,Luis,2018-08-04,2018-08-04,"Hello my friends, my house is very big and interesting, I always have guests from different parts of the world and therefore there is a very broad cultural exchange. The location is excellent because the Airport is 15 minutes from here and the downtown too. The Metrobus is around the corner, is very cheap to travel on it.",a few days or more,f,"['email', 'phone']",t,Cuauhtémoc,Shared room in home,Shared room,3 shared baths,"[""Iron"", ""Washer"", ""Wifi"", ""Refrigerator"", ""Dishes and silverware"", ""Ethernet connection"", ""Self check-in"", ""Hangers"", ""Body soap"", ""Coffee maker"", ""Backyard"", ""Long term stays allowed"", ""First aid kit"", ""Essentials"", ""Shampoo"", ""Hot water"", ""Smoking allowed"", ""Dining table"", ""Dryer"", ""Luggage dropoff allowed"", ""TV"", ""Pocket wifi"", ""Patio or balcony"", ""Bed linens"", ""Kitchen"", ""Drying rack for clothing"", ""Stove"", ""Fire extinguisher"", ""Clothing storage"", ""Free street parking"", ""Microwave"", ""Dedicated workspace"", ""Cooking basics"", ""Hair dryer"", ""Building staff""]",2021-07-01,No disponible,f,50105074,1.0,0.3,116.0,124.0,19.46124,-99.148,1.0,3.0,1.0,1.0,199.0,28.0,365.0,28.0,365.0,30,60,90,365,1.0,0.0,5.0,5.0,5.0,5.0,5.0,5.0,0.03
2024-09-25,city scrape,Shared Room Near Metrobus,"You will like my house very much, my house is big and very interesting since there are many foreigners from other countries in the world. The atmosphere is very nice.<br /><br />We are in an excellent location near downtown and next to the Metrobus.",Información acerca del vecindario no proporcionada,Luis,2018-08-04,2018-08-04,"Hello my friends, my house is very big and interesting, I always have guests from different parts of the world and therefore there is a very broad cultural exchange. The location is excellent because the Airport is 15 minutes from here and the downtown too. The Metrobus is around the corner, is very cheap to travel on it.",a few days or more,f,"['email', 'phone']",t,Cuauhtémoc,Shared room in home,Shared room,3 shared baths,"[""Iron"", ""Washer"", ""Wifi"", ""Refrigerator"", ""Dishes and silverware"", ""Ethernet connection"", ""Self check-in"", ""Hangers"", ""Body soap"", ""Coffee maker"", ""Backyard"", ""Long term stays allowed"", ""First aid kit"", ""Essentials"", ""Shampoo"", ""Hot water"", ""Smoking allowed"", ""Dining table"", ""Dryer"", ""Luggage dropoff allowed"", ""TV"", ""Pocket wifi"", ""Patio or balcony"", ""Bed linens"", ""Kitchen"", ""Drying rack for clothing"", ""Stove"", ""Fire extinguisher"", ""Clothing storage"", ""Free street parking"", ""Microwave"", ""Dedicated workspace"", ""Cooking basics"", ""Hair dryer"", ""Building staff""]",9999-01-01,No disponible,f,50105686,1.0,0.3,116.0,124.0,19.45942,-99.14642,1.0,3.0,1.0,1.0,199.0,28.0,365.0,28.0,365.0,30,60,90,365,0.0,0.0,4.8,4.9,4.8,4.8,4.8,4.7,1.7
2024-09-25,city scrape,Shared Room Near Metrobus,"You will like my house very much, my house is big and very interesting since there are many foreigners from other countries in the world. The atmosphere is very nice.<br /><br />We are in an excellent location near downtown and next to the Metrobus.",Información acerca del vecindario no proporcionada,Luis,2018-08-04,2018-08-04,"Hello my friends, my house is very big and interesting, I always have guests from different parts of the world and therefore there is a very broad cultural exchange. The location is excellent because the Airport is 15 minutes from here and the downtown too. The Metrobus is around the corner, is very cheap to travel on it.",a few days or more,f,"['email', 'phone']",t,Cuauhtémoc,Shared room in home,Shared room,3 shared baths,"[""Iron"", ""Washer"", ""Wifi"", ""Refrigerator"", ""Dishes and silverware"", ""Ethernet connection"", ""Self check-in"", ""Hangers"", ""Body soap"", ""Coffee maker"", ""Backyard"", ""Long term stays allowed"", ""First aid kit"", ""Essentials"", ""Shampoo"", ""Hot water"", ""Smoking allowed"", ""Dining table"", ""Dryer"", ""Luggage dropoff allowed"", ""TV"", ""Pocket wifi"", ""Patio or balcony"", ""Bed linens"", ""Kitchen"", ""Drying rack for clothing"", ""Stove"", ""Fire extinguisher"", ""Clothing storage"", ""Free street parking"", ""Microwave"", ""Dedicated workspace"", ""Cooking basics"", ""Hair dryer"", ""Building staff""]",9999-01-01,No disponible,f,50106762,1.0,0.3,116.0,124.0,19.46126,-99.14805,1.0,3.0,1.0,1.0,199.0,28.0,365.0,28.0,365.0,30,60,90,365,0.0,0.0,4.8,4.9,4.8,4.8,4.8,4.7,1.7
2024-09-25,city scrape,Shared Room,"You will like my house very much, my house is big and very interesting since there are many foreigners from other countries in the world. The atmosphere is very nice.<br /><br />We are in an excellent location near downtown and next to the Metrobus.",Información acerca del vecindario no proporcionada,Luis,2018-08-04,2018-08-04,"Hello my friends, my house is very big and interesting, I always have guests from different parts of the world and therefore there is a very broad cultural exchange. The location is excellent because the Airport is 15 minutes from here and the downtown too. The Metrobus is around the corner, is very cheap to travel on it.",a few days or more,f,"['email', 'phone']",t,Cuauhtémoc,Shared room in home,Shared room,3 shared baths,"[""Iron"", ""Washer"", ""Wifi"", ""Refrigerator"", ""Dishes and silverware"", ""Ethernet connection"", ""Self check-in"", ""Hangers"", ""Body soap"", ""Coffee maker"", ""Backyard"", ""Long term stays allowed"", ""First aid kit"", ""Essentials"", ""Shampoo"", ""Hot water"", ""Smoking allowed"", ""Dining table"", ""Dryer"", ""Luggage dropoff allowed"", ""TV"", ""Pocket wifi"", ""Patio or balcony"", ""Bed linens"", ""Kitchen"", ""Drying rack for clothing"", ""Stove"", ""Fire extinguisher"", ""Clothing storage"", ""Free street parking"", ""Microwave"", ""Dedicated workspace"", ""Cooking basics"", ""Hair dryer"", ""Building staff""]",9999-01-01,No disponible,f,50427402,1.0,0.3,116.0,124.0,19.45951,-99.14853,1.0,3.0,1.0,1.0,199.0,28.0,365.0,28.0,365.0,30,60,90,365,0.0,0.0,4.8,4.9,4.8,4.8,4.8,4.7,1.7
2024-09-25,city scrape,Shared Room,"Hello friends, my house is like a little hostel, wellcome.",Información acerca del vecindario no proporcionada,Luis,2018-08-04,2018-08-04,"Hello my friends, my house is very big and interesting, I always have guests from different parts of the world and therefore there is a very broad cultural exchange. The location is excellent because the Airport is 15 minutes from here and the downtown too. The Metrobus is around the corner, is very cheap to travel on it.",a few days or more,f,"['email', 'phone']",t,Cuauhtémoc,Shared room in home,Shared room,5 shared baths,"[""Iron"", ""Washer"", ""Wifi"", ""Refrigerator"", ""Dishes and silverware"", ""Ethernet connection"", ""Self check-in"", ""Hangers"", ""Body soap"", ""Coffee maker"", ""Backyard"", ""Long term stays allowed"", ""First aid kit"", ""Essentials"", ""Shampoo"", ""Hot water"", ""Smoking allowed"", ""Dining table"", ""Dryer"", ""Luggage dropoff allowed"", ""TV"", ""Pocket wifi"", ""Patio or balcony"", ""Bed linens"", ""Kitchen"", ""Drying rack for clothing"", ""Stove"", ""Fire extinguisher"", ""Clothing storage"", ""Free street parking"", ""Microwave"", ""Dedicated workspace"", ""Cooking basics"", ""Hair dryer"", ""Building staff""]",2021-07-31,No disponible,f,50428065,1.0,0.3,116.0,124.0,19.45931,-99.14714,1.0,1.4,1.0,1.0,168.0,28.0,365.0,28.0,365.0,30,60,90,365,2.0,0.0,5.0,5.0,4.5,5.0,5.0,5.0,0.05
2024-09-25,city scrape,"30,000 m2 de área natural.",Discover the gorgeous landscape that surrounds this place to stay.,Información acerca del vecindario no proporcionada,Oscar,2021-06-16,2021-06-16,Información acerca del anfitrión del no proporcionada,within a day,f,"['email', 'phone']",t,Tlalpan,Shared room in tent,Shared room,2 shared baths,"[""Free parking on premises"", ""Fire pit""]",2024-01-28,No disponible,f,50438261,1.0,1.0,2.0,2.0,19.4,-99.22118179644336,10.0,2.0,1.0,2.0,366.0,1.0,365.0,1.0,365.0,29,59,89,269,1.0,0.0,5.0,5.0,5.0,5.0,5.0,5.0,0.12
2024-09-25,city scrape,Habitación Compartida Mixta Terraza / Shared Room,"Hello friends, my house will like you very much, it is large  and interesting, there are always guests from different parts of the world, so there is a very wide cultural exchange. The atmosphere is very pleasant. You'll meet guests from multiple continents.<br /><br />We are in a great location near downtown and we have Metrobus Line 1 roundabout to move you from North to South of the city, with many transshipments along the Metro and Metrobus line throughout the city.",Información acerca del vecindario no proporcionada,Luis,2018-08-04,2018-08-04,"Hello my friends, my house is very big and interesting, I always have guests from different parts of the world and therefore there is a very broad cultural exchange. The location is excellent because the Airport is 15 minutes from here and the downtown too. The Metrobus is around the corner, is very cheap to travel on it.",a few days or more,f,"['email', 'phone']",t,Cuauhtémoc,Shared room in home,Shared room,2.5 shared baths,"[""Iron"", ""Washer"", ""Wifi"", ""Freezer"", ""Refrigerator"", ""Dishes and silverware"", ""Ethernet connection"", ""Self check-in"", ""Hangers"", ""Long term stays allowed"", ""First aid kit"", ""Essentials"", ""Shampoo"", ""Hot water"", ""Smoking allowed"", ""Barbecue utensils"", ""Luggage dropoff allowed"", ""TV with standard cable"", ""Patio or balcony"", ""Kitchen"", ""Oven"", ""BBQ grill"", ""Stove"", ""Window guards"", ""Fire extinguisher"", ""Room-darkening shades"", ""Free street parking"", ""Microwave"", ""Dedicated workspace"", ""Cooking basics"", ""Hair dryer"", ""Building staff""]",2021-07-25,No disponible,f,50444420,1.0,0.3,116.0,124.0,19.46416,-99.14426,1.0,2.5,1.0,1.0,199.0,28.0,365.0,28.0,365.0,30,60,90,365,2.0,0.0,5.0,5.0,5.0,5.0,5.0,5.0,0.05
2024-09-26,city scrape,Hospedaje en espacio compartido,"This special place is close to everything, making it easy to plan your visit.",Información acerca del vecindario no proporcionada,Diego,2020-05-20,2020-05-20,Información acerca del anfitrión del no proporcionada,a few days or more,f,['phone'],t,Cuauhtémoc,Shared room in home,Shared room,1 shared bath,"[""Iron"", ""TV"", ""Wifi"", ""Kitchen"", ""First aid kit"", ""Hot water"", ""Dedicated workspace"", ""Hair dryer""]",2021-08-29,No disponible,t,51112386,0.49,0.72,12.0,14.0,19.43188,-99.16248,1.0,1.0,1.0,1.0,300.0,1.0,1125.0,1.0,1125.0,30,60,90,364,36.0,0.0,4.61,4.86,4.61,4.69,4.92,4.56,0.96
2024-09-25,city scrape,Green House,"Welcome to ”Green House, a space will give your life a green color.<br />Close to Foro Sol, Palacio de los Deportes, Autódromo Hermanos Rodríguez for the best events<br />All the services and streaming;prime,Disney,Netflix,Star Chanel, HBO<br />7th floor, then there are no neighbors more than on one side<br />The bedroom has a double use, guest room and closet(always clean and tidy) comfortable bed<br />I offer you an alternative to get there should you need it, super close to the Welcome airport!<br />!","Opposite there is a Pan el Globo<br />store In Zaragoza, there is a Banamex <br />In Sur 4 numerous shops: pharmacies, small shops, food stalls, laundry, tlapalería",Alitzel,2016-04-24,2016-04-24,"Hola soy mexicana, me encanta viajar, muchas veces solo busco un lugar cómodo",a few days or more,f,"['email', 'phone']",t,Iztacalco,Shared room in condo,Shared room,1 shared bath,"[""Iron"", ""56 inch HDTV with Netflix, HBO Max, Disney+, Amazon Prime Video"", ""Courtyard view"", ""Freezer"", ""Laundromat nearby"", ""Mabe stainless steel gas stove"", ""City skyline view"", ""Coffee maker: drip coffee maker"", ""Dishes and silverware"", ""Ethernet connection"", ""Self check-in"", ""Pets allowed"", ""Hangers"", ""Paid washer \u2013 In unit"", ""WINIA refrigerator"", ""First aid kit"", ""Garden view"", ""Essentials"", ""Fast wifi \u2013 57 Mbps"", ""Hot water"", ""Dining table"", ""Barbecue utensils"", ""Luggage dropoff allowed"", ""Bed linens"", ""Kitchen"", ""Mabe stainless steel oven"", ""Extra pillows and blankets"", ""Window guards"", ""Cleaning products"", ""Room-darkening shades"", ""Wine glasses"", ""Free street parking"", ""Elevator"", ""Dedicated workspace"", ""Cooking basics"", ""Lockbox"", ""Single level home"", ""Hair dryer""]",2022-10-02,No disponible,f,52372987,1.0,1.0,1.0,3.0,19.403077891129488,-99.07302917945216,6.0,1.0,1.0,3.0,1643.0,1.0,1125.0,1.0,1125.0,30,60,90,365,4.0,0.0,4.75,4.25,4.5,4.5,4.5,4.25,0.17
2024-09-25,city scrape,Habitación Compartida Excelente Ubicación Metrobus,"You will like the place because it is a quiet area, you will meet other travelers from different parts of the world, in front there is an exercise park and around the Metrobus is around.<br />The house is large and has all the amenities needed, wifi, kitchenette, washing machine, washing machine, laundry room, clothesline, dining room, dining room, outdoor living room, hammock, enough bathrooms and enough showers.",Información acerca del vecindario no proporcionada,Luis,2018-08-04,2018-08-04,"Hello my friends, my house is very big and interesting, I always have guests from different parts of the world and therefore there is a very broad cultural exchange. The location is excellent because the Airport is 15 minutes from here and the downtown too. The Metrobus is around the corner, is very cheap to travel on it.",a few days or more,f,"['email', 'phone']",t,Cuauhtémoc,Shared room in home,Shared room,5 shared baths,"[""Iron"", ""Washer"", ""Wifi"", ""Refrigerator"", ""Dishes and silverware"", ""Ethernet connection"", ""Self check-in"", ""Hangers"", ""Body soap"", ""Coffee maker"", ""Backyard"", ""Long term stays allowed"", ""First aid kit"", ""Essentials"", ""Shampoo"", ""Hot water"", ""Smoking allowed"", ""Dining table"", ""Dryer"", ""Luggage dropoff allowed"", ""TV"", ""Pocket wifi"", ""Patio or balcony"", ""Bed linens"", ""Kitchen"", ""Drying rack for clothing"", ""Stove"", ""Fire extinguisher"", ""Clothing storage"", ""Free street parking"", ""Microwave"", ""Dedicated workspace"", ""Cooking basics"", ""Hair dryer"", ""Building staff""]",9999-01-01,No disponible,f,52272038,1.0,0.3,116.0,124.0,19.46085,-99.14671,1.0,1.4,1.0,1.0,168.0,28.0,365.0,28.0,365.0,22,52,82,357,0.0,0.0,4.8,4.9,4.8,4.8,4.8,4.7,1.7
2024-09-25,city scrape,Mixed Shared Room,"You will like my house very much, my house is big and very interesting since there are many foreigners from other countries in the world. The atmosphere is very nice.<br /><br />We are in an excellent location near downtown and next to the Metrobus.",Información acerca del vecindario no proporcionada,Luis,2018-08-04,2018-08-04,"Hello my friends, my house is very big and interesting, I always have guests from different parts of the world and therefore there is a very broad cultural exchange. The location is excellent because the Airport is 15 minutes from here and the downtown too. The Metrobus is around the corner, is very cheap to travel on it.",a few days or more,f,"['email', 'phone']",t,Cuauhtémoc,Shared room in home,Shared room,3 shared baths,"[""Iron"", ""Washer"", ""Wifi"", ""Refrigerator"", ""Dishes and silverware"", ""Ethernet connection"", ""Self check-in"", ""Hangers"", ""Body soap"", ""Coffee maker"", ""Backyard"", ""Long term stays allowed"", ""First aid kit"", ""Essentials"", ""Shampoo"", ""Hot water"", ""Smoking allowed"", ""Dining table"", ""Dryer"", ""Luggage dropoff allowed"", ""TV"", ""Pocket wifi"", ""Patio or balcony"", ""Bed linens"", ""Kitchen"", ""Drying rack for clothing"", ""Stove"", ""Fire extinguisher"", ""Clothing storage"", ""Free street parking"", ""Microwave"", ""Dedicated workspace"", ""Cooking basics"", ""Hair dryer"", ""Building staff""]",9999-01-01,No disponible,f,52272055,1.0,0.3,116.0,124.0,19.46151,-99.14859,1.0,3.0,1.0,1.0,171.0,28.0,365.0,28.0,365.0,30,60,90,180,0.0,0.0,4.8,4.9,4.8,4.8,4.8,4.7,1.7
2024-09-25,city scrape,Habitación Compartida Patio con Hamáca,"The house is very large, there are domestic and foreign guests, there are individual cubicles for work, living room, dining room, our outdoor room and hammock make the difference of course, there is a washing machine, refrigerator and a small induction stove to prepare quick things, we have the metrobus around around, we have around the metrobus, really everything you need we have, and in front there is a park to exercise.",Información acerca del vecindario no proporcionada,Luis,2018-08-04,2018-08-04,"Hello my friends, my house is very big and interesting, I always have guests from different parts of the world and therefore there is a very broad cultural exchange. The location is excellent because the Airport is 15 minutes from here and the downtown too. The Metrobus is around the corner, is very cheap to travel on it.",a few days or more,f,"['email', 'phone']",t,Cuauhtémoc,Shared room in home,Shared room,5 shared baths,"[""Iron"", ""Washer"", ""Wifi"", ""Refrigerator"", ""Dishes and silverware"", ""Ethernet connection"", ""Self check-in"", ""Hangers"", ""Body soap"", ""Coffee maker"", ""Backyard"", ""Long term stays allowed"", ""First aid kit"", ""Essentials"", ""Shampoo"", ""Hot water"", ""Smoking allowed"", ""Dining table"", ""Dryer"", ""Luggage dropoff allowed"", ""TV"", ""Pocket wifi"", ""Patio or balcony"", ""Bed linens"", ""Kitchen"", ""Drying rack for clothing"", ""Stove"", ""Fire extinguisher"", ""Clothing storage"", ""Free street parking"", ""Microwave"", ""Dedicated workspace"", ""Cooking basics"", ""Hair dryer"", ""Building staff""]",2024-05-31,No disponible,f,52272472,1.0,0.3,116.0,124.0,19.46147,-99.14649,1.0,1.4,1.0,1.0,168.0,28.0,365.0,28.0,365.0,30,60,90,180,1.0,0.0,4.8,4.8,4.8,4.9,5.0,4.0,0.25
2024-09-25,city scrape,The best shared room for you! Excellent location!,"The best shared room for you! Excellent Location!<br /><br />You will like my house very much, my house is big and very interesting since there are many foreigners from other countries in the world. The atmosphere is very nice.<br /><br />We are in an excellent location near downtown and next to the Metrobus.",Información acerca del vecindario no proporcionada,Luis,2018-08-04,2018-08-04,"Hello my friends, my house is very big and interesting, I always have guests from different parts of the world and therefore there is a very broad cultural exchange. The location is excellent because the Airport is 15 minutes from here and the downtown too. The Metrobus is around the corner, is very cheap to travel on it.",a few days or more,f,"['email', 'phone']",t,Cuauhtémoc,Shared room in home,Shared room,5 shared baths,"[""Iron"", ""Washer"", ""Outdoor furniture"", ""Wifi"", ""Freezer"", ""Refrigerator"", ""Dishes and silverware"", ""Ethernet connection"", ""Self check-in"", ""Hangers"", ""Body soap"", ""Coffee maker"", ""Backyard"", ""Long term stays allowed"", ""First aid kit"", ""Essentials"", ""Shampoo"", ""Hot water"", ""Smoking allowed"", ""Dining table"", ""Luggage dropoff allowed"", ""TV"", ""Pocket wifi"", ""Patio or balcony"", ""Bed linens"", ""Kitchen"", ""Outdoor dining area"", ""Drying rack for clothing"", ""Stove"", ""Fire extinguisher"", ""Clothing storage"", ""Free street parking"", ""Microwave"", ""Dedicated workspace"", ""Cooking basics"", ""Hair dryer"", ""Building staff""]",9999-01-01,No disponible,f,52310214,1.0,0.3,116.0,124.0,19.46074,-99.14842,1.0,1.4,1.0,1.0,168.0,28.0,365.0,28.0,365.0,30,60,90,365,0.0,0.0,4.8,4.9,4.8,4.8,4.8,4.7,1.7
2024-09-25,city scrape,The Best Shared Room For You! Excellent Location!,"The best shared room for you! Excellent Location!<br /><br />You will like my house very much, my house is big and very interesting since there are many foreigners from other countries in the world. The atmosphere is very nice.<br /><br />We are in an excellent location near downtown and next to the Metrobus.",Información acerca del vecindario no proporcionada,Luis,2018-08-04,2018-08-04,"Hello my friends, my house is very big and interesting, I always have guests from different parts of the world and therefore there is a very broad cultural exchange. The location is excellent because the Airport is 15 minutes from here and the downtown too. The Metrobus is around the corner, is very cheap to travel on it.",a few days or more,f,"['email', 'phone']",t,Cuauhtémoc,Shared room in home,Shared room,4 shared baths,"[""Iron"", ""Washer"", ""Outdoor furniture"", ""Wifi"", ""Freezer"", ""Laundromat nearby"", ""Refrigerator"", ""Dishes and silverware"", ""Ethernet connection"", ""Self check-in"", ""Hangers"", ""Coffee maker"", ""Backyard"", ""Long term stays allowed"", ""First aid kit"", ""Essentials"", ""Shampoo"", ""Hot water"", ""Smoking allowed"", ""Dining table"", ""Luggage dropoff allowed"", ""TV"", ""Pocket wifi"", ""Patio or balcony"", ""Bed linens"", ""Kitchen"", ""Outdoor dining area"", ""Drying rack for clothing"", ""Stove"", ""Fire extinguisher"", ""Clothing storage"", ""Free street parking"", ""Microwave"", ""Dedicated workspace"", ""Cooking basics"", ""Hair dryer"", ""Building staff""]",9999-01-01,No disponible,f,52310342,1.0,0.3,116.0,124.0,19.46101,-99.1463,1.0,4.0,1.0,1.0,171.0,28.0,365.0,28.0,365.0,30,60,90,365,0.0,0.0,4.8,4.9,4.8,4.8,4.8,4.7,1.7
2024-09-25,city scrape,Shared Room / Terrace / Metrobus,"You will like my house very much, my house is big and very interesting since there are many foreigners from other countries in the world. The atmosphere is very nice.<br /><br />We are in an excellent location near downtown and next to the Metrobus.",Información acerca del vecindario no proporcionada,Luis,2018-08-04,2018-08-04,"Hello my friends, my house is very big and interesting, I always have guests from different parts of the world and therefore there is a very broad cultural exchange. The location is excellent because the Airport is 15 minutes from here and the downtown too. The Metrobus is around the corner, is very cheap to travel on it.",a few days or more,f,"['email', 'phone']",t,Cuauhtémoc,Shared room in home,Shared room,2.5 shared baths,"[""Iron"", ""Washer"", ""Wifi"", ""Freezer"", ""Refrigerator"", ""Dishes and silverware"", ""Ethernet connection"", ""Self check-in"", ""Hangers"", ""Long term stays allowed"", ""First aid kit"", ""Essentials"", ""Shampoo"", ""Hot water"", ""Smoking allowed"", ""Barbecue utensils"", ""Luggage dropoff allowed"", ""TV with standard cable"", ""Patio or balcony"", ""Kitchen"", ""Oven"", ""BBQ grill"", ""Stove"", ""Window guards"", ""Fire extinguisher"", ""Room-darkening shades"", ""Free street parking"", ""Microwave"", ""Dedicated workspace"", ""Cooking basics"", ""Hair dryer"", ""Building staff""]",2022-01-31,No disponible,f,52521142,1.0,0.3,116.0,124.0,19.46266,-99.14386,1.0,2.5,1.0,1.0,172.0,28.0,365.0,28.0,365.0,30,60,90,365,2.0,0.0,5.0,5.0,4.5,5.0,5.0,5.0,0.06
2024-09-26,city scrape,Moderna Habitación en La Condesa,Descripción no proporcionada,Información acerca del vecindario no proporcionada,Claudia,2019-06-17,2019-06-17,Información acerca del anfitrión del no proporcionada,a few days or more,f,"['email', 'phone']",t,Cuauhtémoc,Shared room in rental unit,Shared room,1.5 shared baths,"[""Free parking on premises"", ""Paid parking on premises""]",9999-01-01,No disponible,f,52588496,1.0,0.9,1.0,1.0,19.40733914038746,-99.16819496645802,2.0,1.5,1.0,1.0,400.0,1.0,365.0,1.0,365.0,28,56,86,359,0.0,0.0,4.8,4.9,4.8,4.8,4.8,4.7,1.7
2024-09-25,city scrape,Cama en Habitación compartida Femenina,"Mexico Hostel offers a clean, comfortable, affordable and convenient accommodation option in a historic building. Perfectly located in the heart of downtown Mexico City surrounded by stunning architecture, museums, markets, business centers and a wide variety of bars and restaurants. One block from Fine Arts and the Ministry of Foreign Affairs",Información acerca del vecindario no proporcionada,Mexico Hostel,2021-10-12,2021-10-12,"Amamos a las personas, la cultura y la comida. No solo brindamos alojamiento limpio y cómodo con todos los elementos esenciales, sino que también creamos el espacio para que nuestros huéspedes conozcan gente, descubran la cultura local y disfruten de comida nueva.",within an hour,f,"['email', 'phone']",t,Cuauhtémoc,Shared room in hostel,Shared room,3 shared baths,"[""Luggage dropoff allowed"", ""Wifi"", ""Exterior security cameras on property"", ""Smoke alarm"", ""Fire extinguisher"", ""Outdoor shower"", ""Long term stays allowed"", ""First aid kit"", ""Ethernet connection"", ""Self check-in"", ""Essentials"", ""Shampoo"", ""Hot water"", ""Dining table"", ""Smoking allowed"", ""Shower gel"", ""Hangers"", ""Building staff""]",2021-11-29,No disponible,f,52743087,1.0,1.0,9.0,9.0,19.43375,-99.14331,9.0,3.0,1.0,1.8,260.0,1.0,30.0,1.0,1125.0,30,60,90,365,4.0,0.0,4.8,4.8,4.8,4.9,4.5,4.8,0.12
2024-09-26,previous scrape,Mexiqui Hostel- a una cuadra del Zócalo de CDMX,Experience Mexico like a friend and not a tourist at this centrally located home in a fully remodeled historic building with the best views of downtown.,"Stay where the Aztec tlatoanis (emperors) lived, you'll be in the heart of Mexico. Walk quietly through the streets of downtown, visiting the Templo Mayor, historic buildings from the colonial era, museums, restaurants, traditional canteens, pulquerías. The Zócalo metro is just one block away so you can easily connect to other areas of the city: Coyoacán, Reforma, Roma and Condesa.",Mexiqui,2020-03-02,2020-03-02,Información acerca del anfitrión del no proporcionada,within an hour,f,"['email', 'phone']",f,Cuauhtémoc,Shared room in bed and breakfast,Shared room,1.5 shared baths,"[""Shared patio or balcony"", ""Outdoor furniture"", ""Wifi"", ""Freezer"", ""Laundromat nearby"", ""City skyline view"", ""Outdoor shower"", ""Gas stove"", ""Coffee maker: drip coffee maker"", ""Bikes"", ""Refrigerator"", ""Dishes and silverware"", ""Hangers"", ""Hot water kettle"", ""Breakfast"", ""Long term stays allowed"", ""First aid kit"", ""Toaster"", ""Essentials"", ""Hot water"", ""Smoking allowed"", ""Dining table"", ""Luggage dropoff allowed"", ""Sound system with aux"", ""Bed linens"", ""Board games"", ""Kitchen"", ""Oven"", ""Outdoor dining area"", ""Books and reading material"", ""Smoke alarm"", ""Extra pillows and blankets"", ""Safe"", ""Fire extinguisher"", ""Clothing storage: dresser"", ""Room-darkening shades"", ""Exterior security cameras on property"", ""Microwave"", ""Dedicated workspace"", ""Cooking basics"", ""Paid parking off premises"", ""HDTV with standard cable""]",2021-10-29,No disponible,f,52792185,1.0,1.0,1.0,1.0,19.434953689575195,-99.1323471069336,7.0,1.5,1.6,2.0,300.0,2.0,365.0,2.0,365.0,0,0,0,0,1.0,0.0,4.0,5.0,4.0,4.0,5.0,4.0,0.03
2024-09-25,city scrape,Cama en Habitación compartida Masculina,"Mexico Hostel offers a clean, comfortable, affordable and convenient accommodation option in a historic building. Perfectly located in the heart of downtown Mexico City surrounded by stunning architecture, museums, markets, business centers and a wide variety of bars and restaurants. One block from Fine Arts and the Ministry of Foreign Affairs",Información acerca del vecindario no proporcionada,Mexico Hostel,2021-10-12,2021-10-12,"Amamos a las personas, la cultura y la comida. No solo brindamos alojamiento limpio y cómodo con todos los elementos esenciales, sino que también creamos el espacio para que nuestros huéspedes conozcan gente, descubran la cultura local y disfruten de comida nueva.",within an hour,f,"['email', 'phone']",t,Cuauhtémoc,Shared room in hostel,Shared room,3 shared baths,"[""Wifi"", ""Outdoor shower"", ""Ethernet connection"", ""Self check-in"", ""Hangers"", ""Carbon monoxide alarm"", ""Long term stays allowed"", ""First aid kit"", ""Essentials"", ""Shampoo"", ""Hot water"", ""Dining table"", ""Luggage dropoff allowed"", ""Noise decibel monitors on property"", ""Smoke alarm"", ""Fire extinguisher"", ""Exterior security cameras on property"", ""Smoking allowed"", ""Building staff""]",2021-10-31,No disponible,t,52940096,1.0,1.0,9.0,9.0,19.43361,-99.14403,9.0,3.0,1.0,1.8,260.0,1.0,365.0,1.0,365.0,30,60,90,365,12.0,0.0,4.17,4.33,4.25,4.5,4.75,4.67,0.34
2024-09-25,city scrape,Cama en Habitación compartida Femenina,"Mexico Hostel offers a clean, comfortable, affordable and convenient accommodation option in a historic building. Perfectly located in the heart of downtown Mexico City surrounded by stunning architecture, museums, markets, business centers and a wide variety of bars and restaurants. One block from Fine Arts and Ministry of Foreign Affairs",Información acerca del vecindario no proporcionada,Mexico Hostel,2021-10-12,2021-10-12,"Amamos a las personas, la cultura y la comida. No solo brindamos alojamiento limpio y cómodo con todos los elementos esenciales, sino que también creamos el espacio para que nuestros huéspedes conozcan gente, descubran la cultura local y disfruten de comida nueva.",within an hour,f,"['email', 'phone']",t,Cuauhtémoc,Shared room in hostel,Shared room,3 shared baths,"[""Luggage dropoff allowed"", ""Wifi"", ""Exterior security cameras on property"", ""Fire extinguisher"", ""Outdoor shower"", ""Long term stays allowed"", ""First aid kit"", ""Ethernet connection"", ""Self check-in"", ""Essentials"", ""Shampoo"", ""Hot water"", ""Dining table"", ""Smoking allowed"", ""Smoke alarm"", ""Hangers"", ""Building staff""]",2021-11-06,No disponible,t,52940149,1.0,1.0,9.0,9.0,19.43536,-99.1426,9.0,3.0,1.0,1.8,260.0,1.0,365.0,1.0,365.0,30,60,90,365,43.0,0.0,4.51,4.53,4.23,4.56,4.74,4.49,1.22
2024-09-25,city scrape,Cama en Habitación compartida Masculina,"Mexico Hostel offers a clean, comfortable, affordable and convenient accommodation option in a historic building. Perfectly located in the heart of downtown Mexico City surrounded by stunning architecture, museums, markets, business centers and a wide variety of bars and restaurants. One block from Fine Arts and the Ministry of Foreign Affairs",Información acerca del vecindario no proporcionada,Mexico Hostel,2021-10-12,2021-10-12,"Amamos a las personas, la cultura y la comida. No solo brindamos alojamiento limpio y cómodo con todos los elementos esenciales, sino que también creamos el espacio para que nuestros huéspedes conozcan gente, descubran la cultura local y disfruten de comida nueva.",within an hour,f,"['email', 'phone']",t,Cuauhtémoc,Shared room in hostel,Shared room,3 shared baths,"[""Luggage dropoff allowed"", ""Wifi"", ""Exterior security cameras on property"", ""Fire extinguisher"", ""Outdoor shower"", ""Long term stays allowed"", ""First aid kit"", ""Ethernet connection"", ""Self check-in"", ""Essentials"", ""Shampoo"", ""Hot water"", ""Dining table"", ""Smoking allowed"", ""Smoke alarm"", ""Hangers"", ""Building staff""]",2021-11-02,No disponible,t,52940196,1.0,1.0,9.0,9.0,19.43349,-99.14422,9.0,3.0,1.0,1.8,260.0,1.0,365.0,1.0,365.0,30,60,90,365,13.0,0.0,4.46,4.08,4.38,4.46,4.77,4.31,0.37
2024-09-25,city scrape,Cama en Habitación compartida Femenina,"Mexico Hostel offers a clean, comfortable, affordable and convenient accommodation option in a historic building. Perfectly located in the heart of downtown Mexico City surrounded by stunning architecture, museums, markets, business centers and a wide variety of bars and restaurants. One block from Fine Arts and the Ministry of Foreign Affairs",Información acerca del vecindario no proporcionada,Mexico Hostel,2021-10-12,2021-10-12,"Amamos a las personas, la cultura y la comida. No solo brindamos alojamiento limpio y cómodo con todos los elementos esenciales, sino que también creamos el espacio para que nuestros huéspedes conozcan gente, descubran la cultura local y disfruten de comida nueva.",within an hour,f,"['email', 'phone']",t,Cuauhtémoc,Shared room in hostel,Shared room,3 shared baths,"[""Luggage dropoff allowed"", ""Wifi"", ""Exterior security cameras on property"", ""Fire extinguisher"", ""Outdoor shower"", ""Long term stays allowed"", ""First aid kit"", ""Ethernet connection"", ""Self check-in"", ""Essentials"", ""Shampoo"", ""Hot water"", ""Dining table"", ""Smoking allowed"", ""Smoke alarm"", ""Hangers"", ""Building staff""]",2021-10-31,No disponible,t,52940221,1.0,1.0,9.0,9.0,19.43385,-99.14537,9.0,3.0,1.0,1.8,260.0,1.0,365.0,1.0,365.0,30,60,90,365,22.0,0.0,4.27,4.5,4.23,4.45,4.64,4.41,0.62
2024-09-25,city scrape,Cama en Habitación compartida Femenina,"Mexico Hostel offers a clean, comfortable, affordable and convenient accommodation option in a historic building. Perfectly located in the heart of downtown Mexico City surrounded by stunning architecture, museums, markets, business centers and a wide variety of bars and restaurants. One block from Fine Arts and the Ministry of Foreign Affairs",Información acerca del vecindario no proporcionada,Mexico Hostel,2021-10-12,2021-10-12,"Amamos a las personas, la cultura y la comida. No solo brindamos alojamiento limpio y cómodo con todos los elementos esenciales, sino que también creamos el espacio para que nuestros huéspedes conozcan gente, descubran la cultura local y disfruten de comida nueva.",within an hour,f,"['email', 'phone']",t,Cuauhtémoc,Shared room in hostel,Shared room,3 shared baths,"[""Luggage dropoff allowed"", ""Wifi"", ""Exterior security cameras on property"", ""Fire extinguisher"", ""Outdoor shower"", ""Long term stays allowed"", ""First aid kit"", ""Ethernet connection"", ""Self check-in"", ""Essentials"", ""Shampoo"", ""Hot water"", ""Dining table"", ""Smoking allowed"", ""Smoke alarm"", ""Hangers"", ""Building staff""]",2022-06-17,No disponible,t,52940250,1.0,1.0,9.0,9.0,19.4327,-99.14509,9.0,3.0,1.0,1.8,260.0,1.0,365.0,1.0,365.0,30,60,90,365,6.0,0.0,4.5,4.17,4.5,4.5,5.0,4.5,0.22
2024-09-25,city scrape,Cama en Habitación compartida Masculina,"Mexico Hostel offers a clean, comfortable, affordable and convenient accommodation option in a historic building. Perfectly located in the heart of downtown Mexico City surrounded by stunning architecture, museums, markets, business centers and a wide variety of bars and restaurants. One block from Fine Arts and the Ministry of Foreign Affairs","The location is unparalleled as we have tourist places near our hostel such as the Palacio de Bellas Artes, El Zocalo, Paseo de La Reforma, among others.",Mexico Hostel,2021-10-12,2021-10-12,"Amamos a las personas, la cultura y la comida. No solo brindamos alojamiento limpio y cómodo con todos los elementos esenciales, sino que también creamos el espacio para que nuestros huéspedes conozcan gente, descubran la cultura local y disfruten de comida nueva.",within an hour,f,"['email', 'phone']",t,Cuauhtémoc,Shared room in hostel,Shared room,3 shared baths,"[""Luggage dropoff allowed"", ""Wifi"", ""Exterior security cameras on property"", ""Fire extinguisher"", ""Outdoor shower"", ""Long term stays allowed"", ""First aid kit"", ""Ethernet connection"", ""Self check-in"", ""Essentials"", ""Shampoo"", ""Hot water"", ""Dining table"", ""Smoking allowed"", ""Smoke alarm"", ""Hangers"", ""Building staff""]",2021-11-06,No disponible,f,52940283,1.0,1.0,9.0,9.0,19.43358,-99.14472,9.0,3.0,1.0,1.8,260.0,1.0,365.0,1.0,365.0,30,60,90,365,14.0,0.0,4.21,4.57,4.57,4.43,4.86,4.43,0.4
2024-09-26,city scrape,Sofá en Reforma (Ángel),Keep it simple at this peaceful and centrally-located place.,Información acerca del vecindario no proporcionada,Hugo,2018-01-19,2018-01-19,"Soy paramédico y financiero (broker), me gusta viajar, pasar tiempo con mi familia y amigos, leer, cine, ver y jugar football americano y soccer.",within an hour,f,"['email', 'phone']",t,Cuauhtémoc,Shared room in loft,Shared room,1 shared bath,"[""TV"", ""Wifi"", ""Paid parking on premises"", ""Kitchen"", ""First aid kit"", ""Refrigerator"", ""Dedicated workspace""]",9999-01-01,No disponible,f,52954924,1.0,1.0,1.0,2.0,19.42915,-99.17139,2.0,1.0,1.0,1.0,600.0,2.0,1125.0,1.3,1125.0,30,60,90,365,0.0,0.0,4.8,4.9,4.8,4.8,4.8,4.7,1.7
2024-09-25,city scrape,Loft - sofá cama Canal del Norte,"Simple, comfortable space, located in the north center of the city. We live two people and 4 cats. <br />We share a sofa bed for one or two people maximum, for short stays.<br />We are located, transferring the Metro (Subway) to 3 stations of the East Bus Terminal and to 5 airport stations and 6 stations from the Zócalo.",Located in the center north. Easy access to the city center by subway.,Eloína,2017-12-07,2017-12-07,Información acerca del anfitrión del no proporcionada,within an hour,f,"['email', 'phone']",t,Venustiano Carranza,Shared room in loft,Shared room,1 shared bath,"[""Shared patio or balcony"", ""Iron"", ""Washer"", ""Wifi"", ""Freezer"", ""Cleaning available during stay"", ""Host greets you"", ""Refrigerator"", ""Dishes and silverware"", ""Ethernet connection"", ""Exercise equipment"", ""Blender"", ""Portable fans"", ""Hangers"", ""Coffee maker"", ""First aid kit"", ""Essentials"", ""Hot water"", ""Smoking allowed"", ""Dining table"", ""Dryer"", ""Luggage dropoff allowed"", ""TV"", ""Game console"", ""Coffee"", ""Bed linens"", ""Kitchen"", ""Books and reading material"", ""Drying rack for clothing"", ""Paid parking off premises"", ""Stove"", ""Extra pillows and blankets"", ""Free street parking"", ""Dedicated workspace"", ""Cooking basics"", ""Hair dryer""]",9999-01-01,No disponible,f,53127332,1.0,1.0,1.0,1.0,19.45005,-99.11786,1.0,1.0,1.0,1.0,250.0,1.0,5.0,1.0,5.0,27,57,87,362,0.0,0.0,4.8,4.9,4.8,4.8,4.8,4.7,1.7
2024-09-25,city scrape,Cama en Habitación compartida Masculina,"Mexico Hostel offers a clean, comfortable, affordable and convenient accommodation option in a historic building. Perfectly located in the heart of downtown Mexico City surrounded by stunning architecture, museums, markets, business centers and a great variety of bars and restaurants.",Información acerca del vecindario no proporcionada,Mexico Hostel,2021-10-12,2021-10-12,"Amamos a las personas, la cultura y la comida. No solo brindamos alojamiento limpio y cómodo con todos los elementos esenciales, sino que también creamos el espacio para que nuestros huéspedes conozcan gente, descubran la cultura local y disfruten de comida nueva.",within an hour,f,"['email', 'phone']",t,Cuauhtémoc,Shared room in hostel,Shared room,3 shared baths,"[""Shared patio or balcony"", ""Outdoor furniture"", ""Wifi"", ""Laundromat nearby"", ""Outdoor shower"", ""Ethernet connection"", ""Hangers"", ""Breakfast"", ""Long term stays allowed"", ""First aid kit"", ""Essentials"", ""Shampoo"", ""Hot water"", ""Dining table"", ""Shower gel"", ""Luggage dropoff allowed"", ""Books and reading material"", ""Smoke alarm"", ""Fire extinguisher"", ""Paid parking lot off premises"", ""Exterior security cameras on property"", ""Smoking allowed""]",9999-01-01,No disponible,t,53284896,1.0,1.0,9.0,9.0,19.43358,-99.14497,9.0,3.0,1.0,1.8,260.0,1.0,1125.0,1.0,1125.0,30,60,90,365,0.0,0.0,4.8,4.9,4.8,4.8,4.8,4.7,1.7
2024-09-25,city scrape,Cama en Habitación compartida Femenina,"Mexico Hostel offers a clean, comfortable, affordable and convenient accommodation option in a historic building. Perfectly located in the heart of downtown Mexico City surrounded by stunning architecture, museums, markets, business centers and a wide variety of bars and restaurants. One block from Fine Arts and the Ministry of Foreign Affairs","Quiet, ideal for tourists who want to get to know the historic center",Mexico Hostel,2021-10-12,2021-10-12,"Amamos a las personas, la cultura y la comida. No solo brindamos alojamiento limpio y cómodo con todos los elementos esenciales, sino que también creamos el espacio para que nuestros huéspedes conozcan gente, descubran la cultura local y disfruten de comida nueva.",within an hour,f,"['email', 'phone']",t,Cuauhtémoc,Shared room in hostel,Shared room,3 shared baths,"[""Luggage dropoff allowed"", ""Wifi"", ""Exterior security cameras on property"", ""Fire extinguisher"", ""Outdoor shower"", ""Long term stays allowed"", ""First aid kit"", ""Ethernet connection"", ""Self check-in"", ""Essentials"", ""Shampoo"", ""Hot water"", ""Dining table"", ""Paid parking off premises"", ""Smoking allowed"", ""Smoke alarm"", ""Hangers"", ""Building staff""]",2023-11-26,No disponible,t,53450639,1.0,1.0,9.0,9.0,19.43227,-99.14498,9.0,3.0,1.0,1.8,260.0,1.0,1125.0,1.0,1125.0,30,60,90,365,1.0,0.0,5.0,5.0,5.0,5.0,5.0,5.0,0.1
2024-09-26,city scrape,Habitación compartida  zona céntrica,Forget your worries in this spacious and serene space.,Información acerca del vecindario no proporcionada,Armando,2021-11-14,2021-11-14,Chilangos hostel,within an hour,f,['email'],t,Cuauhtémoc,Shared room in casa particular,Shared room,1 shared bath,"[""Iron"", ""Wifi"", ""Kitchen"", ""BBQ grill"", ""Pets allowed""]",9999-01-01,No disponible,t,53688697,1.0,1.0,1.0,1.0,19.4241,-99.15868,6.0,1.0,2.0,1.8,220.0,3.0,1125.0,2.8,1125.0,30,60,90,364,0.0,0.0,4.8,4.9,4.8,4.8,4.8,4.7,1.7
2024-09-26,city scrape,Cabina con Excelente Ubicación en la Roma (Mixto),"A bed in a shared room with an excellent location, in the heart of the Col. Rome two blocks away from Condesa, Insurgentes and Metrobus Sonora. We are surrounded by multiple points of interest, you can take the city tour, etc. If you are looking for location, good price and like to share common areas and meet new people; you are in the right place. We are a hostel and coliving where coexistence, respect and multiculturalism are welcome. WE LOOK FORWARD TO SEEING YOU",Información acerca del vecindario no proporcionada,Jessica,2021-04-26,2021-04-26,Información acerca del anfitrión del no proporcionada,within an hour,f,"['email', 'phone']",t,Cuauhtémoc,Shared room in hostel,Shared room,1 shared bath,"[""Coffee maker"", ""Wifi"", ""Fire extinguisher"", ""Kitchen"", ""First aid kit"", ""Refrigerator"", ""Dishes and silverware"", ""Exterior security cameras on property"", ""Dedicated workspace""]",2022-04-04,No disponible,t,54281215,1.0,1.0,6.0,9.0,19.41315,-99.16271,1.0,1.0,1.0,1.0,179.0,1.0,1125.0,1.0,51.4,24,54,84,359,90.0,0.9,4.76,4.8,4.67,4.94,4.98,4.88,2.98
2024-09-26,city scrape,Cabina con Excelente Ubicación en la Roma (MIXTO),"A bed in a shared room with an excellent location, in the heart of the Col. Rome two blocks away from Condesa, Insurgentes and Metrobus Sonora. We are surrounded by multiple points of interest, you can take the city tour, etc. If you are looking for location, good price and like to share common areas and meet new people; you are in the right place. We are a hostel and coliving where coexistence, respect and multiculturalism are welcome.<br />WE LOOK FORWARD TO SEEING YOU",Información acerca del vecindario no proporcionada,Jessica,2021-04-26,2021-04-26,Información acerca del anfitrión del no proporcionada,within an hour,f,"['email', 'phone']",t,Cuauhtémoc,Shared room in hostel,Shared room,1 shared bath,"[""TV"", ""Wifi"", ""Fire extinguisher"", ""Kitchen"", ""First aid kit""]",2022-03-24,No disponible,t,54283108,1.0,1.0,6.0,9.0,19.4127,-99.16393,1.0,1.0,1.0,1.0,179.0,1.0,1125.0,1.0,28.9,29,59,89,364,26.0,2.0,4.58,4.54,4.62,4.73,4.72,4.58,0.85
2024-09-25,city scrape,Anticlub! for artists and travelers,"*BEFORE BOOKING WE RECOMMEND YOU TO READ THE DESCRIPTION OF THE HOUSE.  IT'S NOT SUITABLE FOR MINORS OR ELDERLY PEOPLE*<br /><br />- Surfer Room - Mixed Room<br /><br />A room for sleep and get rest after walk around all the city. Receive the sunlight in your first steps of the day, enjoying the terrace outside the room; perfect to have a coffee, do yoga, meditate or just watching the sunrise.<br /><br />Shared dressing table (with drawers and mirror). Shared full bathroom","It's a 10 minute walk from Plaza Carso, museo Soumaya and Jumex, Inbursa Aquarium, Antara Fashion Hall, City Market, Chedraui Selecto, and more.<br /><br />Also there's a local market 10 min walk from here, and local stores around. On sundays you can find the tianguis (flea market, open air market) two blocks away.<br /><br />To the subway/metro it's a 15 minute walk. The nearest station is San Joaquin, it's directly connected to Chapultepec (3 stations away)",Anticlub,2016-06-18,2016-06-18,"Hola! Somos Alexa y Peppers!

Nuestro trabajo gira 100% alrededor de la música, de ahí nace Anticlub House.
Hacemos shows, sesiones, DJ sets, fotos y lo que se te ocurra.

Estamos muy contentas de recibirte en nuestra casa, conocer gente nueva y guiarte para que tengas la mejor experiencia durante tu estancia.

Checa nuestra guía alternativa de la ciudad, seguiremos buscando lugares únicos para ustedes.",within an hour,f,"['email', 'phone']",t,Miguel Hidalgo,Shared room in townhouse,Shared room,1.5 shared baths,"[""Shared patio or balcony"", ""Washer"", ""Outdoor furniture"", ""Wifi"", ""City skyline view"", ""Refrigerator"", ""Dishes and silverware"", ""Pets allowed"", ""Coffee maker"", ""Backyard"", ""Hammock"", ""First aid kit"", ""TV"", ""Kitchen"", ""Outdoor dining area"", ""Cooking basics"", ""Fire extinguisher"", ""Dedicated workspace"", ""Smoking allowed""]",2022-02-02,No disponible,t,547405347067797593,0.94,0.9,7.0,7.0,19.44705,-99.20225,1.0,1.5,1.0,1.0,250.0,1.0,15.0,1.0,15.0,12,28,54,329,24.0,0.0,4.92,4.83,4.83,4.92,4.71,4.88,0.74
2024-09-25,city scrape,Día de Spa,"Treat yourself to this unique experience with;<br />Yoga, <br />Temazcal-Spa<br />Face Massage<br />Tea with properties",Información acerca del vecindario no proporcionada,Abi,2019-03-15,2019-03-15,Información acerca del anfitrión del no proporcionada,within an hour,f,['phone'],t,Tlalpan,Shared room in farm stay,Shared room,1 shared bath,"[""Free parking on premises"", ""Wifi"", ""Fire pit"", ""Outdoor shower"", ""First aid kit"", ""BBQ grill"", ""Outdoor dining area"", ""Pets allowed"", ""Exterior security cameras on property""]",9999-01-01,No disponible,f,562921166629193279,1.0,1.0,1.0,1.0,19.2772086,-99.1427516,4.0,1.0,1.6,1.0,1600.0,1.0,365.0,1.0,365.0,23,53,83,83,0.0,0.0,4.8,4.9,4.8,4.8,4.8,4.7,1.7
2024-09-25,city scrape,Hermoso departamento con excelente ubicación,"Your family will be close to everything if you stay in this centrally located home. Since the subway is one block away, there are also several shopping shops and downtown 10 min. by public transport. Inside the unit, the neighbors sell food and snacks, it's an excellent atmosphere.",Información acerca del vecindario no proporcionada,Ada,2022-02-23,2022-02-23,soy una persona tranquila y amable,within an hour,f,['phone'],t,Cuauhtémoc,Shared room in rental unit,Shared room,1.5 shared baths,"[""Washer"", ""TV"", ""Wifi"", ""Kitchen"", ""First aid kit"", ""Smoke alarm""]",9999-01-01,No disponible,t,568916048501393182,1.0,1.0,1.0,1.0,19.4068,-99.1466,2.0,1.5,1.0,1.0,1308.0,1.0,365.0,1.0,365.0,30,60,90,365,0.0,0.0,4.8,4.9,4.8,4.8,4.8,4.7,1.7
2024-09-25,city scrape,Anticlub! for artists and travelers,"*BEFORE BOOKING WE RECOMMEND YOU TO READ THE DESCRIPTION OF THE HOUSE.  IT'S NOT SUITABLE FOR MINORS OR ELDERLY PEOPLE*<br /><br />- Surfer Room - Mixed Room<br /><br />A share room for sleep and get rest after walk around all the city. Receive the sunlight in your first steps of the day, enjoying the terrace outside the room; perfect to have a coffee, do yoga, meditate or just watching the sunrise.<br /><br />Bunk beds (4 individual beds) Dressing table (with one lockable drawer per person).","We are located a 10-minute walk from Plaza Carso, Soumaya and Jumex museum, Inbursa Aquarium, Antara Fashion Hall, City Market, Chedraui Selecto, among other shopping centers.<br /><br />You can also find in the surroundings the typical corner shops and the local market (10 minutes walking). Sunday is two blocks away.<br /><br />Metro San Joaquín a 15 min walk, 3 stations from Chapultepec.",Anticlub,2016-06-18,2016-06-18,"Hola! Somos Alexa y Peppers!

Nuestro trabajo gira 100% alrededor de la música, de ahí nace Anticlub House.
Hacemos shows, sesiones, DJ sets, fotos y lo que se te ocurra.

Estamos muy contentas de recibirte en nuestra casa, conocer gente nueva y guiarte para que tengas la mejor experiencia durante tu estancia.

Checa nuestra guía alternativa de la ciudad, seguiremos buscando lugares únicos para ustedes.",within an hour,f,"['email', 'phone']",t,Miguel Hidalgo,Shared room in townhouse,Shared room,1.5 shared baths,"[""Washer"", ""TV"", ""Wifi"", ""Coffee maker"", ""Backyard"", ""Outdoor furniture"", ""Fire extinguisher"", ""Kitchen"", ""Hammock"", ""First aid kit"", ""Refrigerator"", ""Dishes and silverware"", ""Outdoor dining area"", ""Pets allowed"", ""Smoking allowed"", ""Dedicated workspace"", ""Cooking basics""]",2022-04-03,No disponible,t,590684125222280702,0.94,0.9,7.0,7.0,19.44534,-99.20399,1.0,1.5,1.0,1.0,250.0,1.0,15.0,1.0,1125.0,12,28,54,329,42.0,0.0,4.71,4.67,4.43,4.79,4.57,4.76,1.39
2024-09-25,city scrape,Anticlub! for artists and travelers,"*BEFORE BOOKING WE RECOMMEND YOU TO READ THE DESCRIPTION OF THE HOUSE.  IT'S NOT SUITABLE FOR MINORS OR ELDERLY PEOPLE*<br /><br />- Surfer Room - Mixed Room<br /><br />A share room for sleep and get rest after walk around all the city. Receive the sunlight in your first steps of the day, enjoying the terrace outside the room; perfect to have a coffee, do yoga, meditate or just watching the sunrise.<br /><br />Bunk beds (4 individual beds) Dressing table (with one lockable drawer per person).","We are located a 10-minute walk from Plaza Carso, Soumaya and Jumex museum, Inbursa Aquarium, Antara Fashion Hall, City Market, Chedraui Selecto, among other shopping centers.<br /><br />You can also find in the surroundings the typical corner shops and the local market (10 minutes walking). Sunday is two blocks away.<br /><br />Metro San Joaquín a 15 min walk, 3 stations from Chapultepec.",Anticlub,2016-06-18,2016-06-18,"Hola! Somos Alexa y Peppers!

Nuestro trabajo gira 100% alrededor de la música, de ahí nace Anticlub House.
Hacemos shows, sesiones, DJ sets, fotos y lo que se te ocurra.

Estamos muy contentas de recibirte en nuestra casa, conocer gente nueva y guiarte para que tengas la mejor experiencia durante tu estancia.

Checa nuestra guía alternativa de la ciudad, seguiremos buscando lugares únicos para ustedes.",within an hour,f,"['email', 'phone']",t,Miguel Hidalgo,Shared room in townhouse,Shared room,1.5 shared baths,"[""Shared patio or balcony"", ""Washer"", ""TV"", ""Wifi"", ""Coffee maker"", ""Backyard"", ""Outdoor furniture"", ""Fire extinguisher"", ""Kitchen"", ""Hammock"", ""First aid kit"", ""Refrigerator"", ""Dishes and silverware"", ""Outdoor dining area"", ""Pets allowed"", ""Smoking allowed"", ""Dedicated workspace"", ""Cooking basics""]",2022-08-07,No disponible,t,590687740843697216,0.94,0.9,7.0,7.0,19.446308,-99.203026,1.0,1.5,1.0,1.0,250.0,1.0,15.0,1.0,1125.0,12,28,54,329,10.0,1.0,5.0,5.0,4.9,5.0,4.9,4.9,0.38
2024-09-25,city scrape,Anticlub! for artists and travelers,"*BEFORE BOOKING WE RECOMMEND YOU TO READ THE DESCRIPTION OF THE HOUSE.  IT'S NOT SUITABLE FOR MINORS OR ELDERLY PEOPLE*<br /><br />- Surfer Room - Mixed Room<br /><br />A share room for sleep and get rest after walk around all the city. Receive the sunlight in your first steps of the day, enjoying the terrace outside the room; perfect to have a coffee, do yoga, meditate or just watching the sunrise.<br /><br />Bunk beds (4 individual beds) Dressing table (with one lockable drawer per person).","We are located a 10-minute walk from Plaza Carso, Soumaya and Jumex museum, Inbursa Aquarium, Antara Fashion Hall, City Market, Chedraui Selecto, among other shopping centers.<br /><br />You can also find in the surroundings the typical corner shops and the local market (10 minutes walking). Sunday is two blocks away.<br /><br />Metro San Joaquín a 15 min walk, 3 stations from Chapultepec.",Anticlub,2016-06-18,2016-06-18,"Hola! Somos Alexa y Peppers!

Nuestro trabajo gira 100% alrededor de la música, de ahí nace Anticlub House.
Hacemos shows, sesiones, DJ sets, fotos y lo que se te ocurra.

Estamos muy contentas de recibirte en nuestra casa, conocer gente nueva y guiarte para que tengas la mejor experiencia durante tu estancia.

Checa nuestra guía alternativa de la ciudad, seguiremos buscando lugares únicos para ustedes.",within an hour,f,"['email', 'phone']",t,Miguel Hidalgo,Shared room in townhouse,Shared room,1.5 shared baths,"[""Shared patio or balcony"", ""Washer"", ""TV"", ""Wifi"", ""Coffee maker"", ""Outdoor furniture"", ""Fire extinguisher"", ""Kitchen"", ""Hammock"", ""First aid kit"", ""Refrigerator"", ""Dishes and silverware"", ""Private backyard \u2013 Fully fenced"", ""Outdoor dining area"", ""Pets allowed"", ""Smoking allowed"", ""Dedicated workspace"", ""Cooking basics""]",2022-04-03,No disponible,t,590689946746600898,0.94,0.9,7.0,7.0,19.446308,-99.203026,1.0,1.5,1.0,1.0,250.0,1.0,15.0,1.0,1125.0,12,28,54,329,6.0,0.0,4.83,5.0,4.83,5.0,4.83,5.0,0.2
2024-09-25,city scrape,Habitación matrimonial baño fuera de la habitación,"Relax in this unique and peaceful getaway. Luxury room with shared bathroom, in the best area of Mexico, wooded area, tourist, colonial, Mexican style, new , clean , central beds, 5 minutes from the best avenues such as suburbs, insurgents , Tlalpan footwear 20 minutes from six flags , close to the best universities such as UNAM , TEC, UIC, LA SALLE, etc. Highly recommended.",Información acerca del vecindario no proporcionada,Casa Santana,2021-10-28,2021-10-28,Información acerca del anfitrión del no proporcionada,within a few hours,f,"['email', 'phone']",t,Tlalpan,Shared room in guesthouse,Shared room,1 shared bath,"[""Iron"", ""Wifi"", ""Laundromat nearby"", ""Refrigerator"", ""Dishes and silverware"", ""Hangers"", ""Mini fridge"", ""Coffee maker"", ""Hot water kettle"", ""Long term stays allowed"", ""First aid kit"", ""Toaster"", ""Essentials"", ""Hot water"", ""Luggage dropoff allowed"", ""TV"", ""Coffee"", ""Bed linens"", ""Drying rack for clothing"", ""Smoke alarm"", ""Extra pillows and blankets"", ""Window guards"", ""Fire extinguisher"", ""Clothing storage"", ""Room-darkening shades"", ""Free street parking"", ""Exterior security cameras on property"", ""Cooking basics"", ""Paid parking off premises"", ""Microwave""]",2022-04-08,No disponible,f,597928950074990889,0.85,0.33,4.0,5.0,19.29193,-99.16549,2.0,1.0,1.0,1.0,499.0,1.0,365.0,1.0,365.0,30,60,90,365,12.0,0.0,3.92,4.08,4.08,3.92,4.5,4.08,0.4
2024-09-26,city scrape,Nice room with perfect location in la Roma/Condesa,"Really nice room in a shared apartment. It is located in a modern building with 24/7 security, 100m from Amsterdam (Parque México/Parque España) and 50m from Alvaro Obregon. The area is full of the best restaurants and cafés. The place is 80m2 and has two bathrooms, two bedrooms, a large living/kitchen area and a really nice terrace. It is fully furnished and equipped with everything you need. It is located in the third floor and has sun light almost the whole day, perfect for remote work.",Información acerca del vecindario no proporcionada,Ricardo,2016-05-24,2016-05-24,Información acerca del anfitrión del no proporcionada,within an hour,f,"['email', 'phone']",t,Cuauhtémoc,Shared room in serviced apartment,Shared room,1 shared bath,"[""Free parking on premises"", ""Washer"", ""TV"", ""Wifi"", ""Kitchen"", ""BBQ grill"", ""Outdoor dining area"", ""Smoking allowed""]",9999-01-01,No disponible,t,598038741824011562,1.0,1.0,1.0,1.0,19.4159,-99.16586,1.0,1.0,1.0,1.0,13526.0,30.0,365.0,30.0,365.0,30,60,90,364,0.0,0.0,4.8,4.9,4.8,4.8,4.8,4.7,1.7
2024-09-26,city scrape,U-Co Roma Nomad Community - Capsule in Dorm,"Enjoy your stay in this comfy and newly remodeled shared room with 4 capsules! We are a co-living and co-working space called U-Co ROMA : a lively community and ideal place for couples, solo travelers, digital nomads, and remote workers. Our house is centrally located in the hipster colonial neighborhood, a very safe and convenient location.","Colorful Roma is the hipster heart of Mexico City. Just west of Centro Historico and hugging the eastern edge of the Condesa neighborhood, Roma is the perfect place to stay if you’re looking to shop at cute boutiques, sip incredibly good coffee, and enjoy close proximity to many of Mexico City’s biggest attractions. <br /><br />Originally a neighborhood for Mexico City’s upper-class, Roma fell on hard times after the 1985 earthquake. Happily, the neighborhood has enjoyed a recent renaissance—locals love Roma’s combination of art deco mansions, colorful street art, and, of course, the neighborhood’s hipster vibe. Most of Mexico City is safe, and Roma is considered one of the safest neighborhoods in town.",Marco,2015-12-21,2015-12-21,"I love to travel and experience different cultures. Currently, a digital nomad @marcobarrio exploring the world while growing my businesses. Founder of U-Co helping digital nomads find their community @uco.live DM me for collaborations.",within an hour,f,"['email', 'phone', 'work_email']",t,Cuauhtémoc,Shared room in hostel,Shared room,4 shared baths,"[""Iron"", ""Wifi"", ""Refrigerator"", ""Dishes and silverware"", ""Self check-in"", ""HDTV with Netflix"", ""Hangers"", ""Coffee maker"", ""Backyard"", ""Long term stays allowed"", ""Keypad"", ""First aid kit"", ""Essentials"", ""Hot water"", ""Ecofriendly product shampoo"", ""Dining table"", ""Shower gel"", ""Luggage dropoff allowed"", ""Coffee"", ""Bed linens"", ""Kitchen"", ""Stove"", ""Fire extinguisher"", ""Ecofriendly product body soap"", ""Exterior security cameras on property"", ""Dedicated workspace"", ""Cooking basics"", ""Hair dryer"", ""Microwave""]",2022-08-13,No disponible,t,604198304758446635,0.97,0.87,13.0,13.0,19.4148,-99.15896,1.0,4.0,1.0,4.0,480.0,1.0,1125.0,1.0,1125.0,30,60,90,364,57.0,0.9,4.93,4.96,4.86,4.89,4.96,4.96,2.2
2024-09-26,city scrape,U-Co Roma - Private Room Shared Bath,"Enjoy your stay in this comfy and newly remodeled shared room with 3 capsules! We are a co-living and co-working space called U-Co ROMA : a lively community and ideal place for couples, solo travelers, digital nomads, and remote workers. Our house is centrally located in the hipster colonial neighborhood, a very safe and convenient location, a short walk from Parque Chaputepec, Angel de la Independencia ,Colonia Condesa , Reforma, and the most popular shops and restaurants.","Colorful Roma is the hipster heart of Mexico City. Just west of Centro Historico and hugging the eastern edge of the Condesa neighborhood, Roma is the perfect place to stay if you’re looking to shop at cute boutiques, sip incredibly good coffee, and enjoy close proximity to many of Mexico City’s biggest attractions. <br /><br />Originally a neighborhood for Mexico City’s upper-class, Roma fell on hard times after the 1985 earthquake. Happily, the neighborhood has enjoyed a recent renaissance—locals love Roma’s combination of art deco mansions, colorful street art, and, of course, the neighborhood’s hipster vibe. Most of Mexico City is safe, and Roma is considered one of the safest neighborhoods in town.",Marco,2015-12-21,2015-12-21,"I love to travel and experience different cultures. Currently, a digital nomad @marcobarrio exploring the world while growing my businesses. Founder of U-Co helping digital nomads find their community @uco.live DM me for collaborations.",within an hour,f,"['email', 'phone', 'work_email']",t,Cuauhtémoc,Shared room in boutique hotel,Shared room,4 shared baths,"[""Iron"", ""Outdoor furniture"", ""Wifi"", ""Paid parking on premises"", ""Refrigerator"", ""Dishes and silverware"", ""Self check-in"", ""Pets allowed"", ""Hangers"", ""Coffee maker"", ""Backyard"", ""Hot water kettle"", ""Long term stays allowed"", ""Keypad"", ""First aid kit"", ""Essentials"", ""Hot water"", ""Ecofriendly product shampoo"", ""Dining table"", ""Shower gel"", ""Luggage dropoff allowed"", ""TV"", ""Coffee"", ""Patio or balcony"", ""Bed linens"", ""Kitchen"", ""Outdoor dining area"", ""Stove"", ""Fire extinguisher"", ""Ecofriendly product body soap"", ""Exterior security cameras on property"", ""Dedicated workspace"", ""Cooking basics"", ""Hair dryer"", ""Microwave""]",2023-08-25,No disponible,t,604198354322446624,0.97,0.87,13.0,13.0,19.41473,-99.1585,2.0,4.0,1.0,4.0,1183.0,1.0,1125.0,1.0,1125.0,29,59,89,363,1.0,0.0,4.0,5.0,4.0,5.0,5.0,5.0,0.08
2024-09-25,city scrape,Cabina en el Centro a pasos de La Roma (Mixto),"A bed in a shared room with an excellent location in the heart of the cabbage. Rome two blocks away from Condesa, Insurgentes and Metrobus Sonora. We are surrounded by multiple points of interest, you can take the city tour, etc. If you are looking for location, good price and like to share common areas and meet new people; you are in the right place. We are a hostel and coliving where coexistence, respect and multiculturalism are WELCOME.",Información acerca del vecindario no proporcionada,Jessica,2021-04-26,2021-04-26,Información acerca del anfitrión del no proporcionada,within an hour,f,"['email', 'phone']",t,Cuauhtémoc,Shared room in hostel,Shared room,1 shared bath,"[""TV"", ""Wifi"", ""Fire extinguisher"", ""Kitchen"", ""First aid kit"", ""Dedicated workspace""]",2022-05-22,No disponible,t,617619845966389955,1.0,1.0,6.0,9.0,19.42613,-99.14969,1.0,1.0,1.0,1.0,174.0,1.0,1125.0,1.0,834.3,30,60,90,98,186.0,4.0,4.73,4.8,4.64,4.9,4.88,4.86,6.5
2024-09-26,previous scrape,Casa entre vegetación,Take a break and unwind at this peaceful oasis.,Información acerca del vecindario no proporcionada,Elan,2022-05-15,2022-05-15,Estudiante que le gusta hacer Música y trabajar de sol a sol.,within an hour,f,['phone'],f,Gustavo A. Madero,Shared room in guesthouse,Shared room,1.5 shared baths,"[""Freezer"", ""Dishes and silverware"", ""Ethernet connection"", ""Self check-in"", ""Pets allowed"", ""Mini fridge"", ""Free parking on premises"", ""Body soap"", ""Backyard"", ""Sound system"", ""Long term stays allowed"", ""First aid kit"", ""Essentials"", ""Shampoo"", ""Luggage dropoff allowed"", ""Bed linens"", ""Kitchen"", ""Record player"", ""Conditioner"", ""Wifi \u2013 27 Mbps"", ""Books and reading material"", ""Lockbox"", ""Stove"", ""Extra pillows and blankets"", ""Cleaning products"", ""Free street parking"", ""Exterior security cameras on property"", ""Dedicated workspace"", ""Cooking basics"", ""Piano"", ""Single level home""]",9999-01-01,No disponible,f,628488107279051865,1.0,1.0,2.0,2.0,19.4,-99.1412,3.0,1.5,1.6,2.0,300.0,1.0,13.0,1.0,13.0,0,0,0,0,0.0,0.0,4.8,4.9,4.8,4.8,4.8,4.7,1.7
2024-09-26,previous scrape,gay friendly bedroom  BELLAS ARTES cdmx,"Gay FRIENDLY<br />Located in a neighborhood of fun and LGBT attractions...in the heart of Mexico City a few streets from the Palace of Fine Arts,central,safe and touristy.<br />Vente !!! I share my space . We are a gay couple free of prejudice and very open mind, I can receive 1 or 2 guys who occupy the night or several days since I can share 1 double bed or 2 sofas to spend a very COZY NIGHT",Información acerca del vecindario no proporcionada,Roberto,2022-05-17,2022-05-17,Información acerca del anfitrión del no proporcionada,within an hour,f,"['email', 'phone']",f,Cuauhtémoc,Shared room in loft,Shared room,1.5 shared baths,"[""Extra pillows and blankets"", ""Body soap"", ""Iron"", ""Wifi"", ""Mini fridge"", ""Freezer"", ""Bathtub"", ""Bed linens"", ""Long term stays allowed"", ""Ethernet connection"", ""Essentials"", ""Shampoo"", ""Hot water"", ""Hair dryer"", ""Microwave""]",9999-01-01,No disponible,f,629222566775370727,1.0,1.0,1.0,1.0,19.437611,-99.138817,2.0,1.5,1.6,2.0,300.0,1.0,365.0,1.0,365.0,0,0,0,0,0.0,0.0,4.8,4.9,4.8,4.8,4.8,4.7,1.7
2024-09-26,city scrape,Casa Tradicional Mexicana - Cama Individual Tamayo,"Hostal Fungi Casa Rosa in La Condesa, Mexico City's trendiest colony near bars, restaurants, and museums.<br />The hostel is made up of shared, private, mixed rooms, and an exclusive room for girls.<br /><br />Fungi is a community of digital nomads so we have spaces for work as well as internet 100 MBPS<br /><br />This is the room ""Tamayo"", es shared,  with shared bathroom. You can review other rooms directly on my profile.<br /><br />You will love it here!","La Condesa is the trendiest colony in Mexico City.<br />The best restaurants, bars, people, museums, shops and parks are here. <br />This area has an Art-Deco architecture, as it was a racetrack of Spanish royalty during the 17th century.<br />Come and get to know all the history with our cultural and culinary tours.",Rebeca,2022-03-24,2022-03-24,"Amo tanto viajar que decidí dedicarme a la hospitalidad y hotelería. Soy una persona alegre, detallista y amante de la naturaleza y los animales. Ser host me llena de felicidad y me encanta conocer viajeros y oír sus aventuras por el mundo. 
Haré todo lo posible para que tu estancia conmigo sea maravillosa.",within an hour,f,"['email', 'phone']",t,Cuauhtémoc,Shared room in bed and breakfast,Shared room,2.5 shared baths,"[""Shared patio or balcony"", ""Iron"", ""Outdoor furniture"", ""Wifi"", ""Freezer"", ""Laundromat nearby"", ""Cleaning available during stay"", ""Refrigerator"", ""Dishes and silverware"", ""Self check-in"", ""Building staff"", ""Blender"", ""Portable fans"", ""Body soap"", ""Carbon monoxide alarm"", ""Coffee maker"", ""Backyard"", ""Sound system"", ""Breakfast"", ""First aid kit"", ""Toaster"", ""Essentials"", ""Shampoo"", ""Hot water"", ""Smoking allowed"", ""Dining table"", ""Luggage dropoff allowed"", ""Shared outdoor kitchen"", ""Coffee"", ""Bed linens"", ""Kitchen"", ""Conditioner"", ""Oven"", ""Outdoor dining area"", ""Books and reading material"", ""Smoke alarm"", ""Extra pillows and blankets"", ""Cleaning products"", ""Safe"", ""Indoor fireplace"", ""Fire extinguisher"", ""Clothing storage"", ""Room-darkening shades"", ""Free street parking"", ""Exterior security cameras on property"", ""Dedicated workspace"", ""Cooking basics"", ""Hair dryer"", ""Microwave""]",2022-07-31,No disponible,t,668781666106301839,1.0,0.99,17.0,17.0,19.41279,-99.17488,1.0,2.5,1.0,1.0,478.0,1.0,1125.0,1.0,114.3,25,49,79,343,9.0,2.0,4.78,4.78,4.78,4.78,4.89,4.67,0.34
2024-09-26,city scrape,Casa Tadicional Mexicana - Cama Individual Diego R,"Hostal Fungi Casa Rosa in La Condesa, Mexico City's trendiest colony near bars, restaurants, and museums.<br />The hostel is made up of shared, private, mixed rooms, and an exclusive room for girls.<br /><br />Fungi is a community of digital nomads so we have spaces for work as well as internet 100 MBPS<br /><br />This is the room ""Diego Rivera"", es shared,  with shared bathroom. You can review other rooms directly on my profile.<br /><br />You will love it here!","La Condesa is Mexico City's most Trendy colony.<br />The best restaurants, bars, people, museums, shops and parks are here.<br />This area has an Art-Deco architecture, as it was a Racecourse of the Condesa de Miravalle Come so you can get to know the whole story with our cultural and culinary tours.",Rebeca,2022-03-24,2022-03-24,"Amo tanto viajar que decidí dedicarme a la hospitalidad y hotelería. Soy una persona alegre, detallista y amante de la naturaleza y los animales. Ser host me llena de felicidad y me encanta conocer viajeros y oír sus aventuras por el mundo. 
Haré todo lo posible para que tu estancia conmigo sea maravillosa.",within an hour,f,"['email', 'phone']",t,Cuauhtémoc,Shared room in bed and breakfast,Shared room,2.5 shared baths,"[""Shared patio or balcony"", ""Iron"", ""Outdoor furniture"", ""Wifi"", ""Freezer"", ""Laundromat nearby"", ""Cleaning available during stay"", ""Refrigerator"", ""Dishes and silverware"", ""Self check-in"", ""Building staff"", ""Blender"", ""Portable fans"", ""Body soap"", ""Carbon monoxide alarm"", ""Coffee maker"", ""Backyard"", ""Sound system"", ""Breakfast"", ""First aid kit"", ""Essentials"", ""Shampoo"", ""Hot water"", ""Smoking allowed"", ""Dining table"", ""Luggage dropoff allowed"", ""Shared outdoor kitchen"", ""Coffee"", ""Bed linens"", ""Kitchen"", ""Oven"", ""Outdoor dining area"", ""Books and reading material"", ""Smoke alarm"", ""Extra pillows and blankets"", ""Cleaning products"", ""Indoor fireplace"", ""Fire extinguisher"", ""Clothing storage"", ""Room-darkening shades"", ""Free street parking"", ""Exterior security cameras on property"", ""Dedicated workspace"", ""Cooking basics"", ""Hair dryer"", ""Microwave""]",2023-08-09,No disponible,t,668806251748410047,1.0,0.99,17.0,17.0,19.41382,-99.17661,1.0,2.5,1.0,1.0,478.0,1.0,1125.0,1.0,144.0,23,42,72,334,4.0,0.0,5.0,4.75,4.75,4.75,4.75,4.75,0.29
2024-09-26,city scrape,Casa Tradicional Mexicana - Cama Individual Remedi,Descripción no proporcionada,"La Condesa is the trendiest colony in Mexico City.<br />The best restaurants, bars, people, museums, shops and parks are here. <br />This area has an Art-Deco architecture, as it was a racetrack of Spanish royalty during the 17th century.<br />Come and get to know all the history with our cultural and culinary tours.",Rebeca,2022-03-24,2022-03-24,"Amo tanto viajar que decidí dedicarme a la hospitalidad y hotelería. Soy una persona alegre, detallista y amante de la naturaleza y los animales. Ser host me llena de felicidad y me encanta conocer viajeros y oír sus aventuras por el mundo. 
Haré todo lo posible para que tu estancia conmigo sea maravillosa.",within an hour,f,"['email', 'phone']",t,Cuauhtémoc,Shared room in bed and breakfast,Shared room,2.5 shared baths,"[""Shared patio or balcony"", ""Iron"", ""Outdoor furniture"", ""Wifi"", ""Freezer"", ""Laundromat nearby"", ""Cleaning available during stay"", ""Refrigerator"", ""Dishes and silverware"", ""Self check-in"", ""Building staff"", ""Blender"", ""Portable fans"", ""Body soap"", ""Carbon monoxide alarm"", ""Coffee maker"", ""Backyard"", ""Breakfast"", ""First aid kit"", ""Toaster"", ""Essentials"", ""Shampoo"", ""Hot water"", ""Smoking allowed"", ""Dining table"", ""Luggage dropoff allowed"", ""Shared outdoor kitchen"", ""Coffee"", ""Bed linens"", ""Kitchen"", ""Oven"", ""Outdoor dining area"", ""Books and reading material"", ""Smoke alarm"", ""Stove"", ""Extra pillows and blankets"", ""Cleaning products"", ""Indoor fireplace"", ""Fire extinguisher"", ""Clothing storage"", ""Room-darkening shades"", ""Free street parking"", ""Exterior security cameras on property"", ""Dedicated workspace"", ""Cooking basics"", ""Hair dryer"", ""Microwave""]",2022-07-31,No disponible,t,668830534906134291,1.0,0.99,17.0,17.0,19.41244,-99.17523,1.0,2.5,1.0,1.0,478.0,1.0,1125.0,1.0,79.4,29,51,81,351,46.0,3.0,4.76,4.87,4.93,4.87,4.96,4.85,1.75
2024-09-26,city scrape,Casa Tradicional Mexicana -Cama individual p/mujer,"*ONLY FOR WOMEN*<br /><br />Hostal Fungi Casa Rosa in La Condesa, Mexico City's trendiest colony near bars, restaurants and museums.<br />The hostel is made up of shared, private, mixed rooms, and an exclusive room for girls.<br /><br />Fungi is a community of digital nomads so we have spaces for work as well as internet 100 MBPS<br /><br />This is the room ""Frida Kahlo"", es shared,  with shared bathroom. You can review other rooms on my profile.","La Condesa is the trendiest colony in Mexico City.<br />The best restaurants, bars, people, museums, shops and parks are here. <br />This area has an Art-Deco architecture, as it was a racetrack of Spanish royalty during the 17th century.<br />Come and get to know all the history with our cultural and culinary tours.",Rebeca,2022-03-24,2022-03-24,"Amo tanto viajar que decidí dedicarme a la hospitalidad y hotelería. Soy una persona alegre, detallista y amante de la naturaleza y los animales. Ser host me llena de felicidad y me encanta conocer viajeros y oír sus aventuras por el mundo. 
Haré todo lo posible para que tu estancia conmigo sea maravillosa.",within an hour,f,"['email', 'phone']",t,Cuauhtémoc,Shared room in bed and breakfast,Shared room,2.5 shared baths,"[""Shared patio or balcony"", ""Iron"", ""Outdoor furniture"", ""Wifi"", ""Freezer"", ""Laundromat nearby"", ""Cleaning available during stay"", ""Refrigerator"", ""Dishes and silverware"", ""Self check-in"", ""Building staff"", ""Blender"", ""Portable fans"", ""Body soap"", ""Carbon monoxide alarm"", ""Coffee maker"", ""Backyard"", ""Sound system"", ""Breakfast"", ""First aid kit"", ""Toaster"", ""Essentials"", ""Shampoo"", ""Hot water"", ""Smoking allowed"", ""Dining table"", ""Luggage dropoff allowed"", ""Shared outdoor kitchen"", ""Coffee"", ""Bed linens"", ""Kitchen"", ""Oven"", ""Outdoor dining area"", ""Books and reading material"", ""Smoke alarm"", ""Stove"", ""Extra pillows and blankets"", ""Cleaning products"", ""Safe"", ""Indoor fireplace"", ""Fire extinguisher"", ""Clothing storage"", ""Room-darkening shades"", ""Free street parking"", ""Exterior security cameras on property"", ""Dedicated workspace"", ""Cooking basics"", ""Hair dryer"", ""Microwave""]",2022-07-31,No disponible,t,666648798337918984,1.0,0.99,17.0,17.0,19.41318,-99.17714,1.0,2.5,1.0,1.0,478.0,1.0,1125.0,1.0,69.2,25,49,79,350,5.0,2.0,5.0,5.0,4.8,4.4,5.0,4.6,0.19
2024-09-26,city scrape,Casa Tradicional Mexicana - Cama Queen Tamayo,"Hostal Fungi Casa Rosa in La Condesa, Mexico City's trendiest colony near bars, restaurants, and museums.<br />The hostel is made up of shared, private, mixed rooms, and an exclusive room for girls.<br /><br />Fungi is a community of digital nomads so we have spaces for work as well as internet 100 MBPS<br /><br />This is the room ""Tamayo"", es shared,  with shared bathroom. You can review other rooms directly on my profile.<br /><br />You will love it here!","La Condesa is the trendiest colony in Mexico City.<br />The best restaurants, bars, people, museums, shops and parks are here. <br /><br />This area has an Art-Deco architecture, as it was a racetrack of Spanish royalty during the 17th century.<br />Come and get to know all the history with our cultural and culinary tours.",Rebeca,2022-03-24,2022-03-24,"Amo tanto viajar que decidí dedicarme a la hospitalidad y hotelería. Soy una persona alegre, detallista y amante de la naturaleza y los animales. Ser host me llena de felicidad y me encanta conocer viajeros y oír sus aventuras por el mundo. 
Haré todo lo posible para que tu estancia conmigo sea maravillosa.",within an hour,f,"['email', 'phone']",t,Cuauhtémoc,Shared room in bed and breakfast,Shared room,2.5 shared baths,"[""Shared patio or balcony"", ""Iron"", ""Outdoor furniture"", ""Wifi"", ""Freezer"", ""Laundromat nearby"", ""Cleaning available during stay"", ""Refrigerator"", ""Dishes and silverware"", ""Self check-in"", ""Building staff"", ""Blender"", ""Outdoor kitchen"", ""Portable fans"", ""Body soap"", ""Carbon monoxide alarm"", ""Coffee maker"", ""Sound system"", ""Breakfast"", ""First aid kit"", ""Toaster"", ""Essentials"", ""Shampoo"", ""Hot water"", ""Smoking allowed"", ""Dining table"", ""Luggage dropoff allowed"", ""Coffee"", ""Bed linens"", ""Board games"", ""Kitchen"", ""Shared backyard \u2013 Fully fenced"", ""Oven"", ""Books and reading material"", ""Smoke alarm"", ""Stove"", ""Extra pillows and blankets"", ""Cleaning products"", ""Safe"", ""Indoor fireplace"", ""Fire extinguisher"", ""Clothing storage"", ""Room-darkening shades"", ""Exterior security cameras on property"", ""Dedicated workspace"", ""Cooking basics"", ""Hair dryer"", ""Microwave""]",2022-07-31,No disponible,t,674112808583668105,1.0,0.99,17.0,17.0,19.41416,-99.17683,2.0,2.5,1.0,1.0,543.0,1.0,365.0,1.0,372.0,24,49,79,350,18.0,0.0,4.94,4.94,4.94,5.0,5.0,5.0,0.68
2024-09-26,city scrape,Casa Tradicional Mexicana -Cama queen solo mujeres,"*ONLY FOR WOMEN*<br /><br />Hostal Fungi Casa Rosa in La Condesa, Mexico City's trendiest colony near bars, restaurants and museums.<br />The hostel is made up of shared, private, mixed rooms, and an exclusive room for girls.<br /><br />Fungi is a community of digital nomads so we have spaces for work as well as internet 100 MBPS<br /><br />This is the room ""Frida Kahlo"", es shared,  with shared bathroom. You can review other rooms on my profile.","La Condesa is the trendiest colony in Mexico City.<br />The best restaurants, bars, people, museums, shops and parks are here. <br /><br />This area has an Art-Deco architecture, as it was a racetrack of Spanish royalty during the 17th century.<br />Come and get to know all the history with our cultural and culinary tours.",Rebeca,2022-03-24,2022-03-24,"Amo tanto viajar que decidí dedicarme a la hospitalidad y hotelería. Soy una persona alegre, detallista y amante de la naturaleza y los animales. Ser host me llena de felicidad y me encanta conocer viajeros y oír sus aventuras por el mundo. 
Haré todo lo posible para que tu estancia conmigo sea maravillosa.",within an hour,f,"['email', 'phone']",t,Cuauhtémoc,Shared room in bed and breakfast,Shared room,2.5 shared baths,"[""Shared patio or balcony"", ""Iron"", ""Outdoor furniture"", ""Wifi"", ""Freezer"", ""Laundromat nearby"", ""Cleaning available during stay"", ""Refrigerator"", ""Dishes and silverware"", ""Self check-in"", ""Building staff"", ""Blender"", ""Portable fans"", ""Body soap"", ""Carbon monoxide alarm"", ""Coffee maker"", ""Sound system"", ""Breakfast"", ""First aid kit"", ""Toaster"", ""Essentials"", ""Shampoo"", ""Smoking allowed"", ""Dining table"", ""Luggage dropoff allowed"", ""Shared outdoor kitchen"", ""Coffee"", ""Bed linens"", ""Board games"", ""Kitchen"", ""Shared backyard \u2013 Fully fenced"", ""Oven"", ""Outdoor dining area"", ""Books and reading material"", ""Smoke alarm"", ""Stove"", ""Extra pillows and blankets"", ""Cleaning products"", ""Safe"", ""Indoor fireplace"", ""Fire extinguisher"", ""Clothing storage"", ""Room-darkening shades"", ""Free street parking"", ""Exterior security cameras on property"", ""Dedicated workspace"", ""Cooking basics"", ""Hair dryer"", ""Microwave""]",2022-07-31,No disponible,t,674567375327824634,1.0,0.99,17.0,17.0,19.41419,-99.17703,2.0,2.5,1.0,1.0,543.0,1.0,365.0,1.0,372.0,24,47,76,344,5.0,1.0,4.4,4.4,4.6,4.8,5.0,4.6,0.19
2024-09-26,city scrape,Casa Tradicional Mexicana - Cama Queen Diego,"Hostal Fungi Casa Rosa in La Condesa, Mexico City's trendiest colony near bars, restaurants, and museums.<br />The hostel is made up of shared, private, mixed rooms, and an exclusive room for girls.<br /><br />Fungi is a community of digital nomads so we have spaces for work as well as internet 100 MBPS<br /><br />This is the room ""Diego Rivera"", es shared,  with shared bathroom. You can review other rooms directly on my profile.<br /><br />You will love it!","La Condesa is the trendiest colony in Mexico City.<br />The best restaurants, bars, people, museums, shops and parks are here. <br />This area has an Art-Deco architecture, as it was a racetrack of Spanish royalty during the 17th century.<br />Come and get to know all the history with our cultural and culinary tours.",Rebeca,2022-03-24,2022-03-24,"Amo tanto viajar que decidí dedicarme a la hospitalidad y hotelería. Soy una persona alegre, detallista y amante de la naturaleza y los animales. Ser host me llena de felicidad y me encanta conocer viajeros y oír sus aventuras por el mundo. 
Haré todo lo posible para que tu estancia conmigo sea maravillosa.",within an hour,f,"['email', 'phone']",t,Cuauhtémoc,Shared room in bed and breakfast,Shared room,2.5 shared baths,"[""Shared patio or balcony"", ""Iron"", ""Outdoor furniture"", ""Wifi"", ""Freezer"", ""Laundromat nearby"", ""Refrigerator"", ""Dishes and silverware"", ""Self check-in"", ""Building staff"", ""Blender"", ""Portable fans"", ""Body soap"", ""Carbon monoxide alarm"", ""Coffee maker"", ""Sound system"", ""First aid kit"", ""Toaster"", ""Essentials"", ""Shampoo"", ""Hot water"", ""Smoking allowed"", ""Dining table"", ""Luggage dropoff allowed"", ""Shared outdoor kitchen"", ""Coffee"", ""Bed linens"", ""Board games"", ""Kitchen"", ""Shared backyard \u2013 Fully fenced"", ""Oven"", ""Outdoor dining area"", ""Books and reading material"", ""Smoke alarm"", ""Stove"", ""Extra pillows and blankets"", ""Cleaning products"", ""Indoor fireplace"", ""Fire extinguisher"", ""Clothing storage"", ""Room-darkening shades"", ""Free street parking"", ""Exterior security cameras on property"", ""Dedicated workspace"", ""Cooking basics"", ""Hair dryer"", ""Microwave""]",2022-07-31,No disponible,t,674671336871209253,1.0,0.99,17.0,17.0,19.41404,-99.17647,2.0,2.5,1.0,1.0,543.0,1.0,365.0,1.0,372.0,21,42,66,326,12.0,0.0,4.92,4.92,4.92,4.83,4.83,4.83,0.46
2024-09-26,city scrape,Casa Tradicional Mexicana - Cama Queen Remedios 2,"Hostal Fungi Casa Rosa in La Condesa, Mexico City's trendiest colony near bars, restaurants, and museums.<br />The hostel is made up of shared, private, mixed rooms, and an exclusive room for girls.<br /><br />Fungi is a community of digital nomads so we have spaces for work as well as internet 100 MBPS<br /><br />This is the room ""Remedios Varo"", es shared,  with shared bathroom. You can review other rooms in my profile.<br /><br />You will love it here!","La Condesa is the trendiest colony in Mexico City.<br />The best restaurants, bars, people, museums, shops and parks are here. <br />This area has an Art-Deco architecture, as it was a racetrack of Spanish royalty during the 17th century.<br />Come and get to know all the history with our cultural and culinary tours.",Rebeca,2022-03-24,2022-03-24,"Amo tanto viajar que decidí dedicarme a la hospitalidad y hotelería. Soy una persona alegre, detallista y amante de la naturaleza y los animales. Ser host me llena de felicidad y me encanta conocer viajeros y oír sus aventuras por el mundo. 
Haré todo lo posible para que tu estancia conmigo sea maravillosa.",within an hour,f,"['email', 'phone']",t,Cuauhtémoc,Shared room in bed and breakfast,Shared room,2.5 shared baths,"[""Shared patio or balcony"", ""Iron"", ""Outdoor furniture"", ""Wifi"", ""Freezer"", ""Laundromat nearby"", ""Cleaning available during stay"", ""Refrigerator"", ""Dishes and silverware"", ""Self check-in"", ""Building staff"", ""Blender"", ""Portable fans"", ""Body soap"", ""Carbon monoxide alarm"", ""Coffee maker"", ""Sound system"", ""Breakfast"", ""First aid kit"", ""Toaster"", ""Essentials"", ""Shampoo"", ""Hot water"", ""Smoking allowed"", ""Dining table"", ""Luggage dropoff allowed"", ""Shared outdoor kitchen"", ""Coffee"", ""Bed linens"", ""Board games"", ""Kitchen"", ""Shared backyard \u2013 Fully fenced"", ""Oven"", ""Outdoor dining area"", ""BBQ grill"", ""Books and reading material"", ""Smoke alarm"", ""Stove"", ""Extra pillows and blankets"", ""Cleaning products"", ""Indoor fireplace"", ""Fire extinguisher"", ""Clothing storage"", ""Room-darkening shades"", ""Free street parking"", ""Exterior security cameras on property"", ""Dedicated workspace"", ""Cooking basics"", ""Hair dryer"", ""Microwave""]",2022-07-31,No disponible,t,674702262997120323,1.0,0.99,17.0,17.0,19.41391,-99.17524,2.0,2.5,1.0,1.0,543.0,1.0,365.0,1.0,372.0,27,51,75,327,18.0,0.0,4.89,4.94,5.0,4.83,5.0,4.94,0.68
2024-09-26,city scrape,Casa Tradicional Mexicana - Cama Queen Remedios 1,"Hostal Fungi Casa Rosa in La Condesa, Mexico City's trendiest colony near bars, restaurants, and museums.<br />The hostel is made up of shared, private, mixed rooms, and an exclusive room for girls.<br /><br />Fungi is a community of digital nomads so we have spaces for work as well as internet 100 MBPS<br /><br />This is the room ""Remedios Varo"", es shared,  with shared bathroom. You can review other rooms in my profile.<br /><br />You will love it here!","La Condesa is the trendiest colony in Mexico City.<br />The best restaurants, bars, people, museums, shops and parks are here. <br />This area has an Art-Deco architecture, as it was a racetrack of Spanish royalty during the 17th century.<br />Come and get to know all the history with our cultural and culinary tours.",Rebeca,2022-03-24,2022-03-24,"Amo tanto viajar que decidí dedicarme a la hospitalidad y hotelería. Soy una persona alegre, detallista y amante de la naturaleza y los animales. Ser host me llena de felicidad y me encanta conocer viajeros y oír sus aventuras por el mundo. 
Haré todo lo posible para que tu estancia conmigo sea maravillosa.",within an hour,f,"['email', 'phone']",t,Cuauhtémoc,Shared room in bed and breakfast,Shared room,2.5 shared baths,"[""Shared patio or balcony"", ""Iron"", ""Outdoor furniture"", ""Wifi"", ""Freezer"", ""Laundromat nearby"", ""Cleaning available during stay"", ""Refrigerator"", ""Dishes and silverware"", ""Self check-in"", ""Shared BBQ grill: charcoal"", ""Building staff"", ""Blender"", ""Portable fans"", ""Body soap"", ""Carbon monoxide alarm"", ""Coffee maker"", ""Sound system"", ""Breakfast"", ""First aid kit"", ""Toaster"", ""Essentials"", ""Shampoo"", ""Hot water"", ""Smoking allowed"", ""Dining table"", ""Barbecue utensils"", ""Indoor fireplace: wood-burning"", ""Paid street parking off premises"", ""Luggage dropoff allowed"", ""Shared outdoor kitchen"", ""Coffee"", ""Bed linens"", ""Board games"", ""Kitchen"", ""Shared backyard \u2013 Fully fenced"", ""Oven"", ""Outdoor dining area"", ""Books and reading material"", ""Smoke alarm"", ""Stove"", ""Extra pillows and blankets"", ""Cleaning products"", ""Fire extinguisher"", ""Clothing storage"", ""Room-darkening shades"", ""Free street parking"", ""Exterior security cameras on property"", ""Dedicated workspace"", ""Cooking basics"", ""Hair dryer"", ""Microwave""]",2022-07-31,No disponible,t,674705738675367273,1.0,0.99,17.0,17.0,19.41439,-99.17549,2.0,2.5,1.0,1.0,543.0,1.0,365.0,1.0,372.0,28,55,85,356,36.0,0.0,4.94,4.92,4.89,4.97,4.94,4.92,1.37
2024-09-26,city scrape,"Hostal CDMX Milán, terraza, cafe","Welcome to the Milan room, we are located in the heart of the Colonia Juárez just a few streets from Zona Rosa and Reforma. Enjoy all the tourist places that the CDMX has for you, our hostel is very central so you will have no problem with public transport, we are 2 streets away from Av. Insurgentes at the height of the Hamburgús metrobus. <br /><br />15 minutes from the Angel of Independence and the American Embassy. <br />Wax museum<br />Beautiful Arts<br />Chocolate Museum","Our hostel is very close to:<br />Wax Museum 7min<br />Ripley 7min Stunning Things<br />Museum Kahlo Cold House 54min<br />National Museum of Anthropology 23min<br />Chapultepec Zoo 31min<br />Soumaya Art Museum 45min<br />Six Flags Mexico 1hr 13 min<br /><br />Our hostel is very close to: <br />Wax Museum 7min <br />Ripley's Museum of Amazing Things. 7min <br />Fria Kahlo House, 54min <br />Museum of Anthropology and History 23min <br />Chapultepec Zoo 31min <br />Soumaya Museum 45min <br />Six Flags, Mexico 1hr",Israel,2018-12-17,2018-12-17,Información acerca del anfitrión del no proporcionada,within an hour,f,"['email', 'phone']",t,Cuauhtémoc,Shared room in home,Shared room,2 shared baths,"[""Shared patio or balcony"", ""Outdoor furniture"", ""Wifi"", ""Cleaning available during stay"", ""Laundromat nearby"", ""Self check-in"", ""Coffee maker"", ""Hot water kettle"", ""Long term stays allowed"", ""Cleanerquim proteina de arroz body soap"", ""First aid kit"", ""Essentials"", ""Shampoo"", ""Hot water"", ""Shower gel"", ""Paid street parking off premises"", ""Luggage dropoff allowed"", ""Coffee"", ""90 inch HDTV"", ""Bed linens"", ""Outdoor dining area"", ""Window guards"", ""Cleaning products"", ""Fire extinguisher"", ""Room-darkening shades"", ""Exterior security cameras on property"", ""Dedicated workspace"", ""Lockbox""]",2022-08-28,No disponible,t,683977976537760688,0.93,0.99,4.0,5.0,19.42417,-99.16057,10.0,2.0,1.0,1.8,300.0,1.0,1125.0,1.0,1125.0,30,60,86,360,45.0,3.0,4.64,4.71,4.69,4.8,4.87,4.62,1.77
2024-09-26,city scrape,Cuarto Compartido  en  Sultepec Condesa,Shared hostel-style room in the heart of the Condesa.<br /><br />2. 5 Bathrooms <br />Kitchen <br />Wifi<br />Towels <br />Cobijas <br />Hot water <br /><br />Come and enjoy the best area in Mexico City and get to know the city and people from all over.,Información acerca del vecindario no proporcionada,Andrea,2017-09-14,2017-09-14,"Anfitriona en Airnbn desde hace 6 años , encantada de recibir huéspedes a mi casa o mis espacios. Dedicada en brindarles toda la ayuda que esté en mis manos para hacer su viaje lo más agradable posible ",within an hour,f,"['email', 'phone']",t,Cuauhtémoc,Shared room in home,Shared room,2.5 shared baths,"[""Shared patio or balcony"", ""Iron"", ""Outdoor furniture"", ""Wifi"", ""Freezer"", ""Laundromat nearby"", ""Cleaning available during stay"", ""Refrigerator"", ""Dishes and silverware"", ""Self check-in"", ""Shared backyard"", ""Body soap"", ""Coffee maker"", ""Long term stays allowed"", ""Essentials"", ""Shampoo"", ""Hot water"", ""Smoking allowed"", ""Dining table"", ""Shower gel"", ""Paid street parking off premises"", ""Coffee"", ""Bed linens"", ""Kitchen"", ""Conditioner"", ""Oven"", ""Outdoor dining area"", ""Drying rack for clothing"", ""Stove"", ""Extra pillows and blankets"", ""Cleaning products"", ""Trash compactor"", ""Exterior security cameras on property"", ""Dedicated workspace"", ""Cooking basics"", ""Lockbox"", ""Single level home"", ""Hair dryer""]",2022-08-26,No disponible,f,699563799689960895,0.9,0.98,76.0,82.0,19.40549,-99.17547,4.0,2.5,1.0,1.0,146.0,1.0,365.0,1.0,1125.0,29,59,89,363,38.0,4.0,4.47,4.53,4.53,4.5,4.79,4.58,1.49
2024-09-25,city scrape,Cuarto Compartido en  Sultepec-Condesa B&B,">Host type shared room<br />> Triple bunk bed, 500mbps wifi<br />>The house has 2.5 bathrooms, which are shared<br />>The common areas are shared with other rooms, which are the kitchen, balcony, patio and rooftop<br />>The kitchen is equipped with everything you need to prepare and store food<br />> Shared house with several people in Colonia Condesa on Sultepec Street<br />>Not recommended for people sensitive to noise as there are several guests",Información acerca del vecindario no proporcionada,Andrea,2017-09-14,2017-09-14,"Anfitriona en Airnbn desde hace 6 años , encantada de recibir huéspedes a mi casa o mis espacios. Dedicada en brindarles toda la ayuda que esté en mis manos para hacer su viaje lo más agradable posible ",within an hour,f,"['email', 'phone']",t,Miguel Hidalgo,Shared room in home,Shared room,2.5 shared baths,"[""Iron"", ""Cleaning products"", ""Coffee maker"", ""Wifi"", ""Backyard"", ""Patio or balcony"", ""Bed linens"", ""Kitchen"", ""Long term stays allowed"", ""Dishes and silverware"", ""Self check-in"", ""Essentials"", ""Oven"", ""Outdoor dining area"", ""Dedicated workspace"", ""Cooking basics"", ""Lockbox"", ""Hair dryer""]",2022-09-29,No disponible,t,700248078969161144,0.9,0.98,76.0,82.0,19.40401,-99.17576,3.0,2.5,1.0,1.0,163.0,1.0,365.0,1.0,1125.0,30,60,90,365,25.0,0.0,4.36,4.36,4.32,4.52,4.84,4.48,1.03
2024-09-25,city scrape,Barrio Downtown Mexico City / Bed Only,"Our location in the heart of the city, ""El Centro"", makes everyone staying with us feel part of our culture from the first moment.<br /><br />-Estadio GNP Seguros (Foro Sol), Autódromo Hnos. Rodríguez, Palacio de los Deportes (7.7 km)<br />-AICM 20 - 30 min - taxi (8.3 km)<br />-Torre Caballito (Av. P. Reforma)<br />-Teatro Metropólitan<br />-Haires Palace<br />-Zócalo CDMX<br /><br />We hope you have all the experiences we have ready for you!",Información acerca del vecindario no proporcionada,Barrio,2022-08-23,2022-08-23,Información acerca del anfitrión del no proporcionada,within an hour,t,['phone'],t,Cuauhtémoc,Shared room in hostel,Shared room,1 shared bath,"[""Shared patio or balcony"", ""Wifi"", ""Exterior security cameras on property"", ""Dishes and silverware"", ""Self check-in"", ""Building staff"", ""Backyard"", ""Long term stays allowed"", ""First aid kit"", ""Essentials"", ""Hot water"", ""Luggage dropoff allowed"", ""Bed linens"", ""Smoke alarm"", ""Safe"", ""Fire extinguisher"", ""Paid parking lot off premises"", ""Elevator"", ""Dedicated workspace"", ""Ping pong table"", ""Hair dryer"", ""Microwave""]",2023-06-30,No disponible,f,707125343745485899,0.99,1.0,11.0,13.0,19.4306364,-99.1386755,1.0,1.0,1.0,1.0,280.0,1.0,365.0,1.0,1125.0,20,50,80,119,35.0,4.0,4.8,4.91,4.83,4.77,4.77,4.91,2.31
2024-09-25,city scrape,Breakfast Included / Barrio Downtown Mexico City,"Our location in the heart of the city, ""El Centro"", makes everyone staying with us feel part of our culture from the first moment.<br />Breakfast courtesy, Wi-Fi.<br /><br />-Estadio GNP Seguros (Foro Sol), Autódromo Hnos. Rodríguez, Palacio de los Deportes (7.7 km)<br />-AICM 20 - 30 min - taxi (8.3 km)<br />-Torre Caballito (Av. P. Reforma)<br />-Teatro Metropólitan<br />-Haires Palace<br />-Zócalo CDMX<br /><br />We hope you have all the experiences we have ready for you!",Información acerca del vecindario no proporcionada,Barrio,2022-08-23,2022-08-23,Información acerca del anfitrión del no proporcionada,within an hour,t,['phone'],t,Cuauhtémoc,Shared room in hostel,Shared room,1 shared bath,"[""Shared patio or balcony"", ""Wifi"", ""Exterior security cameras on property"", ""Dishes and silverware"", ""Self check-in"", ""Building staff"", ""Backyard"", ""Breakfast"", ""Long term stays allowed"", ""First aid kit"", ""Essentials"", ""Hot water"", ""Luggage dropoff allowed"", ""Bed linens"", ""Smoke alarm"", ""Safe"", ""Fire extinguisher"", ""Paid parking lot off premises"", ""Elevator"", ""Dedicated workspace"", ""Ping pong table"", ""Hair dryer"", ""Microwave""]",2023-01-27,No disponible,f,707185749111131795,0.99,1.0,11.0,13.0,19.4306364,-99.1386755,1.0,1.0,1.0,1.0,362.0,1.0,365.0,1.0,1125.0,25,47,77,116,34.0,1.0,4.94,4.97,4.94,4.97,4.88,5.0,1.68
2024-09-25,city scrape,Breakfast Included / Barrio Downtown Mexico City,"Our location in the heart of the city, ""El Centro"", makes everyone staying with us feel part of our culture from the first moment.<br />Breakfast courtesy, Wi-Fi.<br /><br />-Estadio GNP Seguros (Foro Sol), Autódromo Hnos. Rodríguez, Palacio de los Deportes (7.7 km)<br />-AICM 20 - 30 min - taxi (8.3 km)<br />-Torre Caballito (Av. P. Reforma)<br />-Teatro Metropólitan<br />-Haires Palace<br />-Zócalo CDMX<br /><br />We hope you have all the experiences we have ready for you!",Información acerca del vecindario no proporcionada,Barrio,2022-08-23,2022-08-23,Información acerca del anfitrión del no proporcionada,within an hour,t,['phone'],t,Cuauhtémoc,Shared room in hostel,Shared room,1 shared bath,"[""Shared patio or balcony"", ""Wifi"", ""Exterior security cameras on property"", ""Dishes and silverware"", ""Self check-in"", ""Building staff"", ""Backyard"", ""Breakfast"", ""Long term stays allowed"", ""First aid kit"", ""Essentials"", ""Hot water"", ""Luggage dropoff allowed"", ""Bed linens"", ""Smoke alarm"", ""Safe"", ""Fire extinguisher"", ""Paid parking lot off premises"", ""Elevator"", ""Dedicated workspace"", ""Ping pong table"", ""Hair dryer"", ""Microwave""]",2023-01-26,No disponible,f,714405811844467437,0.99,1.0,11.0,13.0,19.4306364,-99.1386755,1.0,1.0,1.0,1.0,362.0,1.0,365.0,1.0,1125.0,15,42,71,110,103.0,6.0,4.93,4.94,4.91,4.89,4.91,4.97,5.07
2024-09-25,city scrape,Breakfast Included / Barrio Downtown Mexico City,"Our location in the heart of the city, ""El Centro"", makes everyone staying with us feel part of our culture from the first moment.<br />Breakfast courtesy, Wi-Fi.<br /><br />-Estadio GNP Seguros (Foro Sol), Autódromo Hnos. Rodríguez, Palacio de los Deportes (7.7 km)<br />-AICM 20 - 30 min - taxi (8.3 km)<br />-Torre Caballito (Av. P. Reforma)<br />-Teatro Metropólitan<br />-Haires Palace<br />-Zócalo CDMX<br /><br />We hope you have all the experiences we have ready for you!",Información acerca del vecindario no proporcionada,Barrio,2022-08-23,2022-08-23,Información acerca del anfitrión del no proporcionada,within an hour,t,['phone'],t,Cuauhtémoc,Shared room in hostel,Shared room,1 shared bath,"[""Shared patio or balcony"", ""Wifi"", ""Exterior security cameras on property"", ""Dishes and silverware"", ""Self check-in"", ""Building staff"", ""Backyard"", ""Breakfast"", ""Long term stays allowed"", ""First aid kit"", ""Essentials"", ""Hot water"", ""Luggage dropoff allowed"", ""Bed linens"", ""Smoke alarm"", ""Safe"", ""Fire extinguisher"", ""Paid parking lot off premises"", ""Elevator"", ""Dedicated workspace"", ""Ping pong table"", ""Hair dryer"", ""Microwave""]",2022-10-31,No disponible,f,715177685756689984,0.99,1.0,11.0,13.0,19.4306364,-99.1386755,1.0,1.0,1.0,1.0,362.0,1.0,365.0,1.0,1125.0,29,58,88,127,111.0,2.0,4.86,4.9,4.87,4.84,4.85,4.91,4.78
2024-09-25,city scrape,Breakfast Included / Barrio Downtown Mexico City,"Our location in the heart of the city, ""El Centro"", makes everyone staying with us feel part of our culture from the first moment.<br />Breakfast courtesy, Wi-Fi.<br /><br />-Estadio GNP Seguros (Foro Sol), Autódromo Hnos. Rodríguez, Palacio de los Deportes (7.7 km)<br />-AICM 20 - 30 min - taxi (8.3 km)<br />-Torre Caballito (Av. P. Reforma)<br />-Teatro Metropólitan<br />-Haires Palace<br />-Zócalo CDMX<br /><br />We hope you have all the experiences we have ready for you!",Información acerca del vecindario no proporcionada,Barrio,2022-08-23,2022-08-23,Información acerca del anfitrión del no proporcionada,within an hour,t,['phone'],t,Cuauhtémoc,Shared room in hostel,Shared room,1 shared bath,"[""Shared patio or balcony"", ""Wifi"", ""Exterior security cameras on property"", ""Dishes and silverware"", ""Self check-in"", ""Building staff"", ""Backyard"", ""Breakfast"", ""Long term stays allowed"", ""First aid kit"", ""Essentials"", ""Hot water"", ""Luggage dropoff allowed"", ""Bed linens"", ""Smoke alarm"", ""Safe"", ""Fire extinguisher"", ""Paid parking lot off premises"", ""Elevator"", ""Dedicated workspace"", ""Ping pong table"", ""Hair dryer"", ""Microwave""]",2022-10-02,No disponible,f,720264963924094516,0.99,1.0,11.0,13.0,19.4306364,-99.1386755,1.0,1.0,1.0,1.0,362.0,1.0,365.0,1.0,1125.0,29,59,89,128,80.0,0.0,4.84,4.89,4.89,4.88,4.88,4.88,3.31
2024-09-25,city scrape,Habitación Compartida para Estudiantes IPN,"House with a student atmosphere. We are 4 blocks from the IPN, we have 3 malls nearby, hospitals, banks and Metro Lindavista just around the corner. IPN students and medical residents of nearby hospitals are usually hosted.<br />There are 2 kitchens that are shared, a very spacious terrace and 6 bathrooms.<br />You can try a month and if you like, you can renew.",Información acerca del vecindario no proporcionada,Luis,2018-08-04,2018-08-04,"Hello my friends, my house is very big and interesting, I always have guests from different parts of the world and therefore there is a very broad cultural exchange. The location is excellent because the Airport is 15 minutes from here and the downtown too. The Metrobus is around the corner, is very cheap to travel on it.",a few days or more,f,"['email', 'phone']",t,Gustavo A. Madero,Shared room in casa particular,Shared room,5 shared baths,"[""Shared patio or balcony"", ""Washer"", ""TV"", ""Wifi"", ""Fire extinguisher"", ""Kitchen"", ""Hammock"", ""Long term stays allowed"", ""Exercise equipment"", ""Smoking allowed"", ""Ping pong table"", ""BBQ grill: charcoal""]",2023-11-02,No disponible,f,731116141082174447,1.0,0.3,116.0,124.0,19.48784,-99.13681,1.0,1.4,1.0,1.0,171.0,28.0,365.0,28.0,365.0,1,1,1,236,2.0,0.0,5.0,4.5,5.0,5.0,5.0,5.0,0.18
2024-09-26,city scrape,Magnificent space of the U.S. Embassy in Reforma,"Welcome to a gem in the heart of Mexico City, located in the prestigious Cuauhtémoc neighborhood!<br /><br />As a certified Airbnb host with the prestigious ""Superhost"" status, my commitment to excellence in hospitality is evident in every corner of this property.","Fall in love with its modern and eclectic architecture. You'll find everything here, from shopping malls, big corporations, and the capital's most iconic monuments to businesses that have passed for generations. Undoubtedly, the heart of all of Mexico is in Reforma.",Javier,2020-10-28,2020-10-28,"Gracias a mi enfoque disciplinado, profesionalismo y dedicación.

Soy un trabajador confiable y persistente, comprometido con proporcionar un servicio de calidad.

Mi naturaleza ambiciosa me impulsa a alcanzar altos estándares, y mi capacidad para la organización y la eficiencia me destaca en roles que requieren atención al detalle.",within an hour,t,"['email', 'phone', 'work_email']",t,Cuauhtémoc,Shared room in serviced apartment,Shared room,1 shared bath,"[""Iron"", ""Outdoor furniture"", ""Elevator"", ""Courtyard view"", ""Freezer"", ""Laundromat nearby"", ""Mabe stainless steel gas stove"", ""Cleaning available during stay"", ""Refrigerator"", ""Dishes and silverware"", ""Ethernet connection"", ""Self check-in"", ""Blender"", ""Hangers"", ""Fast wifi \u2013 347 Mbps"", ""Body soap"", ""Carbon monoxide alarm"", ""Herbal Essences B\u00edorenew Repair Argan Oil Of Morocco Shampoo shampoo"", ""Hot water kettle"", ""Long term stays allowed"", ""Keypad"", ""First aid kit"", ""Essentials"", ""Hot water"", ""Dining table"", ""Shower gel"", ""Paid street parking off premises"", ""Luggage dropoff allowed"", ""Pocket wifi"", ""Coffee"", ""Patio or balcony"", ""Free dryer \u2013 In unit"", ""Bed linens"", ""Kitchen"", ""Outdoor dining area"", ""Books and reading material"", ""Smoke alarm"", ""Extra pillows and blankets"", ""Cleaning products"", ""Safe"", ""Fire extinguisher"", ""Herbal Essences B\u00edorenew Repair Argan Oil Of Morocco acondicionador conditioner"", ""Microwave"", ""Dedicated workspace"", ""Cooking basics"", ""Free washer \u2013 In unit"", ""Hair dryer""]",2022-10-28,No disponible,f,744039736570387282,1.0,1.0,4.0,5.0,19.4308397911347,-99.17053130409128,1.0,1.0,1.0,1.0,363.0,1.0,30.0,1.0,1125.0,18,44,74,164,72.0,2.0,4.94,4.89,4.94,4.94,4.97,4.96,3.09
2024-09-25,city scrape,"Cuarto amplio, seguro y excelente ubicación","Peaceful and harmonious place with great tranquility to eat, relax, sleep  and enjoy a good stay. Magnificent location 10 minutes from the Airport, 15 from Foro Sol & Palacio de los sports and 25 to Zócalo, metro station 8 minutes walk.<br />This room can be shared from 2 to 5 people, it has 2 queen size beds and one twin.<br />There is a living room, dining room, kitchen, 2 full bathrooms, patio-garden with barbecue, ping pong table, and a fixed bicycle.",Información acerca del vecindario no proporcionada,Erick,2018-12-12,2018-12-12,Información acerca del anfitrión del no proporcionada,within an hour,t,"['email', 'phone']",t,Venustiano Carranza,Shared room in home,Shared room,2 shared baths,"[""Iron"", ""Wifi"", ""Freezer"", ""Laundromat nearby"", ""Refrigerator"", ""Dishes and silverware"", ""Exercise equipment"", ""Blender"", ""Hangers"", ""Long term stays allowed"", ""Essentials"", ""Shampoo"", ""Hot water"", ""Dining table"", ""Luggage dropoff allowed"", ""Ping pong table"", ""TV with standard cable"", ""Kitchen"", ""BBQ grill"", ""Outdoor dining area"", ""Stove"", ""Cleaning products"", ""Free street parking"", ""Microwave"", ""Dedicated workspace"", ""Cooking basics"", ""Hair dryer""]",2023-04-28,No disponible,f,747508740240585687,1.0,1.0,3.0,4.0,19.43058,-99.10013,1.0,2.0,1.0,2.0,700.0,1.0,365.0,1.0,365.0,30,60,90,365,3.0,0.0,5.0,5.0,5.0,5.0,5.0,5.0,0.17
2024-09-26,city scrape,Casa Mexicana -Habitación Semi-Privada María Felix,"Hostal Fungi Casa Rosa in La Condesa, Mexico City's trendiest colony near bars, restaurants, and museums.<br />The hostel is made up of shared, private, mixed rooms, and an exclusive room for girls.<br /><br />Fungi is a community of digital nomads so we have spaces for work as well as internet 100 MBPS<br /><br />This is the room ""María Félix"", es private, with shared bathroom. You can review other rooms directly on my profile.<br /><br />You will love it here!","La Condesa is Mexico City's most Trendy colony.<br />The best restaurants, bars, people, museums, shops and parks are here.<br />This area has an Art-Deco architecture, as it was a racecourse in the Condesa de Miravalle <br />Come so you can get to know the whole story with our cultural and culinary tours.",Rebeca,2022-03-24,2022-03-24,"Amo tanto viajar que decidí dedicarme a la hospitalidad y hotelería. Soy una persona alegre, detallista y amante de la naturaleza y los animales. Ser host me llena de felicidad y me encanta conocer viajeros y oír sus aventuras por el mundo. 
Haré todo lo posible para que tu estancia conmigo sea maravillosa.",within an hour,f,"['email', 'phone']",t,Cuauhtémoc,Shared room in bed and breakfast,Shared room,2.5 shared baths,"[""Shared patio or balcony"", ""Iron"", ""Outdoor furniture"", ""Wifi"", ""Freezer"", ""Laundromat nearby"", ""Cleaning available during stay"", ""Refrigerator"", ""Dishes and silverware"", ""Self check-in"", ""Building staff"", ""Blender"", ""Outdoor kitchen"", ""Portable fans"", ""Body soap"", ""Carbon monoxide alarm"", ""Coffee maker"", ""Backyard"", ""Breakfast"", ""First aid kit"", ""Toaster"", ""Essentials"", ""Shampoo"", ""Hot water"", ""Smoking allowed"", ""Luggage dropoff allowed"", ""Coffee"", ""Bed linens"", ""Kitchen"", ""Oven"", ""Outdoor dining area"", ""BBQ grill"", ""Books and reading material"", ""Smoke alarm"", ""Stove"", ""Cleaning products"", ""Indoor fireplace"", ""Fire extinguisher"", ""Clothing storage"", ""Room-darkening shades"", ""Free street parking"", ""Exterior security cameras on property"", ""Dedicated workspace"", ""Cooking basics"", ""Hair dryer"", ""Microwave""]",2023-11-06,No disponible,t,751525079295958929,1.0,0.99,17.0,17.0,19.41256,-99.17656,3.0,2.5,1.0,2.0,1291.0,1.0,365.0,1.0,372.0,29,54,84,346,3.0,1.0,4.33,4.67,4.67,5.0,4.67,4.67,0.28
2024-09-25,city scrape,Comfortable Sofa in new apartment in Polanco,"Relax in this quiet and stylish space.<br /><br />Polanco considered is the most exclusive and best located area in Mexico. The best brands, restaurants and main avenues will keep you connected<br /><br />-To access the building: by calling the host, confirming your access with the police, identifying you<br /><br />-Confirm check in time  <br /><br />-You will sleep in a new comfortable sofa with cotton sheets and access to the terrace<br /><br />-In: 15   <br /><br />-Out: 11 am  <br /><br />No smoking  <br /><br />No parties  <br /><br />Visitors are not permitted.",Información acerca del vecindario no proporcionada,Ignacio,2017-02-02,2017-02-02,Información acerca del anfitrión del no proporcionada,within a few hours,f,"['email', 'phone', 'work_email']",t,Miguel Hidalgo,Shared room in rental unit,Shared room,1 shared bath,"[""Washer"", ""TV"", ""Wifi"", ""Kitchen"", ""Outdoor dining area"", ""Exercise equipment"", ""Exterior security cameras on property"", ""Dedicated workspace""]",9999-01-01,No disponible,t,754033074463749899,0.75,0.67,9.0,12.0,19.4369996,-99.1848654,1.0,1.0,1.0,1.0,814.0,1.0,14.0,1.0,14.0,30,60,90,365,0.0,0.0,4.8,4.9,4.8,4.8,4.8,4.7,1.7
2024-09-25,city scrape,Polanco Sofa Cama Sumamente Cómodo,"Relax in this quiet and stylish space.<br /><br />Polanco considered is the most exclusive and best located area in Mexico. The best brands, restaurants and main avenues will keep you connected<br />-To access the building: by calling the host, confirming your access with the police, identifying you  <br /><br />-Confirm the time of arrival   -You will sleep in a new comfortable sofa with cotton sheets and access to the terrace  <br /><br />-In: 15   <br /><br />-Out: 11 am   <br /><br />No smoking  <br />No parties   <br />Visitors are not permitted.",Información acerca del vecindario no proporcionada,Ignacio,2017-02-02,2017-02-02,Información acerca del anfitrión del no proporcionada,within a few hours,f,"['email', 'phone', 'work_email']",t,Miguel Hidalgo,Shared room in rental unit,Shared room,1 shared bath,"[""Washer"", ""TV"", ""Wifi"", ""Kitchen"", ""Outdoor dining area"", ""Exercise equipment"", ""Exterior security cameras on property"", ""Dedicated workspace""]",2022-11-21,No disponible,t,754048436827898208,0.75,0.67,9.0,12.0,19.4369996,-99.1848654,1.0,1.0,1.0,1.0,750.0,1.0,365.0,1.0,365.0,30,60,90,365,1.0,0.0,4.8,4.8,4.8,5.0,5.0,4.8,0.04
2024-09-26,city scrape,"Roma North 49, the ideal place for young travelers","Roma Norte 49 is the ideal spot for young travelers who seek a comfortable and affordable place where they can find everything they search for, cozy rooms, a calm place to work, a terrace to relax and have fun, a restaurant with the tastiest dishes.<br /><br />This hostel is surrounded by amazing places such as restaurants, parks, cafeterias and all sorts of stores.",Información acerca del vecindario no proporcionada,Elizabeth,2022-11-10,2022-11-10,Información acerca del anfitrión del no proporcionada,within an hour,f,"['email', 'phone']",t,Cuauhtémoc,Shared room in hostel,Shared room,1 shared bath,"[""Wifi"", ""Fire extinguisher"", ""Kitchen"", ""Dishes and silverware"", ""Dedicated workspace""]",9999-01-01,No disponible,f,757171842112747314,1.0,0.9,1.0,1.0,19.42237067853564,-99.15681639629516,1.0,1.0,1.0,1.0,928.0,1.0,30.0,1.0,30.0,30,60,90,365,0.0,0.0,4.8,4.9,4.8,4.8,4.8,4.7,1.7
2024-09-25,city scrape,Recámara cómoda y céntrica.,"A bedroom with a single bathroom in a family home, in the most central and safe place of Mexico City.",Información acerca del vecindario no proporcionada,Germán,2022-10-04,2022-10-04,Información acerca del anfitrión del no proporcionada,within an hour,f,"['email', 'phone']",t,Benito Juárez,Shared room in home,Shared room,1 shared bath,"[""Iron"", ""Washer"", ""Wifi"", ""Fire pit"", ""Freezer"", ""Laundromat nearby"", ""Coffee maker: drip coffee maker"", ""Dishes and silverware"", ""Samsung sound system"", ""LG stove"", ""Blender"", ""Hangers"", ""Body soap"", ""Long term stays allowed"", ""Toaster"", ""Essentials"", ""Hot water"", ""Dining table"", ""Clothing storage: closet"", ""Luggage dropoff allowed"", ""Coffee"", ""Bed linens"", ""Kitchen"", ""Rice maker"", ""Books and reading material"", ""Drying rack for clothing"", ""Extra pillows and blankets"", ""Cleaning products"", ""Indoor fireplace"", ""Wine glasses"", ""Private backyard"", ""Free street parking"", ""Microwave"", ""Dedicated workspace"", ""Cooking basics""]",2023-10-29,No disponible,f,776075946444911048,1.0,0.5,1.0,1.0,19.38698,-99.17239,1.0,1.0,1.0,1.0,904.0,1.0,365.0,1.0,365.0,30,60,90,365,1.0,0.0,4.8,4.8,4.8,4.9,4.9,4.8,0.09
2024-09-25,city scrape,Cama en el centro histórico de la CDMX 1 Oaxaca,"Hostel immersed in the historic center of the CDMX. This place has a magnificent location just 10 minutes walk from the capital's Zócalo, very well located with easy access to the city's main public transport routes such as metro and metrobus.","Located on a pedestrian street, full of places to eat or have a drink, very close to the main roads of the historic center.",Rodrigo,2022-08-29,2022-08-29,Información acerca del anfitrión del no proporcionada,within an hour,f,"['email', 'phone']",t,Cuauhtémoc,Shared room in home,Shared room,2 shared baths,"[""Shared patio or balcony"", ""Body soap"", ""Cleaning products"", ""TV"", ""Wifi"", ""Backyard"", ""Luggage dropoff allowed"", ""Coffee"", ""Coffee maker: drip coffee maker"", ""Paid parking lot off premises"", ""Bed linens"", ""Long term stays allowed"", ""First aid kit"", ""Essentials"", ""Gen\u00e9rico shampoo"", ""Hot water"", ""Smoking allowed""]",2023-02-27,No disponible,t,777009415519607501,1.0,1.0,13.0,13.0,19.4289648,-99.1270891,1.0,2.0,1.0,1.0,450.0,1.0,15.0,1.0,1125.0,22,33,63,332,16.0,0.0,4.75,4.75,4.88,4.75,4.69,4.88,0.83
2024-09-26,city scrape,lovely room centric located,Enjoy easy access to everything from this perfectly located home base. A few blocks away from the Angel of independence and Roma Norte- Condesa.<br />Close from the public transportation,Información acerca del vecindario no proporcionada,Marco Antonio,2022-08-04,2022-08-04,Mujer trans -Trans Woman,within an hour,f,"['email', 'phone']",t,Cuauhtémoc,Shared room in rental unit,Shared room,1 shared bath,"[""Smoking allowed"", ""Wifi"", ""Kitchen""]",2024-09-21,No disponible,f,781989115572179511,1.0,1.0,1.0,2.0,19.4227516,-99.1654123,2.0,1.0,1.6,1.0,428.0,1.0,365.0,1.0,365.0,27,57,87,362,1.0,1.0,5.0,5.0,5.0,5.0,5.0,5.0,1.0
2024-09-25,city scrape,Cama en el centro histórico de la CDMX 2 Oaxaca,"Hostel immersed in the historic center of the CDMX. This place has a magnificent location just 10 minutes walk from the capital's Zócalo, very well located with easy access to the city's main public transport routes such as metro and metrobus.","Located on a pedestrian street, full of places to eat or have a drink, very close to the main roads of the historic center.",Rodrigo,2022-08-29,2022-08-29,Información acerca del anfitrión del no proporcionada,within an hour,f,"['email', 'phone']",t,Cuauhtémoc,Shared room in home,Shared room,2 shared baths,"[""Shared patio or balcony"", ""Wifi"", ""Body soap"", ""Coffee maker"", ""Long term stays allowed"", ""First aid kit"", ""Essentials"", ""Shampoo"", ""Hot water"", ""Luggage dropoff allowed"", ""Coffee"", ""41 inch HDTV"", ""Bed linens"", ""Extra pillows and blankets"", ""Cleaning products"", ""Private backyard"", ""Dedicated workspace"", ""Smoking allowed"", ""Paid parking off premises""]",2023-01-16,No disponible,t,782132148105318394,1.0,1.0,13.0,13.0,19.4289648,-99.1270891,1.0,2.0,1.0,1.0,450.0,1.0,15.0,1.0,1125.0,22,33,63,332,10.0,0.0,4.9,4.9,5.0,4.9,4.1,5.0,0.48
2024-09-25,city scrape,Cama en el centro histórico de la CDMX 3 Oaxaca,"Hostel immersed in the historic center of Mexico City. This place has a magnificent location just 10 minutes walk from the capital's Zócalo, very well located with easy access to the main public transport routes of the city such as metro and metrobus.","Located on a pedestrian street, full of places to eat or have a drink, very close to the main roads of the historic center.",Rodrigo,2022-08-29,2022-08-29,Información acerca del anfitrión del no proporcionada,within an hour,f,"['email', 'phone']",t,Cuauhtémoc,Shared room in home,Shared room,2 shared baths,"[""Shared patio or balcony"", ""Body soap"", ""Cleaning products"", ""Coffee maker"", ""Luggage dropoff allowed"", ""Coffee"", ""Bed linens"", ""Long term stays allowed"", ""First aid kit"", ""Private backyard"", ""Essentials"", ""21 inch HDTV"", ""Shampoo"", ""Hot water"", ""Dedicated workspace"", ""Smoking allowed"", ""Paid parking off premises""]",2023-01-22,No disponible,t,782810280661080126,1.0,1.0,13.0,13.0,19.4289648,-99.1270891,1.0,2.0,1.0,1.0,450.0,1.0,15.0,1.0,1125.0,22,33,63,332,5.0,0.0,5.0,5.0,5.0,4.8,4.8,5.0,0.24
2024-09-25,city scrape,Cama en el centro histórico de la CDMX 2 Veracruz,"Spend amazing days in Mexico at this house immersed in the historic center of Mexico City. This place has a magnificent location just 10 minutes walk from the capital's Zócalo, very well located and with easy access to Uber, Metro, Metrobus and all the means of transport of the CDMX.","Located on a pedestrian street, full of places to eat or have a drink, very close to the Zócalo and many tourist spots in the area.",Rodrigo,2022-08-29,2022-08-29,Información acerca del anfitrión del no proporcionada,within an hour,f,"['email', 'phone']",t,Cuauhtémoc,Shared room in home,Shared room,2.5 shared baths,"[""Outdoor furniture"", ""Wifi"", ""Private patio or balcony"", ""Freezer"", ""Laundromat nearby"", ""Cleaning available during stay"", ""Coffee maker: drip coffee maker"", ""Body soap"", ""Long term stays allowed"", ""First aid kit"", ""Essentials"", ""Shampoo"", ""Hot water"", ""Luggage dropoff allowed"", ""Coffee"", ""Bed linens"", ""Kitchen"", ""LG refrigerator"", ""Extra pillows and blankets"", ""Window guards"", ""Cleaning products"", ""Safe"", ""42 inch HDTV with standard cable"", ""Clothing storage"", ""Paid parking lot off premises"", ""Room-darkening shades"", ""Otro induction stove"", ""Private backyard"", ""Microwave"", ""Dedicated workspace"", ""Smoking allowed""]",2023-01-15,No disponible,t,800739355278996725,1.0,1.0,13.0,13.0,19.42827,-99.12731,1.0,2.5,1.0,1.0,450.0,1.0,15.0,1.0,1125.0,22,33,63,332,7.0,0.0,4.57,4.71,5.0,5.0,4.9,4.86,0.34
2024-09-25,city scrape,Cama en el centro histórico de la CDMX 1 Veracruz,Relax with the whole family in this place where the tranquility is breathed.,Información acerca del vecindario no proporcionada,Rodrigo,2022-08-29,2022-08-29,Información acerca del anfitrión del no proporcionada,within an hour,f,"['email', 'phone']",t,Cuauhtémoc,Shared room in home,Shared room,2 shared baths,"[""Shared patio or balcony"", ""Wifi"", ""Freezer"", ""Cleaning available during stay"", ""Coffee maker: drip coffee maker"", ""Dishes and silverware"", ""Body soap"", ""Long term stays allowed"", ""First aid kit"", ""Essentials"", ""Shampoo"", ""Hot water"", ""Smoking allowed"", ""Luggage dropoff allowed"", ""Coffee"", ""41 inch HDTV"", ""Bed linens"", ""Kitchen"", ""Window guards"", ""Cleaning products"", ""Clothing storage"", ""Otro induction stove"", ""Private backyard"", ""Microwave"", ""Dedicated workspace"", ""Cooking basics"", ""Paid parking off premises""]",2023-01-14,No disponible,t,801495301100783776,1.0,1.0,13.0,13.0,19.42814109778468,-99.12642074147796,1.0,2.0,1.0,1.0,450.0,1.0,15.0,1.0,1125.0,22,33,63,332,19.0,0.0,4.84,4.89,5.0,4.89,4.63,4.79,0.92
2024-09-25,city scrape,Cama en el centro histórico de la CDMX 5 Oaxaca,"Hostel immersed in the historic center of the CDMX. This place has a magnificent location just 10 minutes walk from the capital's Zócalo, very well located with easy access to the city's main public transport routes such as metro and metrobus.","Located on a pedestrian street, full of places to eat or have a drink, very close to the main roads of the historic center.",Rodrigo,2022-08-29,2022-08-29,Información acerca del anfitrión del no proporcionada,within an hour,f,"['email', 'phone']",t,Cuauhtémoc,Shared room in home,Shared room,2 shared baths,"[""Wifi"", ""Private patio or balcony"", ""Refrigerator"", ""Dishes and silverware"", ""Body soap"", ""Coffee maker"", ""Backyard"", ""Long term stays allowed"", ""First aid kit"", ""Essentials"", ""Shampoo"", ""Hot water"", ""Luggage dropoff allowed"", ""Coffee"", ""41 inch HDTV"", ""Bed linens"", ""Cleaning products"", ""Dedicated workspace"", ""Smoking allowed"", ""Paid parking off premises""]",2023-02-10,No disponible,t,805881472234487325,1.0,1.0,13.0,13.0,19.42813629783521,-99.12816043803818,1.0,2.0,1.0,1.0,450.0,1.0,15.0,1.0,1125.0,22,33,63,332,2.0,0.0,5.0,5.0,5.0,5.0,5.0,5.0,0.1
2024-09-25,city scrape,Cama en el centro histórico de la CDMX 6 Oaxaca,"Hostel immersed in the historic center of the CDMX. This place has a magnificent location just 10 minutes walk from the capital's Zócalo, very well located with easy access to the city's main public transport routes such as metro and metrobus.","Located on a pedestrian street, full of places to eat or have a drink, very close to the main roads of the historic center.",Rodrigo,2022-08-29,2022-08-29,Información acerca del anfitrión del no proporcionada,within an hour,f,"['email', 'phone']",t,Cuauhtémoc,Shared room in home,Shared room,2 shared baths,"[""Shared patio or balcony"", ""Wifi"", ""Refrigerator"", ""Dishes and silverware"", ""Body soap"", ""Coffee maker"", ""Long term stays allowed"", ""First aid kit"", ""Essentials"", ""Shampoo"", ""Hot water"", ""Luggage dropoff allowed"", ""Coffee"", ""41 inch HDTV"", ""Bed linens"", ""Kitchen"", ""Extra pillows and blankets"", ""Cleaning products"", ""Clothing storage"", ""Private backyard"", ""Dedicated workspace"", ""Smoking allowed"", ""Paid parking off premises""]",2023-01-28,No disponible,t,805902200659139546,1.0,1.0,13.0,13.0,19.42942,-99.12659,1.0,2.0,1.0,1.0,450.0,1.0,15.0,1.0,1125.0,22,33,63,332,10.0,0.0,4.9,4.9,4.9,4.9,4.4,4.8,0.49
2024-09-25,city scrape,"<Disponible ""espacio pequeño para descansar",Enjoy the simplicity of this quiet and central place to stay.,Información acerca del vecindario no proporcionada,Liliana,2023-01-19,2023-01-19,Información acerca del anfitrión del no proporcionada,within an hour,f,"['email', 'phone']",t,Cuauhtémoc,Shared room in rental unit,Shared room,1 shared bath,"[""Wifi"", ""Room-darkening shades"", ""Kitchen"", ""Refrigerator"", ""Dishes and silverware""]",2024-09-18,No disponible,f,808178967429975932,1.0,0.89,2.0,3.0,19.4434538,-99.1636501,1.0,1.0,1.0,1.0,350.0,2.0,1125.0,2.0,1125.0,29,59,89,364,1.0,1.0,5.0,5.0,5.0,5.0,5.0,5.0,1.0
2024-09-25,city scrape,"H02 habitación privada, a 8 minutos del aeropuerto","Create unforgettable memories at this unique and family home.<br />Very close to the airport of Terminal 1 and Terminal 2, 15 minutes from the historic center, 10 minutes from the Foro Sol, Sports Palace, Rodríguez Brothers Auditorium. <br />We are in a very quiet and safe area, we have all kinds of super close shops, food, drink, pharmacies, shopping centers, parks among many others.<br />We're guaranteed a great experience!",Información acerca del vecindario no proporcionada,Guillermina,2023-02-02,2023-02-02,Información acerca del anfitrión del no proporcionada,within a few hours,f,"['email', 'phone']",t,Venustiano Carranza,Shared room in home,Shared room,1.5 shared baths,"[""Wifi"", ""Pocket wifi"", ""Bed linens"", ""Free street parking"", ""Pets allowed"", ""Exterior security cameras on property""]",2023-03-12,No disponible,f,818131148977173860,1.0,0.43,5.0,6.0,19.42994,-99.09627,4.0,1.5,1.0,2.0,1000.0,1.0,365.0,1.0,365.0,21,51,81,356,6.0,0.0,4.5,4.33,4.5,4.33,4.5,4.2,0.32
2024-09-26,city scrape,Habitación Hostal Compartido amatlan condesa,Mixed hostel-type shared room in La Condesa one street from Tamaulipas.<br /><br />The room has 9 beds and is a house that has private and shared rooms in one of the best areas of Mexico City.<br />2.5 baths<br />WIFI<br />Hot water<br />Towels<br />Blankets,Información acerca del vecindario no proporcionada,Andrea,2017-09-14,2017-09-14,"Anfitriona en Airnbn desde hace 6 años , encantada de recibir huéspedes a mi casa o mis espacios. Dedicada en brindarles toda la ayuda que esté en mis manos para hacer su viaje lo más agradable posible ",within an hour,f,"['email', 'phone']",t,Cuauhtémoc,Shared room in home,Shared room,2.5 shared baths,"[""Iron"", ""Wifi"", ""Freezer"", ""Laundromat nearby"", ""Cleaning available during stay"", ""Gas stove"", ""Coffee maker: drip coffee maker"", ""Dishes and silverware"", ""Self check-in"", ""Blender"", ""Hangers"", ""Body soap"", ""Long term stays allowed"", ""First aid kit"", ""Essentials"", ""Hot water"", ""Dining table"", ""Coffee"", ""Bed linens"", ""Kitchen"", ""Outdoor dining area"", ""Books and reading material"", ""Drying rack for clothing"", ""Extra pillows and blankets"", ""Cleaning products"", ""Clothing storage"", ""Room-darkening shades"", ""Cooking basics"", ""Lockbox"", ""Hair dryer""]",2023-02-17,No disponible,t,823966034103686485,0.9,0.98,76.0,82.0,19.41352902715815,-99.17561628719902,5.0,2.5,1.0,1.0,163.0,1.0,365.0,1.0,1125.0,30,60,90,179,35.0,0.0,4.09,4.11,4.03,4.4,4.63,4.29,1.79
2024-09-25,city scrape,pequeño espacio para descansar,Enjoy the simplicity of this quiet and central accommodation.<br />it is a small private room <br />shared bathroom and kitchen,Información acerca del vecindario no proporcionada,Liliana,2023-01-19,2023-01-19,Información acerca del anfitrión del no proporcionada,within an hour,f,"['email', 'phone']",t,Cuauhtémoc,Shared room in rental unit,Shared room,1 shared bath,"[""Wifi"", ""Kitchen"", ""Refrigerator"", ""Dishes and silverware"", ""Essentials"", ""Hot water"", ""Cooking basics""]",2023-02-24,No disponible,f,822752500997390385,1.0,0.89,2.0,3.0,19.444550564460663,-99.16308038014688,1.0,1.0,1.0,1.0,399.0,1.0,365.0,1.0,365.0,29,59,89,364,6.0,0.0,4.17,4.5,4.5,4.83,4.67,4.33,0.31
2024-09-25,city scrape,Cama en el centro histórico de la CDMX 4 Oaxaca,"Bedroom in the historic center of Mexico City. This place has a magnificent location just a 10-minute walk from the capital's Zócalo, very well located with easy access to the city's main public transport routes such as metro and metrobus",Información acerca del vecindario no proporcionada,Rodrigo,2022-08-29,2022-08-29,Información acerca del anfitrión del no proporcionada,within an hour,f,"['email', 'phone']",t,Cuauhtémoc,Shared room in home,Shared room,2 shared baths,"[""Body soap"", ""Cleaning products"", ""Coffee maker"", ""Wifi"", ""Backyard"", ""Luggage dropoff allowed"", ""Coffee"", ""Patio or balcony"", ""41 inch HDTV"", ""Bed linens"", ""Long term stays allowed"", ""First aid kit"", ""Essentials"", ""Shampoo"", ""Hot water"", ""Smoking allowed"", ""Paid parking off premises""]",2023-02-25,No disponible,t,823209360980585828,1.0,1.0,13.0,13.0,19.42813,-99.12644,1.0,2.0,1.0,1.0,450.0,1.0,15.0,1.0,1125.0,22,33,63,332,5.0,0.0,5.0,5.0,5.0,5.0,5.0,5.0,0.26
2024-09-26,previous scrape,Recámara en departamento,"A beautiful, cozy apartment, in an excellent area, very close to Parque México",Información acerca del vecindario no proporcionada,Cósima,2018-08-07,2018-08-07,Información acerca del anfitrión del no proporcionada,within an hour,f,"['email', 'phone']",t,Cuauhtémoc,Shared room in rental unit,Shared room,1 shared bath,"[""Fire extinguisher"", ""Wifi"", ""Kitchen""]",9999-01-01,No disponible,f,826107324223698461,1.0,1.0,2.0,2.0,19.40420423919253,-99.16224981078416,3.0,1.5,1.6,2.0,300.0,1.0,365.0,1.0,365.0,0,0,0,0,0.0,0.0,4.8,4.9,4.8,4.8,4.8,4.7,1.7
2024-09-25,city scrape,Habitación Compartida Cerca De IPN Zacatenco,"Shared room for students near National Polytechnic Institute and Metro Lindavista. <br />Student atmosphere, 2 kitchens, 6 bathrooms and a nice terrace.<br />If you like the place you can renew month.",Información acerca del vecindario no proporcionada,Luis,2018-08-04,2018-08-04,"Hello my friends, my house is very big and interesting, I always have guests from different parts of the world and therefore there is a very broad cultural exchange. The location is excellent because the Airport is 15 minutes from here and the downtown too. The Metrobus is around the corner, is very cheap to travel on it.",a few days or more,f,"['email', 'phone']",t,Gustavo A. Madero,Shared room in guesthouse,Shared room,5 shared baths,"[""Shared patio or balcony"", ""Washer"", ""TV"", ""Wifi"", ""Fire extinguisher"", ""Kitchen"", ""Hammock"", ""First aid kit"", ""Long term stays allowed"", ""Exercise equipment"", ""Dedicated workspace"", ""Ping pong table"", ""BBQ grill: charcoal""]",2024-03-16,No disponible,f,823803935143268318,1.0,0.3,116.0,124.0,19.48786496801848,-99.13687899368,1.0,1.4,1.0,1.0,175.0,28.0,365.0,28.0,365.0,10,40,70,345,1.0,0.0,5.0,5.0,5.0,5.0,5.0,5.0,0.15
2024-09-25,city scrape,Dormitorio compartido mixto de 6 camas,"We specialize in making your rest full, whether it's for a day or a few days.<br />You can choose a shared or private bedroom; also enjoy the 4 places to taste food.<br />Some reservations include breakfast","Located two blocks from Zócalo de la CDMX. In its surroundings there are museums, entertainment centers, department stores, transportation means such as the metro.",De Los Reyes Hostal,2023-03-06,2023-03-06,Información acerca del anfitrión del no proporcionada,within a few hours,f,"['email', 'phone']",t,Cuauhtémoc,Shared room in hostel,Shared room,2 shared baths,"[""TV"", ""Wifi"", ""Fire extinguisher"", ""Long term stays allowed"", ""First aid kit"", ""Dishes and silverware"", ""Essentials"", ""Exterior security cameras on property""]",2023-03-19,No disponible,t,841477499830862793,0.8,1.0,3.0,4.0,19.42974099303099,-99.13259058465574,6.0,2.0,1.0,6.0,400.0,1.0,1125.0,1.0,1104.4,6,6,6,8,4.0,0.0,4.75,4.5,4.5,5.0,5.0,4.75,0.22
2024-09-25,city scrape,Cama en el centro histórico de CDMX 3 Veracruz,Enjoy the simplicity of this quiet and central accommodation.,Información acerca del vecindario no proporcionada,Rodrigo,2022-08-29,2022-08-29,Información acerca del anfitrión del no proporcionada,within an hour,f,"['email', 'phone']",t,Cuauhtémoc,Shared room in home,Shared room,2 shared baths,"[""Wifi"", ""Freezer"", ""Cleaning available during stay"", ""Dishes and silverware"", ""Body soap"", ""Coffee maker"", ""Backyard"", ""Long term stays allowed"", ""First aid kit"", ""Essentials"", ""Shampoo"", ""Hot water"", ""Smoking allowed"", ""Luggage dropoff allowed"", ""TV"", ""Coffee"", ""Patio or balcony"", ""Bed linens"", ""Kitchen"", ""LG refrigerator"", ""Window guards"", ""Cleaning products"", ""Safe"", ""Clothing storage"", ""Otro induction stove"", ""Exterior security cameras on property"", ""Dedicated workspace"", ""Cooking basics"", ""Paid parking off premises""]",2023-03-19,No disponible,t,845810769434337346,1.0,1.0,13.0,13.0,19.42849192937823,-99.12620267101504,1.0,2.0,1.0,1.0,450.0,1.0,15.0,1.0,1125.0,22,33,63,332,1.0,0.0,5.0,5.0,5.0,5.0,4.9,5.0,0.05
2024-09-25,city scrape,Roomies UNAM,"Family-friendly, we support each other, sometimes we do activities to have fun, play a video game among the most things.",Información acerca del vecindario no proporcionada,Gera,2017-03-16,2017-03-16,"Estatura media, color de piel claro, joven, ojos cafés, delgado.",a few days or more,f,"['email', 'phone']",t,Coyoacán,Shared room in rental unit,Shared room,1 shared bath,"[""Washer"", ""TV"", ""Wifi"", ""Fire extinguisher"", ""Paid parking on premises"", ""Kitchen"", ""First aid kit"", ""Exterior security cameras on property"", ""Dedicated workspace"", ""Smoke alarm""]",9999-01-01,No disponible,f,847284366694948562,1.0,0.9,1.0,1.0,19.3334378,-99.1544806,3.0,1.0,1.0,4.0,370.0,1.0,365.0,1.0,365.0,29,59,89,364,0.0,0.0,4.8,4.9,4.8,4.8,4.8,4.7,1.7
2024-09-25,city scrape,IOW4 MED Yoga 1,"IOW4© CONCEPT TO SHARE TRIPS IN LUXURY AREAS IN COLIVING. ONLY FOR TRAVELERS WITH BROAD CRITERIA AND EXPERIENCED IN THE ECONOMY AND TRIPS AND WONDERFUL DESTINATIONS; DARING AND SOPHISTICATED, WHO LIKE TO EXTEND THE FUN FOR MORE DAYS AT THE BEST PRICE<br /><br />IMPORTANT <br />SINGLE BUNK BED IN THE ROOM, WITHOUT PRIVATE OR EXCLUSIVE AREAS<br /><br />ANGELES  LIVES HERE IS A REIKI THERAPIST, BIOMAGNETISM. THERAPIES ON STAY C DOLL<br /><br />IN EVERY SPACE #IOW4 YOUR HOME AND<br />IN EVERY HOME A SPACE #IOW4",Información acerca del vecindario no proporcionada,Ma. De Los Angeles,2018-11-06,2018-11-06,Soy facilitadora de Bioenergética y Terapias de Biomagnetismo,within an hour,f,['phone'],t,Cuauhtémoc,Shared room in rental unit,Shared room,1 shared bath,"[""Backyard"", ""Wifi"", ""Patio or balcony"", ""Kitchen"", ""Refrigerator"", ""Dishes and silverware"", ""Self check-in"", ""Lockbox""]",2023-04-20,No disponible,t,862410120295798438,1.0,1.0,10.0,12.0,19.4045182,-99.1626752,1.0,1.0,1.0,2.0,89.0,1.0,180.0,1.0,1125.0,30,60,90,365,10.0,0.0,4.1,4.4,4.4,4.5,4.5,4.4,0.57
2024-09-25,city scrape,IOW4 MED Yoga 2,"IOW4© CONCEPT TO SHARE TRIPS IN LUXURY AREAS IN COLIVING. ONLY FOR TRAVELERS WITH BROAD CRITERIA AND EXPERIENCED IN THE ECONOMY AND TRIPS AND WONDERFUL DESTINATIONS; DARING AND SOPHISTICATED, WHO LIKE TO EXTEND THE FUN FOR MORE DAYS AT THE BEST PRICE<br /><br />IMPORTANT <br />SINGLE BUNK BED IN THE ROOM, WITHOUT PRIVATE OR EXCLUSIVE AREAS<br /><br />ANGELES IS A REIKI THERAPIST, BIOMAGNETISM. FROM THERAPY ON THE STAY WITH A DOLL. <br /><br /><br />IN EVERY SPACE #IOW4 YOUR HOME AND<br />IN EVERY HOME A SPACE #IOW4",Información acerca del vecindario no proporcionada,Ma. De Los Angeles,2018-11-06,2018-11-06,Soy facilitadora de Bioenergética y Terapias de Biomagnetismo,within an hour,f,['phone'],t,Cuauhtémoc,Shared room in rental unit,Shared room,1 shared bath,"[""Self check-in"", ""Lockbox"", ""Wifi"", ""Kitchen""]",2023-04-26,No disponible,t,862580750695024868,1.0,1.0,10.0,12.0,19.4045182,-99.1626752,1.0,1.0,1.0,2.0,89.0,1.0,180.0,1.0,1125.0,20,50,80,355,4.0,0.0,3.75,4.8,4.0,4.9,4.9,4.0,0.23
2024-09-25,city scrape,Breakfast Included / Barrio Downtown Mexico City,"Our location in the heart of the city, ""El Centro"", makes everyone staying with us feel part of our culture from the first moment.<br />Breakfast courtesy, Wi-Fi.<br /><br />-Estadio GNP Seguros (Foro Sol), Autódromo Hnos. Rodríguez, Palacio de los Deportes (7.7 km)<br />-AICM 20 - 30 min - taxi (8.3 km)<br />-Torre Caballito (Av. P. Reforma)<br />-Teatro Metropólitan<br />-Haires Palace<br />-Zócalo CDMX<br /><br />We hope you have all the experiences we have ready for you!",Información acerca del vecindario no proporcionada,Barrio,2022-08-23,2022-08-23,Información acerca del anfitrión del no proporcionada,within an hour,t,['phone'],t,Cuauhtémoc,Shared room in hostel,Shared room,1 shared bath,"[""Shared patio or balcony"", ""Wifi"", ""Exterior security cameras on property"", ""Dishes and silverware"", ""Self check-in"", ""Building staff"", ""Backyard"", ""Breakfast"", ""Long term stays allowed"", ""First aid kit"", ""Essentials"", ""Hot water"", ""Luggage dropoff allowed"", ""Bed linens"", ""Smoke alarm"", ""Safe"", ""Hair dryer"", ""Fire extinguisher"", ""Elevator"", ""Dedicated workspace"", ""Ping pong table"", ""Paid parking off premises"", ""Microwave""]",2023-04-23,No disponible,t,868912136914204649,0.99,1.0,11.0,13.0,19.4306364,-99.1386755,1.0,1.0,1.0,1.0,362.0,1.0,1125.0,1.0,1125.0,12,33,63,102,139.0,0.9,4.84,4.92,4.88,4.85,4.94,4.89,1.6
2024-09-25,city scrape,rentó habitación cama escritorio,"Relax in this quiet and stylish space. <br />a gentleman's apartment. It has a kitchen, dining room, bathroom. It has all the amenities, including water, electricity, and internet.<br />the bedroom has a bunk bed. The bed upstairs is unoccupied, shared room, we are at your service 10 minutes by metro, you have transportation leaving🏠.",Información acerca del vecindario no proporcionada,Samuel,2023-03-04,2023-03-04,Información acerca del anfitrión del no proporcionada,within an hour,f,['phone'],t,Iztacalco,Shared room in rental unit,Shared room,1 shared bath,"[""Wifi"", ""Outdoor shower"", ""Kitchen"", ""Outdoor dining area"", ""Exterior security cameras on property""]",9999-01-01,No disponible,f,889188177751342666,1.0,1.0,1.0,2.0,19.42087,-99.2,2.0,1.0,1.0,1.0,395.0,1.0,365.0,1.0,365.0,30,60,90,365,0.0,0.0,4.8,4.9,4.8,4.8,4.8,4.7,1.7
2024-09-26,city scrape,"Habitación en departamento amueblado, compartido.","Water, electricity, gas and internet services. Amueblado (the only thing that the apartment does not have are closets, TV and parking box) parking at no cost on the street.<br />The apartment has a very good view from both bedrooms and living room as well as good light entrance, it is not cold, it has screens on all the windows. We have cameras in common areas and security personnel. Market across the street. All kinds of businesses, amenities and transportation very close.","It is a quiet neighborhood. I have lived here more than four years, I have left early in the morning and have never had a problem.<br />There are many things and places to visit for all tastes and budgets, everything is close and more cycling I leave 🚲🙂😃 you a little of my favorite places in my guidebook.",Arturo,2023-06-12,2023-06-12,Soy una persona muy atenta y ordenada.,within an hour,f,['phone'],t,Cuauhtémoc,Shared room in condo,Shared room,1 shared bath,"[""Wifi"", ""Freezer"", ""Laundromat nearby"", ""Host greets you"", ""Bikes"", ""Refrigerator"", ""Mosquito net"", ""Ethernet connection"", ""Dishes and silverware"", ""Exercise equipment"", ""Blender"", ""Portable fans"", ""Hangers"", ""Long term stays allowed"", ""First aid kit"", ""Essentials"", ""Hot water"", ""Dining table"", ""Paid parking lot on premises"", ""Outdoor playground"", ""Paid street parking off premises"", ""Luggage dropoff allowed"", ""Coffee"", ""Free dryer \u2013 In unit"", ""Bed linens"", ""Kitchen"", ""Oven"", ""Books and reading material"", ""Drying rack for clothing"", ""Stove"", ""Cleaning products"", ""Clothing storage"", ""Room-darkening shades"", ""Wine glasses"", ""Bread maker"", ""Free street parking"", ""Microwave"", ""Dedicated workspace"", ""Cooking basics"", ""Free washer \u2013 In unit"", ""Hair dryer""]",2023-08-02,No disponible,f,912310606088359476,1.0,1.0,1.0,1.0,19.44645,-99.14241,2.0,1.0,2.0,2.0,416.0,3.0,730.0,3.0,1125.0,1,1,1,1,1.0,0.0,5.0,5.0,5.0,5.0,5.0,5.0,0.07
2024-09-26,city scrape,Recamara compartida,"We are three blocks away from the Walk of the Reform and the Angel of Independence. You can be very close to the pink area, Colonia Condesa and Colonia Roma.",Información acerca del vecindario no proporcionada,Diego Armando,2023-05-04,2023-05-04,Información acerca del anfitrión del no proporcionada,within a day,f,['phone'],t,Cuauhtémoc,Shared room in home,Shared room,1 shared bath,"[""Wifi"", ""Kitchen""]",2023-07-05,No disponible,t,919811802412031367,0.61,0.84,10.0,10.0,19.4318098,-99.1676561,1.0,1.0,1.0,1.0,299.0,1.0,365.0,1.0,365.0,30,60,90,365,19.0,0.0,4.79,4.74,4.68,4.58,4.95,4.79,1.27
2024-09-26,city scrape,Recámara compartida,"Enjoy the simplicity of this quiet, central home. We are a few blocks from the Angel, pink area and Chapultepec Castle, you can walk to Roma-Condesa",Información acerca del vecindario no proporcionada,Diego Armando,2023-05-04,2023-05-04,Información acerca del anfitrión del no proporcionada,within a day,f,['phone'],t,Cuauhtémoc,Shared room in home,Shared room,1 shared bath,"[""Wifi"", ""Kitchen""]",2023-10-03,No disponible,t,920892554336148940,0.61,0.84,10.0,10.0,19.43144,-99.16696,1.0,1.0,1.0,1.0,300.0,1.0,365.0,1.0,365.0,30,60,90,365,1.0,0.0,5.0,5.0,5.0,5.0,5.0,5.0,0.08
2024-09-26,city scrape,U-Co Roma Nomad Community - Shared Room,Your family will be close to everything when you stay at this centrally-located place.,Información acerca del vecindario no proporcionada,Marco,2015-12-21,2015-12-21,"I love to travel and experience different cultures. Currently, a digital nomad @marcobarrio exploring the world while growing my businesses. Founder of U-Co helping digital nomads find their community @uco.live DM me for collaborations.",within an hour,f,"['email', 'phone', 'work_email']",t,Cuauhtémoc,Shared room in guesthouse,Shared room,1 shared bath,"[""Iron"", ""Wifi"", ""Refrigerator"", ""Dishes and silverware"", ""Self check-in"", ""Hangers"", ""Body soap"", ""Coffee maker"", ""Backyard"", ""Hot water kettle"", ""Long term stays allowed"", ""Keypad"", ""First aid kit"", ""Essentials"", ""Shampoo"", ""Hot water"", ""Dining table"", ""Shower gel"", ""Luggage dropoff allowed"", ""TV"", ""Coffee"", ""Patio or balcony"", ""Bed linens"", ""Kitchen"", ""Stove"", ""Fire extinguisher"", ""Exterior security cameras on property"", ""Dedicated workspace"", ""Cooking basics"", ""Hair dryer"", ""Microwave""]",2023-07-23,No disponible,t,933340978361891113,0.97,0.87,13.0,13.0,19.41621930235901,-99.15920832813654,1.0,1.0,1.0,1.0,480.0,1.0,1125.0,1.0,1125.0,30,58,88,267,38.0,5.0,4.92,4.89,4.71,4.84,4.92,4.89,2.64
2024-09-26,city scrape,U-Co Roma Nomad Community - Shared Room,"Relax <br />Welcome to our shared room with individual pods. Discover a modern and comfortable space designed for travelers looking for a unique experience. Each capsule will give you privacy with quality linens, personal storage, and reading lights. Enjoy common areas for socializing and experiences. Your safety is paramount with our rigorous hygiene measures. Come and have this unique experience with us! We look forward to visiting.",Información acerca del vecindario no proporcionada,Marco,2015-12-21,2015-12-21,"I love to travel and experience different cultures. Currently, a digital nomad @marcobarrio exploring the world while growing my businesses. Founder of U-Co helping digital nomads find their community @uco.live DM me for collaborations.",within an hour,f,"['email', 'phone', 'work_email']",t,Cuauhtémoc,Shared room in home,Shared room,4 shared baths,"[""Iron"", ""Wifi"", ""Refrigerator"", ""Dishes and silverware"", ""Self check-in"", ""Body soap"", ""Coffee maker"", ""Backyard"", ""Keypad"", ""First aid kit"", ""Essentials"", ""Shampoo"", ""Hot water"", ""Shower gel"", ""Bed linens"", ""Kitchen"", ""Outdoor dining area"", ""60 inch HDTV with Netflix"", ""Fire extinguisher"", ""Clothing storage: wardrobe"", ""Exterior security cameras on property"", ""Dedicated workspace"", ""Cooking basics"", ""Hair dryer""]",2024-05-19,No disponible,t,934084870731223235,0.97,0.87,13.0,13.0,19.4153645,-99.1581382,1.0,4.0,1.0,4.0,480.0,1.0,365.0,1.0,1125.0,30,58,88,362,1.0,0.0,5.0,5.0,5.0,5.0,5.0,5.0,0.23
2024-09-25,city scrape,Breakfast Included / Barrio Downtown Mexico City,"Our location in the heart of the city, ""El Centro"", makes everyone staying with us feel part of our culture from the first moment.<br />Breakfast courtesy, Wi-Fi.<br /><br />-Estadio GNP Seguros (Foro Sol), Autódromo Hnos. Rodríguez, Palacio de los Deportes (7.7 km)<br />-AICM 20 - 30 min - taxi (8.3 km)<br />-Torre Caballito (Av. P. Reforma)<br />-Teatro Metropólitan<br />-Haires Palace<br />-Zócalo CDMX<br /><br />We hope you have all the experiences we have ready for you!",Información acerca del vecindario no proporcionada,Barrio,2022-08-23,2022-08-23,Información acerca del anfitrión del no proporcionada,within an hour,t,['phone'],t,Cuauhtémoc,Shared room in hostel,Shared room,1 shared bath,"[""Shared patio or balcony"", ""Wifi"", ""Exterior security cameras on property"", ""Dishes and silverware"", ""Self check-in"", ""Building staff"", ""Backyard"", ""Breakfast"", ""Long term stays allowed"", ""First aid kit"", ""Essentials"", ""Hot water"", ""Luggage dropoff allowed"", ""Bed linens"", ""Smoke alarm"", ""Safe"", ""Fire extinguisher"", ""Paid parking lot off premises"", ""Elevator"", ""Dedicated workspace"", ""Ping pong table"", ""Hair dryer"", ""Microwave""]",2023-08-06,No disponible,t,944203720511739055,0.99,1.0,11.0,13.0,19.4306364,-99.1386755,1.0,1.0,1.0,1.0,362.0,1.0,365.0,1.0,1125.0,19,49,79,118,77.0,4.0,4.94,4.94,4.96,4.88,4.95,4.96,5.54
2024-09-25,city scrape,Cuarto compartido,Reconnect with loved ones at this family-friendly place to stay.,Información acerca del vecindario no proporcionada,Hugo Daniel,2018-07-20,2018-07-20,Información acerca del anfitrión del no proporcionada,within an hour,f,"['email', 'phone']",t,Gustavo A. Madero,Shared room in home,Shared room,1 shared bath,"[""TV"", ""First aid kit""]",9999-01-01,No disponible,f,944369067124746736,1.0,1.0,1.0,1.0,19.49963,-99.11009,1.0,1.0,1.6,1.0,8000.0,1.0,365.0,1.0,365.0,30,60,90,269,0.0,0.0,4.8,4.9,4.8,4.8,4.8,4.7,1.7
2024-09-25,city scrape,Shared Room Men / Low bed,"Get to know and enjoy this new concept that Mr. Herold Homes has for you!<br /><br />Shared rooms with a unique, urban and luxurious design.<br /><br />Comfortable and safe spaces, with all the basic amenities, to live a pleasant and pleasant experience, without worrying about anything, other than enjoying your stay, whether for work, health, or pleasure, at Herold Homes we want to make you feel at home .<br /><br />Come and live the Herold Homes experience…<br />Welcome to Herold Homes, welcome to the good life!","It is located in a very complete area of CDMX since the Honorable Guest can find a variety of services according to their needs.<br />Located very close to the Francisco Márquez Olympic Pool.<br /><br />15 minutes away you can visit the Frida Kahlo Museum, which is the most representative cultural venue of the Mexican artist, as well as containing an important part of her artistic legacy.<br />We are located near La Calzada Tlalpan which has connection to several points in CDMX, just 40 minutes from the Mexico City Airport and 60 minutes from the North Bus Station.",Maria Yuliana,2016-09-07,2016-09-07,"Vive la experiencia Mr. Herold Homes
Espacios cómodos y seguros, con todas las amenidades básicas, para vivir una experiencia amena y placentera, sin preocuparte de nada, más que de disfrutar tu estancia, ya sea por trabajo, salud, o placer, en Mr. Herold Homes queremos hacerte sentir como en casa.",within an hour,f,"['email', 'phone']",f,Benito Juárez,Shared room in hostel,Shared room,1 shared bath,"[""Shared patio or balcony"", ""Iron"", ""Outdoor furniture"", ""Wifi"", ""Paid washer \u2013 In building"", ""Freezer"", ""Elevator"", ""Shared gym in building"", ""Cleaning available during stay"", ""City skyline view"", ""Coffee maker: drip coffee maker"", ""Paid parking on premises"", ""Refrigerator"", ""Dishes and silverware"", ""Self check-in"", ""AC - split type ductless system"", ""Building staff"", ""Blender"", ""Portable fans"", ""Body soap"", ""Carbon monoxide alarm"", ""Hot water kettle"", ""Long term stays allowed"", ""First aid kit"", ""Toaster"", ""Essentials"", ""Shampoo"", ""Hot water"", ""Bidet"", ""Dining table"", ""Paid resort access"", ""Shower gel"", ""Luggage dropoff allowed"", ""Teka induction stove"", ""Coffee"", ""Bed linens"", ""Board games"", ""Kitchen"", ""Conditioner"", ""Smoke alarm"", ""Extra pillows and blankets"", ""55 inch HDTV with Netflix, standard cable"", ""Cooking basics"", ""Fire extinguisher"", ""Room-darkening shades"", ""Trash compactor"", ""Paid dryer \u2013 In building"", ""Exterior security cameras on property"", ""Dedicated workspace"", ""Exercise equipment: free weights, yoga mat"", ""Portable heater"", ""Hair dryer"", ""Microwave""]",2023-10-06,No disponible,t,947143966992679080,0.96,0.99,64.0,65.0,19.3636441,-99.1507401,1.0,1.0,1.0,4.0,354.0,1.0,120.0,1.0,1125.0,25,55,85,264,2.0,0.0,5.0,5.0,5.0,5.0,5.0,5.0,0.17
2024-09-25,city scrape,Top Bed | Shared Room Men,"Get to know and enjoy this new concept that Mr. Herold Homes has for you!<br /><br />Shared rooms with a unique, urban and luxurious design.<br /><br />Comfortable and safe spaces, with all the basic amenities, to live a pleasant and pleasant experience, without worrying about anything, other than enjoying your stay, whether for work, health, or pleasure, at Herold Homes we want to make you feel at home .<br /><br />Come and live the Herold Homes experience…<br />Welcome to Herold Homes, welcome to the good life!","It is located in a very complete area of CDMX since the Honorable Guest can find a variety of services according to their needs.<br />Located very close to the Francisco Márquez Olympic Pool.<br /><br />15 minutes away you can visit the Frida Kahlo Museum, which is the most representative cultural venue of the Mexican artist, as well as containing an important part of her artistic legacy.<br />We are located near La Calzada Tlalpan which has connection to several points in CDMX, just 40 minutes from the Mexico City Airport and 60 minutes from the North Bus Station.",Maria Yuliana,2016-09-07,2016-09-07,"Vive la experiencia Mr. Herold Homes
Espacios cómodos y seguros, con todas las amenidades básicas, para vivir una experiencia amena y placentera, sin preocuparte de nada, más que de disfrutar tu estancia, ya sea por trabajo, salud, o placer, en Mr. Herold Homes queremos hacerte sentir como en casa.",within an hour,f,"['email', 'phone']",f,Benito Juárez,Shared room in hostel,Shared room,1 shared bath,"[""Shared patio or balcony"", ""Iron"", ""Outdoor furniture"", ""Elevator"", ""Paid washer \u2013 In building"", ""Freezer"", ""Shared gym in building"", ""Cleaning available during stay"", ""City skyline view"", ""Coffee maker: drip coffee maker"", ""Paid parking on premises"", ""Refrigerator"", ""Dishes and silverware"", ""Self check-in"", ""Dishwasher"", ""AC - split type ductless system"", ""Building staff"", ""Blender"", ""Body soap"", ""Carbon monoxide alarm"", ""Hot water kettle"", ""Long term stays allowed"", ""First aid kit"", ""Toaster"", ""Essentials"", ""Shampoo"", ""Hot water"", ""Bidet"", ""Dining table"", ""Shower gel"", ""Luggage dropoff allowed"", ""TV"", ""Teka induction stove"", ""Coffee"", ""Bed linens"", ""Kitchen"", ""Conditioner"", ""Books and reading material"", ""Smoke alarm"", ""Extra pillows and blankets"", ""Central air conditioning"", ""Cooking basics"", ""Fire extinguisher"", ""Room-darkening shades"", ""Paid dryer \u2013 In building"", ""Fast wifi \u2013 122 Mbps"", ""Paid parking garage off premises"", ""Exterior security cameras on property"", ""Dedicated workspace"", ""Exercise equipment: free weights, yoga mat"", ""Portable heater"", ""Hair dryer"", ""Microwave""]",2024-08-12,No disponible,t,947155608590979775,0.96,0.99,64.0,65.0,19.3636441,-99.1507401,1.0,1.0,1.0,2.0,359.0,1.0,120.0,1.0,1125.0,27,48,78,352,1.0,0.0,5.0,5.0,5.0,5.0,5.0,5.0,0.67
2024-09-25,city scrape,Top Bed | Shared Room Men,"Get to know and enjoy this new concept that Mr. Herold Homes has for you!<br /><br />Shared rooms with a unique, urban and luxurious design.<br /><br />Comfortable and safe spaces, with all the basic amenities, to live a pleasant and pleasant experience, without worrying about anything, other than enjoying your stay, whether for work, health, or pleasure, at Herold Homes we want to make you feel at home .<br /><br />Come and live the Herold Homes experience…<br />Welcome to Herold Homes, welcome to the good life!","It is located in a very complete area of CDMX since the Honorable Guest can find a variety of services according to their needs.<br />Located very close to the Francisco Márquez Olympic Pool.<br /><br />15 minutes away you can visit the Frida Kahlo Museum, which is the most representative cultural venue of the Mexican artist, as well as containing an important part of her artistic legacy.<br />We are located near La Calzada Tlalpan which has connection to several points in CDMX, just 40 minutes from the Mexico City Airport and 60 minutes from the North Bus Station.",Maria Yuliana,2016-09-07,2016-09-07,"Vive la experiencia Mr. Herold Homes
Espacios cómodos y seguros, con todas las amenidades básicas, para vivir una experiencia amena y placentera, sin preocuparte de nada, más que de disfrutar tu estancia, ya sea por trabajo, salud, o placer, en Mr. Herold Homes queremos hacerte sentir como en casa.",within an hour,f,"['email', 'phone']",f,Benito Juárez,Shared room in hostel,Shared room,1 shared bath,"[""Iron"", ""Elevator"", ""Paid washer \u2013 In building"", ""Heating"", ""Private patio or balcony"", ""Shared gym in building"", ""Cleaning available during stay"", ""City skyline view"", ""Coffee maker: drip coffee maker"", ""Paid parking on premises"", ""Refrigerator"", ""Dishes and silverware"", ""Self check-in"", ""Dishwasher"", ""AC - split type ductless system"", ""Building staff"", ""Blender"", ""Body soap"", ""Carbon monoxide alarm"", ""Fast wifi \u2013 119 Mbps"", ""Hot water kettle"", ""Long term stays allowed"", ""First aid kit"", ""Toaster"", ""Essentials"", ""Shampoo"", ""Hot water"", ""Dining table"", ""Shower gel"", ""Luggage dropoff allowed"", ""Teka induction stove"", ""Coffee"", ""Kitchen"", ""Conditioner"", ""Smoke alarm"", ""Extra pillows and blankets"", ""55 inch HDTV with Netflix, standard cable"", ""Central air conditioning"", ""Cooking basics"", ""Fire extinguisher"", ""Room-darkening shades"", ""Paid dryer \u2013 In building"", ""Paid parking garage off premises"", ""Exterior security cameras on property"", ""Dedicated workspace"", ""Exercise equipment: free weights, yoga mat"", ""Hair dryer"", ""Microwave""]",2024-06-03,No disponible,t,947156038083756085,0.96,0.99,64.0,65.0,19.3636441,-99.1507401,1.0,1.0,1.0,2.0,306.0,1.0,120.0,1.0,1125.0,16,46,76,343,1.0,0.0,5.0,5.0,5.0,5.0,5.0,5.0,0.26
2024-09-25,city scrape,Low bed | Shared Room Men,"Get to know and enjoy this new concept that Mr. Herold Homes has for you!<br /><br />Shared rooms with a unique, urban and luxurious design.<br /><br />Comfortable and safe spaces, with all the basic amenities, to live a pleasant and pleasant experience, without worrying about anything, other than enjoying your stay, whether for work, health, or pleasure, at Herold Homes we want to make you feel at home .<br /><br />Come and live the Herold Homes experience…<br />Welcome to Herold Homes, welcome to the good life!","It is located in a very complete area of CDMX since the Honorable Guest can find a variety of services according to their needs.<br />Located very close to the Francisco Márquez Olympic Pool.<br /><br />15 minutes away you can visit the Frida Kahlo Museum, which is the most representative cultural venue of the Mexican artist, as well as containing an important part of her artistic legacy.<br />We are located near La Calzada Tlalpan which has connection to several points in CDMX, just 40 minutes from the Mexico City Airport and 60 minutes from the North Bus Station.",Maria Yuliana,2016-09-07,2016-09-07,"Vive la experiencia Mr. Herold Homes
Espacios cómodos y seguros, con todas las amenidades básicas, para vivir una experiencia amena y placentera, sin preocuparte de nada, más que de disfrutar tu estancia, ya sea por trabajo, salud, o placer, en Mr. Herold Homes queremos hacerte sentir como en casa.",within an hour,f,"['email', 'phone']",f,Benito Juárez,Shared room in hostel,Shared room,1 shared bath,"[""Shared patio or balcony"", ""Iron"", ""Elevator"", ""Paid washer \u2013 In building"", ""Heating"", ""Freezer"", ""Shared gym in building"", ""Cleaning available during stay"", ""City skyline view"", ""Coffee maker: drip coffee maker"", ""Paid parking on premises"", ""Refrigerator"", ""Dishes and silverware"", ""Self check-in"", ""AC - split type ductless system"", ""Building staff"", ""Blender"", ""Portable fans"", ""Body soap"", ""Carbon monoxide alarm"", ""Fast wifi \u2013 119 Mbps"", ""Hot water kettle"", ""Long term stays allowed"", ""First aid kit"", ""Toaster"", ""Essentials"", ""Shampoo"", ""Hot water"", ""Bidet"", ""Dining table"", ""Paid resort access"", ""Shower gel"", ""Luggage dropoff allowed"", ""Teka induction stove"", ""Coffee"", ""Bed linens"", ""Kitchen"", ""Conditioner"", ""Books and reading material"", ""Smoke alarm"", ""Extra pillows and blankets"", ""55 inch HDTV with Netflix, standard cable"", ""Central air conditioning"", ""Fire extinguisher"", ""Trash compactor"", ""Paid dryer \u2013 In building"", ""Exterior security cameras on property"", ""Dedicated workspace"", ""Cooking basics"", ""Hair dryer"", ""Microwave""]",2023-08-25,No disponible,t,947161711407954821,0.96,0.99,64.0,65.0,19.3636441,-99.1507401,1.0,1.0,1.0,4.0,346.0,1.0,120.0,1.0,1125.0,27,57,87,361,4.0,0.0,4.75,4.75,4.75,4.75,4.75,5.0,0.3
2024-09-25,city scrape,Top Bed | Shared Room Women,"Get to know and enjoy this new concept that Mr. Herold Homes has for you!<br /><br />Shared rooms with a unique, urban and luxurious design.<br /><br />Comfortable and safe spaces, with all the basic amenities, to live a pleasant and pleasant experience, without worrying about anything, other than enjoying your stay, whether for work, health, or pleasure, at Herold Homes we want to make you feel at home .<br /><br />Come and live the Herold Homes experience…<br />Welcome to Herold Homes, welcome to the good life!","It is located in a very complete area of CDMX since the Honorable Guest can find a variety of services according to their needs.<br />Located very close to the Francisco Márquez Olympic Pool.<br /><br />15 minutes away you can visit the Frida Kahlo Museum, which is the most representative cultural venue of the Mexican artist, as well as containing an important part of her artistic legacy.<br />We are located near La Calzada Tlalpan which has connection to several points in CDMX, just 40 minutes from the Mexico City Airport and 60 minutes from the North Bus Station.",Maria Yuliana,2016-09-07,2016-09-07,"Vive la experiencia Mr. Herold Homes
Espacios cómodos y seguros, con todas las amenidades básicas, para vivir una experiencia amena y placentera, sin preocuparte de nada, más que de disfrutar tu estancia, ya sea por trabajo, salud, o placer, en Mr. Herold Homes queremos hacerte sentir como en casa.",within an hour,f,"['email', 'phone']",f,Benito Juárez,Shared room in hostel,Shared room,1 shared bath,"[""Shared patio or balcony"", ""Iron"", ""Outdoor furniture"", ""Elevator"", ""Paid washer \u2013 In building"", ""Freezer"", ""Shared gym in building"", ""Cleaning available during stay"", ""City skyline view"", ""Refrigerator"", ""Dishes and silverware"", ""Self check-in"", ""Exercise equipment"", ""Building staff"", ""Blender"", ""Portable fans"", ""Body soap"", ""Carbon monoxide alarm"", ""Coffee maker"", ""Fast wifi \u2013 119 Mbps"", ""Hot water kettle"", ""Long term stays allowed"", ""First aid kit"", ""Toaster"", ""Essentials"", ""Shampoo"", ""Hot water"", ""Bidet"", ""Dining table"", ""Paid resort access"", ""Shower gel"", ""Luggage dropoff allowed"", ""Teka induction stove"", ""Coffee"", ""Bed linens"", ""Board games"", ""Kitchen"", ""Conditioner"", ""Paid parking garage on premises \u2013 5 spaces"", ""Books and reading material"", ""Smoke alarm"", ""Extra pillows and blankets"", ""55 inch HDTV with Netflix, standard cable"", ""Central air conditioning"", ""Fire extinguisher"", ""Room-darkening shades"", ""Paid dryer \u2013 In building"", ""Exterior security cameras on property"", ""Dedicated workspace"", ""Cooking basics"", ""Portable heater"", ""Hair dryer"", ""Microwave""]",2023-08-17,No disponible,t,947167051550896155,0.96,0.99,64.0,65.0,19.3636441,-99.1507401,1.0,1.0,1.0,2.0,267.0,1.0,120.0,1.0,1125.0,29,59,89,363,1.0,0.0,5.0,5.0,5.0,5.0,5.0,5.0,0.07
2024-09-25,city scrape,Low bed | Shared Room Women,"Get to know and enjoy this new concept that Mr. Herold Homes has for you!<br /><br />Shared rooms with a unique, urban and luxurious design.<br /><br />Comfortable and safe spaces, with all the basic amenities, to live a pleasant and pleasant experience, without worrying about anything, other than enjoying your stay, whether for work, health, or pleasure, at Herold Homes we want to make you feel at home .<br /><br />Come and live the Herold Homes experience…<br />  Welcome to Herold Homes, welcome to the good life!","It is located in a very complete area of CDMX since the Honorable Guest can find a variety of services according to their needs.<br />Located very close to the Francisco Márquez Olympic Pool.<br /><br />15 minutes away you can visit the Frida Kahlo Museum, which is the most representative cultural venue of the Mexican artist, as well as containing an important part of her artistic legacy.<br />We are located near La Calzada Tlalpan which has connection to several points in CDMX, just 40 minutes from the Mexico City Airport and 60 minutes from the North Bus Station.",Maria Yuliana,2016-09-07,2016-09-07,"Vive la experiencia Mr. Herold Homes
Espacios cómodos y seguros, con todas las amenidades básicas, para vivir una experiencia amena y placentera, sin preocuparte de nada, más que de disfrutar tu estancia, ya sea por trabajo, salud, o placer, en Mr. Herold Homes queremos hacerte sentir como en casa.",within an hour,f,"['email', 'phone']",f,Benito Juárez,Shared room in hostel,Shared room,1 shared bath,"[""Iron"", ""Outdoor furniture"", ""Elevator"", ""Paid washer \u2013 In building"", ""Heating"", ""Freezer"", ""Private patio or balcony"", ""Shared gym in building"", ""City skyline view"", ""Coffee maker: drip coffee maker"", ""Paid parking on premises"", ""Refrigerator"", ""Dishes and silverware"", ""Self check-in"", ""Dishwasher"", ""AC - split type ductless system"", ""Building staff"", ""Blender"", ""Fast wifi \u2013 128 Mbps"", ""Body soap"", ""Carbon monoxide alarm"", ""Hot water kettle"", ""Long term stays allowed"", ""First aid kit"", ""Toaster"", ""Essentials"", ""Shampoo"", ""Hot water"", ""Bidet"", ""Dining table"", ""Shower gel"", ""Luggage dropoff allowed"", ""Teka induction stove"", ""Coffee"", ""Bed linens"", ""Kitchen"", ""Conditioner"", ""Books and reading material"", ""Smoke alarm"", ""Extra pillows and blankets"", ""55 inch HDTV with Netflix, standard cable"", ""Central air conditioning"", ""Cooking basics"", ""Fire extinguisher"", ""Paid dryer \u2013 In building"", ""Exterior security cameras on property"", ""Dedicated workspace"", ""Exercise equipment: free weights, yoga mat"", ""Hair dryer"", ""Microwave""]",9999-01-01,No disponible,t,947173021114008341,0.96,0.99,64.0,65.0,19.3636441,-99.1507401,1.0,1.0,1.0,2.0,323.0,1.0,120.0,1.0,1125.0,30,60,90,364,0.0,0.0,4.8,4.9,4.8,4.8,4.8,4.7,1.7
2024-09-25,city scrape,Low bed | Shared Room Women,"Get to know and enjoy this new concept that Mr. Herold Homes has for you!<br /><br />Shared rooms with a unique, urban and luxurious design.<br /><br />Comfortable and safe spaces, with all the basic amenities, to live a pleasant and pleasant experience, without worrying about anything, other than enjoying your stay, whether for work, health, or pleasure, at Herold Homes we want to make you feel at home .<br /><br />Come and live the Herold Homes experience…<br />Welcome to Herold Homes, welcome to the good life!","It is located in a very complete area of CDMX since the Honorable Guest can find a variety of services according to their needs.<br />Located very close to the Francisco Márquez Olympic Pool.<br /><br />15 minutes away you can visit the Frida Kahlo Museum, which is the most representative cultural venue of the Mexican artist, as well as containing an important part of her artistic legacy.<br />We are located near La Calzada Tlalpan which has connection to several points in CDMX, just 40 minutes from the Mexico City Airport and 60 minutes from the North Bus Station.",Maria Yuliana,2016-09-07,2016-09-07,"Vive la experiencia Mr. Herold Homes
Espacios cómodos y seguros, con todas las amenidades básicas, para vivir una experiencia amena y placentera, sin preocuparte de nada, más que de disfrutar tu estancia, ya sea por trabajo, salud, o placer, en Mr. Herold Homes queremos hacerte sentir como en casa.",within an hour,f,"['email', 'phone']",f,Benito Juárez,Shared room in hostel,Shared room,1 shared bath,"[""Iron"", ""Outdoor furniture"", ""Elevator"", ""Paid washer \u2013 In building"", ""Heating"", ""Freezer"", ""Private patio or balcony"", ""Shared gym in building"", ""City skyline view"", ""Coffee maker: drip coffee maker"", ""Paid parking on premises"", ""Cleaning available during stay"", ""Refrigerator"", ""Dishes and silverware"", ""Self check-in"", ""Dishwasher"", ""Exercise equipment"", ""AC - split type ductless system"", ""Building staff"", ""Blender"", ""Body soap"", ""Carbon monoxide alarm"", ""Fast wifi \u2013 119 Mbps"", ""Hot water kettle"", ""Long term stays allowed"", ""First aid kit"", ""Toaster"", ""Essentials"", ""Shampoo"", ""Hot water"", ""Bidet"", ""Dining table"", ""Shower gel"", ""Luggage dropoff allowed"", ""Teka induction stove"", ""Coffee"", ""Bed linens"", ""Kitchen"", ""Conditioner"", ""Books and reading material"", ""Smoke alarm"", ""Extra pillows and blankets"", ""55 inch HDTV with Netflix, standard cable"", ""Central air conditioning"", ""Fire extinguisher"", ""Paid dryer \u2013 In building"", ""Exterior security cameras on property"", ""Dedicated workspace"", ""Cooking basics"", ""Hair dryer"", ""Microwave""]",2023-08-16,No disponible,t,947177704488429868,0.96,0.99,64.0,65.0,19.3636441,-99.1507401,1.0,1.0,1.0,2.0,323.0,1.0,120.0,1.0,1125.0,30,60,90,364,3.0,0.0,4.67,4.67,5.0,4.67,4.67,4.33,0.22
2024-09-25,city scrape,Top Bed | Shared Room Women,"Get to know and enjoy this new concept that Mr. Herold Homes has for you!<br /><br />Shared rooms with a unique, urban and luxurious design.<br /><br />Comfortable and safe spaces, with all the basic amenities, to live a pleasant and pleasant experience, without worrying about anything, other than enjoying your stay, whether for work, health, or pleasure, at Herold Homes we want to make you feel at home .<br /><br />Come and live the Herold Homes experience…<br /> Welcome to Herold Homes, welcome to the good life!","It is located in a very complete area of CDMX since the Honorable Guest can find a variety of services according to their needs.<br />Located very close to the Francisco Márquez Olympic Pool.<br /><br />15 minutes away you can visit the Frida Kahlo Museum, which is the most representative cultural venue of the Mexican artist, as well as containing an important part of her artistic legacy.<br />We are located near La Calzada Tlalpan which has connection to several points in CDMX, just 40 minutes from the Mexico City Airport and 60 minutes from the North Bus Station.",Maria Yuliana,2016-09-07,2016-09-07,"Vive la experiencia Mr. Herold Homes
Espacios cómodos y seguros, con todas las amenidades básicas, para vivir una experiencia amena y placentera, sin preocuparte de nada, más que de disfrutar tu estancia, ya sea por trabajo, salud, o placer, en Mr. Herold Homes queremos hacerte sentir como en casa.",within an hour,f,"['email', 'phone']",f,Benito Juárez,Shared room in hostel,Shared room,1 shared bath,"[""Iron"", ""Elevator"", ""Paid washer \u2013 In building"", ""Heating"", ""Private patio or balcony"", ""Private gym in building"", ""Cleaning available during stay"", ""City skyline view"", ""Coffee maker: drip coffee maker"", ""Paid parking on premises"", ""Refrigerator"", ""Dishes and silverware"", ""Self check-in"", ""Dishwasher"", ""Building staff"", ""Blender"", ""Teka electric stove"", ""Body soap"", ""Carbon monoxide alarm"", ""Hot water kettle"", ""Long term stays allowed"", ""First aid kit"", ""Toaster"", ""Essentials"", ""Shampoo"", ""Hot water"", ""Dining table"", ""Shower gel"", ""Luggage dropoff allowed"", ""Coffee"", ""Bed linens"", ""Kitchen"", ""Conditioner"", ""Smoke alarm"", ""Fast wifi \u2013 118 Mbps"", ""Extra pillows and blankets"", ""55 inch HDTV with Netflix, standard cable"", ""Central air conditioning"", ""Cooking basics"", ""Fire extinguisher"", ""Room-darkening shades"", ""Paid dryer \u2013 In building"", ""Exterior security cameras on property"", ""Dedicated workspace"", ""Exercise equipment: free weights, yoga mat"", ""Hair dryer"", ""Microwave""]",2024-06-09,No disponible,t,947180090358484128,0.96,0.99,64.0,65.0,19.3636441,-99.1507401,1.0,1.0,1.0,2.0,337.0,1.0,120.0,1.0,1125.0,30,60,90,364,1.0,0.0,4.8,4.0,4.8,5.0,4.9,4.8,0.28
2024-09-26,city scrape,U-Co Roma Nomad Community - Capsule in Dorm,You'll have a great time at this comfortable place to stay.,Información acerca del vecindario no proporcionada,Marco,2015-12-21,2015-12-21,"I love to travel and experience different cultures. Currently, a digital nomad @marcobarrio exploring the world while growing my businesses. Founder of U-Co helping digital nomads find their community @uco.live DM me for collaborations.",within an hour,f,"['email', 'phone', 'work_email']",t,Cuauhtémoc,Shared room in guesthouse,Shared room,1 shared bath,"[""Iron"", ""Wifi"", ""Refrigerator"", ""Dishes and silverware"", ""Self check-in"", ""Hangers"", ""Body soap"", ""Coffee maker"", ""Backyard"", ""Hot water kettle"", ""Long term stays allowed"", ""Keypad"", ""First aid kit"", ""Essentials"", ""Shampoo"", ""Hot water"", ""Dining table"", ""Shower gel"", ""Luggage dropoff allowed"", ""TV"", ""Coffee"", ""Patio or balcony"", ""Bed linens"", ""Kitchen"", ""Stove"", ""Fire extinguisher"", ""Exterior security cameras on property"", ""Dedicated workspace"", ""Cooking basics"", ""Hair dryer"", ""Microwave""]",2024-07-29,No disponible,t,948556947028459534,0.97,0.87,13.0,13.0,19.41567,-99.15884,1.0,1.0,1.0,1.0,446.0,1.0,365.0,1.0,1125.0,30,60,90,269,1.0,0.0,5.0,5.0,5.0,5.0,5.0,5.0,0.5
2024-09-25,city scrape,Top Bed | Mixed Shared Room,"Get to know and enjoy this new concept that Mr. Herold Homes has for you!<br /><br />Shared rooms with a unique, urban and luxurious design.<br /><br />Comfortable and safe spaces, with all the basic amenities, to live a pleasant and pleasant experience, without worrying about anything, other than enjoying your stay, whether for work, health, or pleasure, at Herold Homes we want to make you feel at home .<br /><br />Come and live the Herold Homes experience…<br />Welcome to Herold Homes, welcome to the good life!","It is located in a very complete area of CDMX since the Honorable Guest can find a variety of services according to their needs.<br />Located very close to the Francisco Márquez Olympic Pool.<br /><br />15 minutes away you can visit the Frida Kahlo Museum, which is the most representative cultural venue of the Mexican artist, as well as containing an important part of her artistic legacy.<br />We are located near La Calzada Tlalpan which has connection to several points in CDMX, just 40 minutes from the Mexico City Airport and 60 minutes from the North Bus Station.",Maria Yuliana,2016-09-07,2016-09-07,"Vive la experiencia Mr. Herold Homes
Espacios cómodos y seguros, con todas las amenidades básicas, para vivir una experiencia amena y placentera, sin preocuparte de nada, más que de disfrutar tu estancia, ya sea por trabajo, salud, o placer, en Mr. Herold Homes queremos hacerte sentir como en casa.",within an hour,f,"['email', 'phone']",f,Benito Juárez,Shared room in hostel,Shared room,1 shared bath,"[""Shared patio or balcony"", ""Iron"", ""Elevator"", ""Paid washer \u2013 In building"", ""Heating"", ""Freezer"", ""Shared gym in building"", ""City skyline view"", ""Coffee maker: drip coffee maker"", ""Bathtub"", ""Paid parking on premises"", ""Refrigerator"", ""Dishes and silverware"", ""Self check-in"", ""AC - split type ductless system"", ""Building staff"", ""Blender"", ""Fast wifi \u2013 347 Mbps"", ""Body soap"", ""Carbon monoxide alarm"", ""Hot water kettle"", ""Long term stays allowed"", ""First aid kit"", ""Toaster"", ""Essentials"", ""Shampoo"", ""Hot water"", ""Bidet"", ""Dining table"", ""Shower gel"", ""Luggage dropoff allowed"", ""TV"", ""Teka induction stove"", ""Coffee"", ""Bed linens"", ""Kitchen"", ""Conditioner"", ""Books and reading material"", ""Smoke alarm"", ""Extra pillows and blankets"", ""Cleaning products"", ""Fire extinguisher"", ""Room-darkening shades"", ""Trash compactor"", ""Paid dryer \u2013 In building"", ""Exterior security cameras on property"", ""Dedicated workspace"", ""Cooking basics"", ""Hair dryer"", ""Microwave""]",9999-01-01,No disponible,t,946368339463192339,0.96,0.99,64.0,65.0,19.3636441,-99.1507401,1.0,1.0,1.0,1.8,265.0,1.0,120.0,1.0,1125.0,30,60,90,365,0.0,0.0,4.8,4.9,4.8,4.8,4.8,4.7,1.7
2024-09-25,city scrape,Top Bed | Mixed Shared Room,"Get to know and enjoy this new concept that Mr. Herold Homes has for you!<br /><br />Shared rooms with a unique, urban and luxurious design.<br /><br />Comfortable and safe spaces, with all the basic amenities, to live a pleasant and pleasant experience, without worrying about anything, other than enjoying your stay, whether for work, health, or pleasure, at Herold Homes we want to make you feel at home .<br /><br />Come and live the Herold Homes experience…<br />  Welcome to Herold Homes, welcome to the good life!","It is located in a very complete area of CDMX since the Honorable Guest can find a variety of services according to their needs.<br />Located very close to the Francisco Márquez Olympic Pool.<br /><br />15 minutes away you can visit the Frida Kahlo Museum, which is the most representative cultural venue of the Mexican artist, as well as containing an important part of her artistic legacy.<br />We are located near La Calzada Tlalpan which has connection to several points in CDMX, just 40 minutes from the Mexico City Airport and 60 minutes from the North Bus Station.",Maria Yuliana,2016-09-07,2016-09-07,"Vive la experiencia Mr. Herold Homes
Espacios cómodos y seguros, con todas las amenidades básicas, para vivir una experiencia amena y placentera, sin preocuparte de nada, más que de disfrutar tu estancia, ya sea por trabajo, salud, o placer, en Mr. Herold Homes queremos hacerte sentir como en casa.",within an hour,f,"['email', 'phone']",f,Benito Juárez,Shared room in hostel,Shared room,2 shared baths,"[""Shared patio or balcony"", ""Iron"", ""Elevator"", ""Paid washer \u2013 In building"", ""Heating"", ""Freezer"", ""Shared gym in building"", ""Cleaning available during stay"", ""City skyline view"", ""Bathtub"", ""Refrigerator"", ""Dishes and silverware"", ""Self check-in"", ""Exercise equipment"", ""AC - split type ductless system"", ""Building staff"", ""Blender"", ""Portable fans"", ""Hangers"", ""Teka electric stove"", ""Body soap"", ""Carbon monoxide alarm"", ""Coffee maker"", ""Paid parking lot on premises \u2013 4 spaces"", ""Long term stays allowed"", ""First aid kit"", ""Toaster"", ""Essentials"", ""Shampoo"", ""Hot water"", ""Dining table"", ""Paid resort access"", ""Shower gel"", ""Fast wifi \u2013 358 Mbps"", ""Luggage dropoff allowed"", ""Coffee"", ""Bed linens"", ""Board games"", ""Kitchen"", ""Conditioner"", ""Smoke alarm"", ""Extra pillows and blankets"", ""55 inch HDTV with Netflix, standard cable"", ""Cleaning products"", ""Fire extinguisher"", ""Room-darkening shades"", ""Paid dryer \u2013 In building"", ""Paid parking garage off premises"", ""Exterior security cameras on property"", ""Dedicated workspace"", ""Cooking basics"", ""Hair dryer"", ""Microwave""]",9999-01-01,No disponible,t,947077183939762760,0.96,0.99,64.0,65.0,19.3636441,-99.1507401,1.0,2.0,1.0,2.0,319.0,1.0,120.0,1.0,1125.0,30,60,90,365,0.0,0.0,4.8,4.9,4.8,4.8,4.8,4.7,1.7
2024-09-25,city scrape,Top Bed | Mixed Shared Room,"Get to know and enjoy this new concept that Mr. Herold Homes has for you!<br /><br />Shared rooms with a unique, urban and luxurious design.<br /><br />Comfortable and safe spaces, with all the basic amenities, to live a pleasant and pleasant experience, without worrying about anything, other than enjoying your stay, whether for work, health, or pleasure, at Herold Homes we want to make you feel at home .<br /><br />Come and live the Herold Homes experience…<br />Welcome to Herold Homes, welcome to the good life!","It is located in a very complete area of CDMX since the Honorable Guest can find a variety of services according to their needs.<br />Located very close to the Francisco Márquez Olympic Pool.<br /><br />15 minutes away you can visit the Frida Kahlo Museum, which is the most representative cultural venue of the Mexican artist, as well as containing an important part of her artistic legacy.<br />We are located near La Calzada Tlalpan which has connection to several points in CDMX, just 40 minutes from the Mexico City Airport and 60 minutes from the North Bus Station.",Maria Yuliana,2016-09-07,2016-09-07,"Vive la experiencia Mr. Herold Homes
Espacios cómodos y seguros, con todas las amenidades básicas, para vivir una experiencia amena y placentera, sin preocuparte de nada, más que de disfrutar tu estancia, ya sea por trabajo, salud, o placer, en Mr. Herold Homes queremos hacerte sentir como en casa.",within an hour,f,"['email', 'phone']",f,Benito Juárez,Shared room in hostel,Shared room,2 shared baths,"[""Iron"", ""Elevator"", ""Paid washer \u2013 In building"", ""Heating"", ""Freezer"", ""Shared gym in building"", ""Cleaning available during stay"", ""City skyline view"", ""Paid parking on premises"", ""Bathtub"", ""Refrigerator"", ""Dishes and silverware"", ""Self check-in"", ""Dishwasher"", ""AC - split type ductless system"", ""Building staff"", ""Blender"", ""Body soap"", ""Carbon monoxide alarm"", ""Coffee maker"", ""Hot water kettle"", ""Long term stays allowed"", ""First aid kit"", ""Toaster"", ""Essentials"", ""Shampoo"", ""Hot water"", ""Dining table"", ""Shower gel"", ""Luggage dropoff allowed"", ""Teka induction stove"", ""Coffee"", ""Patio or balcony"", ""Bed linens"", ""Kitchen"", ""Fast wifi \u2013 370 Mbps"", ""Conditioner"", ""Smoke alarm"", ""Extra pillows and blankets"", ""55 inch HDTV with Netflix, standard cable"", ""Cooking basics"", ""Fire extinguisher"", ""Room-darkening shades"", ""Paid dryer \u2013 In building"", ""Exterior security cameras on property"", ""Dedicated workspace"", ""Exercise equipment: free weights, yoga mat"", ""Hair dryer"", ""Microwave""]",9999-01-01,No disponible,t,947079896998853453,0.96,0.99,64.0,65.0,19.3636441,-99.1507401,1.0,2.0,1.0,1.8,263.0,1.0,120.0,1.0,1125.0,30,60,90,365,0.0,0.0,4.8,4.9,4.8,4.8,4.8,4.7,1.7
2024-09-25,city scrape,Top Bed | Mixed Shared Room,"Get to know and enjoy this new concept that Mr. Herold Homes has for you!<br /><br />Shared rooms with a unique, urban and luxurious design.<br /><br />Comfortable and safe spaces, with all the basic amenities, to live a pleasant and pleasant experience, without worrying about anything, other than enjoying your stay, whether for work, health, or pleasure, at Herold Homes we want to make you feel at home .<br /><br />Come and live the Herold Homes experience…<br />Welcome to Herold Homes, welcome to the good life!","It is located in a very complete area of CDMX since the Honorable Guest can find a variety of services according to their needs.<br />Located very close to the Francisco Márquez Olympic Pool.<br /><br />15 minutes away you can visit the Frida Kahlo Museum, which is the most representative cultural venue of the Mexican artist, as well as containing an important part of her artistic legacy.<br />We are located near La Calzada Tlalpan which has connection to several points in CDMX, just 40 minutes from the Mexico City Airport and 60 minutes from the North Bus Station.",Maria Yuliana,2016-09-07,2016-09-07,"Vive la experiencia Mr. Herold Homes
Espacios cómodos y seguros, con todas las amenidades básicas, para vivir una experiencia amena y placentera, sin preocuparte de nada, más que de disfrutar tu estancia, ya sea por trabajo, salud, o placer, en Mr. Herold Homes queremos hacerte sentir como en casa.",within an hour,f,"['email', 'phone']",f,Benito Juárez,Shared room in hostel,Shared room,2 shared baths,"[""Shared patio or balcony"", ""Iron"", ""Elevator"", ""Paid washer \u2013 In building"", ""Heating"", ""Freezer"", ""Shared gym in building"", ""City skyline view"", ""Paid parking on premises"", ""Bathtub"", ""Refrigerator"", ""Dishes and silverware"", ""Self check-in"", ""Dishwasher"", ""Fast wifi \u2013 348 Mbps"", ""AC - split type ductless system"", ""Building staff"", ""Blender"", ""Body soap"", ""Carbon monoxide alarm"", ""Coffee maker"", ""Hot water kettle"", ""Long term stays allowed"", ""First aid kit"", ""Toaster"", ""Essentials"", ""Shampoo"", ""Hot water"", ""Dining table"", ""Shower gel"", ""Luggage dropoff allowed"", ""Teka induction stove"", ""Coffee"", ""Bed linens"", ""Kitchen"", ""Conditioner"", ""Smoke alarm"", ""Extra pillows and blankets"", ""55 inch HDTV with Netflix, standard cable"", ""Cooking basics"", ""Fire extinguisher"", ""Room-darkening shades"", ""Paid dryer \u2013 In building"", ""Exterior security cameras on property"", ""Dedicated workspace"", ""Exercise equipment: free weights, yoga mat"", ""Hair dryer"", ""Microwave""]",9999-01-01,No disponible,t,947092919408581647,0.96,0.99,64.0,65.0,19.3636441,-99.1507401,1.0,2.0,1.0,1.8,267.0,1.0,120.0,1.0,120.0,28,58,88,363,0.0,0.0,4.8,4.9,4.8,4.8,4.8,4.7,1.7
2024-09-25,city scrape,Low bed | Mixed Shared Room,"Get to know and enjoy this new concept that Mr. Herold Homes has for you!<br /><br />Shared rooms with a unique, urban and luxurious design.<br /><br />Comfortable and safe spaces, with all the basic amenities, to live a pleasant and pleasant experience, without worrying about anything, other than enjoying your stay, whether for work, health, or pleasure, at Herold Homes we want to make you feel at home .<br /><br />Come and live the Herold Homes experience…<br />Welcome to Herold Homes, welcome to the good life!","It is located in a very complete area of CDMX since the Honorable Guest can find a variety of services according to their needs.<br />Located very close to the Francisco Márquez Olympic Pool.<br /><br />15 minutes away you can visit the Frida Kahlo Museum, which is the most representative cultural venue of the Mexican artist, as well as containing an important part of her artistic legacy.<br />We are located near La Calzada Tlalpan which has connection to several points in CDMX, just 40 minutes from the Mexico City Airport and 60 minutes from the North Bus Station.",Maria Yuliana,2016-09-07,2016-09-07,"Vive la experiencia Mr. Herold Homes
Espacios cómodos y seguros, con todas las amenidades básicas, para vivir una experiencia amena y placentera, sin preocuparte de nada, más que de disfrutar tu estancia, ya sea por trabajo, salud, o placer, en Mr. Herold Homes queremos hacerte sentir como en casa.",within an hour,f,"['email', 'phone']",f,Benito Juárez,Shared room in hostel,Shared room,2 shared baths,"[""Iron"", ""Outdoor furniture"", ""Elevator"", ""Paid washer \u2013 In building"", ""Heating"", ""Freezer"", ""Shared gym in building"", ""Cleaning available during stay"", ""City skyline view"", ""Paid parking on premises"", ""Bathtub"", ""Refrigerator"", ""Dishes and silverware"", ""Self check-in"", ""Dishwasher"", ""AC - split type ductless system"", ""Building staff"", ""Blender"", ""Body soap"", ""Carbon monoxide alarm"", ""Fast wifi \u2013 412 Mbps"", ""Coffee maker"", ""Hot water kettle"", ""Long term stays allowed"", ""First aid kit"", ""Toaster"", ""Essentials"", ""Shampoo"", ""Hot water"", ""Bidet"", ""Dining table"", ""Shower gel"", ""Luggage dropoff allowed"", ""TV"", ""Teka induction stove"", ""Coffee"", ""Patio or balcony"", ""Bed linens"", ""Kitchen"", ""Conditioner"", ""Smoke alarm"", ""Extra pillows and blankets"", ""Cooking basics"", ""Fire extinguisher"", ""Room-darkening shades"", ""Trash compactor"", ""Paid dryer \u2013 In building"", ""Exterior security cameras on property"", ""Dedicated workspace"", ""Exercise equipment: free weights, yoga mat"", ""Hair dryer"", ""Microwave""]",2023-09-03,No disponible,t,947096364743865977,0.96,0.99,64.0,65.0,19.3636441,-99.1507401,1.0,2.0,1.0,2.0,304.0,1.0,120.0,1.0,1125.0,14,44,74,348,1.0,0.0,5.0,5.0,5.0,5.0,5.0,5.0,0.08
2024-09-25,city scrape,Low bed | Mixed Shared Room,"Get to know and enjoy this new concept that Mr. Herold Homes has for you!<br /><br />Shared rooms with a unique, urban and luxurious design.<br /><br />Comfortable and safe spaces, with all the basic amenities, to live a pleasant and pleasant experience, without worrying about anything, other than enjoying your stay, whether for work, health, or pleasure, at Herold Homes we want to make you feel at home .<br /><br />Come and live the Herold Homes experience…<br />Welcome to Herold Homes, welcome to the good life!","It is located in a very complete area of CDMX since the Honorable Guest can find a variety of services according to their needs.<br />Located very close to the Francisco Márquez Olympic Pool.<br /><br />15 minutes away you can visit the Frida Kahlo Museum, which is the most representative cultural venue of the Mexican artist, as well as containing an important part of her artistic legacy.<br />We are located near La Calzada Tlalpan which has connection to several points in CDMX, just 40 minutes from the Mexico City Airport and 60 minutes from the North Bus Station.",Maria Yuliana,2016-09-07,2016-09-07,"Vive la experiencia Mr. Herold Homes
Espacios cómodos y seguros, con todas las amenidades básicas, para vivir una experiencia amena y placentera, sin preocuparte de nada, más que de disfrutar tu estancia, ya sea por trabajo, salud, o placer, en Mr. Herold Homes queremos hacerte sentir como en casa.",within an hour,f,"['email', 'phone']",f,Benito Juárez,Shared room in hostel,Shared room,2 shared baths,"[""Iron"", ""Outdoor furniture"", ""Elevator"", ""Paid washer \u2013 In building"", ""Heating"", ""Freezer"", ""Shared gym in building"", ""Cleaning available during stay"", ""City skyline view"", ""Paid parking on premises"", ""Bathtub"", ""Refrigerator"", ""Dishes and silverware"", ""Self check-in"", ""AC - split type ductless system"", ""Building staff"", ""Blender"", ""Body soap"", ""Carbon monoxide alarm"", ""Fast wifi \u2013 376 Mbps"", ""Coffee maker"", ""Hot water kettle"", ""Long term stays allowed"", ""First aid kit"", ""Toaster"", ""Essentials"", ""Shampoo"", ""Hot water"", ""Bidet"", ""Dining table"", ""Shower gel"", ""Luggage dropoff allowed"", ""TV"", ""Teka induction stove"", ""Coffee"", ""Patio or balcony"", ""Bed linens"", ""Kitchen"", ""Conditioner"", ""Smoke alarm"", ""Extra pillows and blankets"", ""Cooking basics"", ""Fire extinguisher"", ""Room-darkening shades"", ""Trash compactor"", ""Paid dryer \u2013 In building"", ""Exterior security cameras on property"", ""Dedicated workspace"", ""Exercise equipment: free weights, yoga mat"", ""Hair dryer"", ""Microwave""]",2023-09-23,No disponible,t,947106001971557921,0.96,0.99,64.0,65.0,19.3636441,-99.1507401,1.0,2.0,1.0,2.0,274.0,1.0,120.0,1.0,1125.0,27,57,87,362,1.0,0.0,5.0,5.0,5.0,5.0,5.0,5.0,0.08
2024-09-25,city scrape,Low bed | Mixed Shared Room,"Get to know and enjoy this new concept that Mr. Herold Homes has for you!<br /><br />Shared rooms with a unique, urban and luxurious design.<br /><br />Comfortable and safe spaces, with all the basic amenities, to live a pleasant and pleasant experience, without worrying about anything, other than enjoying your stay, whether for work, health, or pleasure, at Herold Homes we want to make you feel at home .<br /><br />Come and live the Herold Homes experience…<br />Welcome to Herold Homes, welcome to the good life!","It is located in a very complete area of CDMX since the Honorable Guest can find a variety of services according to their needs.<br />Located very close to the Francisco Márquez Olympic Pool.<br /><br />15 minutes away you can visit the Frida Kahlo Museum, which is the most representative cultural venue of the Mexican artist, as well as containing an important part of her artistic legacy.<br />We are located near La Calzada Tlalpan which has connection to several points in CDMX, just 40 minutes from the Mexico City Airport and 60 minutes from the North Bus Station.",Maria Yuliana,2016-09-07,2016-09-07,"Vive la experiencia Mr. Herold Homes
Espacios cómodos y seguros, con todas las amenidades básicas, para vivir una experiencia amena y placentera, sin preocuparte de nada, más que de disfrutar tu estancia, ya sea por trabajo, salud, o placer, en Mr. Herold Homes queremos hacerte sentir como en casa.",within an hour,f,"['email', 'phone']",f,Benito Juárez,Shared room in hostel,Shared room,2 shared baths,"[""Iron"", ""Outdoor furniture"", ""Elevator"", ""Paid washer \u2013 In building"", ""Heating"", ""Freezer"", ""Laundromat nearby"", ""Private gym in building"", ""City skyline view"", ""Paid parking on premises"", ""Bathtub"", ""Cleaning available during stay"", ""Induction stove"", ""Refrigerator"", ""Dishes and silverware"", ""Ethernet connection"", ""Self check-in"", ""Dishwasher"", ""AC - split type ductless system"", ""Building staff"", ""Blender"", ""Mini fridge"", ""Body soap"", ""Carbon monoxide alarm"", ""Coffee maker"", ""Hot water kettle"", ""Long term stays allowed"", ""First aid kit"", ""Toaster"", ""Essentials"", ""Shampoo"", ""Hot water"", ""Bidet"", ""Dining table"", ""Shower gel"", ""Luggage dropoff allowed"", ""TV"", ""Coffee"", ""Patio or balcony"", ""Bed linens"", ""Kitchen"", ""Conditioner"", ""Smoke alarm"", ""Extra pillows and blankets"", ""Fast wifi \u2013 243 Mbps"", ""Cooking basics"", ""Fire extinguisher"", ""Room-darkening shades"", ""Trash compactor"", ""Paid dryer \u2013 In building"", ""Paid parking garage off premises"", ""Exterior security cameras on property"", ""Dedicated workspace"", ""Exercise equipment: free weights, yoga mat"", ""Hair dryer"", ""Microwave""]",2023-09-03,No disponible,t,947108961710581085,0.96,0.99,64.0,65.0,19.3636441,-99.1507401,1.0,2.0,1.0,2.0,345.0,1.0,120.0,1.0,1125.0,2,32,62,337,1.0,0.0,5.0,5.0,5.0,5.0,5.0,5.0,0.08
2024-09-25,city scrape,Low bed | Mixed Shared Room,"Get to know and enjoy this new concept that Mr. Herold Homes has for you!<br /><br />Shared rooms with a unique, urban and luxurious design.<br /><br />Comfortable and safe spaces, with all the basic amenities, to live a pleasant and pleasant experience, without worrying about anything, other than enjoying your stay, whether for work, health, or pleasure, at Herold Homes we want to make you feel at home .<br /><br />Come and live the Herold Homes experience…<br />Welcome to Herold Homes, welcome to the good life!","It is located in a very complete area of CDMX since the Honorable Guest can find a variety of services according to their needs.<br />Located very close to the Francisco Márquez Olympic Pool.<br /><br />15 minutes away you can visit the Frida Kahlo Museum, which is the most representative cultural venue of the Mexican artist, as well as containing an important part of her artistic legacy.<br />We are located near La Calzada Tlalpan which has connection to several points in CDMX, just 40 minutes from the Mexico City Airport and 60 minutes from the North Bus Station.",Maria Yuliana,2016-09-07,2016-09-07,"Vive la experiencia Mr. Herold Homes
Espacios cómodos y seguros, con todas las amenidades básicas, para vivir una experiencia amena y placentera, sin preocuparte de nada, más que de disfrutar tu estancia, ya sea por trabajo, salud, o placer, en Mr. Herold Homes queremos hacerte sentir como en casa.",within an hour,f,"['email', 'phone']",f,Benito Juárez,Shared room in hostel,Shared room,2 shared baths,"[""Iron"", ""Outdoor furniture"", ""Elevator"", ""Paid washer \u2013 In building"", ""Heating"", ""Freezer"", ""Private gym in building"", ""Cleaning available during stay"", ""City skyline view"", ""Paid parking on premises"", ""Bathtub"", ""Refrigerator"", ""Dishes and silverware"", ""Self check-in"", ""Dishwasher"", ""AC - split type ductless system"", ""Building staff"", ""Blender"", ""Body soap"", ""Carbon monoxide alarm"", ""Coffee maker"", ""Hot water kettle"", ""Long term stays allowed"", ""First aid kit"", ""Toaster"", ""Essentials"", ""Shampoo"", ""Hot water"", ""Bidet"", ""Dining table"", ""Shower gel"", ""Luggage dropoff allowed"", ""TV"", ""Teka induction stove"", ""Coffee"", ""Patio or balcony"", ""Bed linens"", ""Kitchen"", ""Conditioner"", ""Smoke alarm"", ""Extra pillows and blankets"", ""Fast wifi \u2013 375 Mbps"", ""Fire extinguisher"", ""Room-darkening shades"", ""Trash compactor"", ""Paid dryer \u2013 In building"", ""Exterior security cameras on property"", ""Dedicated workspace"", ""Cooking basics"", ""Hair dryer"", ""Microwave""]",9999-01-01,No disponible,t,947110669108075130,0.96,0.99,64.0,65.0,19.3636441,-99.1507401,1.0,2.0,1.0,2.0,278.0,1.0,120.0,1.0,1125.0,10,40,70,345,0.0,0.0,4.8,4.9,4.8,4.8,4.8,4.7,1.7
2024-09-25,city scrape,"3. ""Durazno"". Habitación Compartida","LINDAVISTA SUR. Shared furnished room, all shared amenities included, equipped kitchen, room cleaning and linen laundry, weekly, garden recreation area with grill. Neighboring surveillance 24 hrs. <br />Parque Miguel Alemán, Plaza Lindavista, Parque Lindavista and Encuentro Fortuna, Hospitales 1º de Octubre, Traumatologia , Juarez, Politecnico, excellent communication Metro, Metrobus , Cablebus, Basilica de Guadalupe. Free street parking.","The best residential area in northern Mexico City,  close to the shopping area, with very good public transport communication - Metro Metrobus, Cablebus and others. Hospital 1st of October 10 minutes, Traumatologia Magdalena de la Salinas and Hospital Juarez at 12 minutes walking.  Politecnico de Zacatenco just an 8-minute walk away",Jose,2020-11-10,2020-11-10,Información acerca del anfitrión del no proporcionada,within an hour,t,"['email', 'phone']",t,Gustavo A. Madero,Shared room in guesthouse,Shared room,2 shared baths,"[""Iron"", ""Washer"", ""Wifi"", ""Fire pit"", ""Freezer"", ""Laundromat nearby"", ""Cleaning available during stay"", ""Host greets you"", ""Bikes"", ""Refrigerator"", ""Mosquito net"", ""Ethernet connection"", ""Dishes and silverware"", ""Blender"", ""Portable fans"", ""Body soap"", ""Coffee maker"", ""Backyard"", ""Hot water kettle"", ""Long term stays allowed"", ""First aid kit"", ""Essentials"", ""Shampoo"", ""Hot water"", ""Dining table"", ""Shower gel"", ""Barbecue utensils"", ""Luggage dropoff allowed"", ""TV"", ""Baking sheet"", ""Coffee"", ""Patio or balcony"", ""Bed linens"", ""Kitchen"", ""Oven"", ""Outdoor dining area"", ""BBQ grill"", ""Stove"", ""Cleaning products"", ""Safe"", ""Indoor fireplace"", ""Clothing storage"", ""Room-darkening shades"", ""Wine glasses"", ""Free street parking"", ""Exterior security cameras on property"", ""Dedicated workspace"", ""Cooking basics"", ""Paid parking off premises"", ""Microwave""]",2023-08-20,No disponible,t,955204498756932995,1.0,0.99,12.0,14.0,19.49304,-99.1289,1.0,2.0,1.0,2.0,200.0,1.0,365.0,1.0,365.0,0,0,0,179,4.0,0.0,5.0,5.0,5.0,5.0,5.0,5.0,0.3
2024-09-26,city scrape,"Cama individual, compartido","It is a small shared room with a single bed, it is a space for 1 person. It doesn't have windows. On the ceiling it has a small skylight, so it will provide you with natural light very early. The room is located on the second floor of the house, on this floor there are 3 more bedrooms.<br />The common areas (kitchen, dining room, bathrooms, etc.) are shared with other guests. It's a shared house!<br />Enjoy the simplicity of this quiet, central home.",Información acerca del vecindario no proporcionada,Brenda,2023-01-27,2023-01-27,"¡Hola! Bienvenido a nuestro Mexico querido. Te ofrecemos un espacio ubicado en Condesa, una de las colonias mas turisticas de la CDMX.
",within an hour,f,"['email', 'phone']",t,Cuauhtémoc,Shared room in guesthouse,Shared room,2 shared baths,"[""Wifi"", ""Kitchen"", ""First aid kit"", ""Self check-in"", ""Exterior security cameras on property"", ""Smoking allowed"", ""Lockbox""]",2023-09-08,No disponible,t,953661319572932585,0.86,0.99,6.0,8.0,19.41617,-99.16713,1.0,2.0,1.0,1.0,187.0,1.0,365.0,1.0,365.0,6,36,65,65,18.0,3.0,4.44,4.28,4.78,4.78,4.94,4.5,1.4
2024-09-25,city scrape,Breakfast Included / Barrio Downtown Mexico City,"Our location in the heart of the city, ""El Centro"", makes everyone staying with us feel part of our culture from the first moment.<br />Breakfast courtesy, Wi-Fi.<br /><br />-Estadio GNP Seguros (Foro Sol), Autódromo Hnos. Rodríguez, Palacio de los Deportes (7.7 km)<br />-AICM 20 - 30 min - taxi (8.3 km)<br />-Torre Caballito (Av. P. Reforma)<br />-Teatro Metropólitan<br />-Haires Palace<br />-Zócalo CDMX<br /><br />We hope you have all the experiences we have ready for you!",Información acerca del vecindario no proporcionada,Barrio,2022-08-23,2022-08-23,Información acerca del anfitrión del no proporcionada,within an hour,t,['phone'],t,Cuauhtémoc,Shared room in hostel,Shared room,1 shared bath,"[""Wifi"", ""Exterior security cameras on property"", ""Dishes and silverware"", ""Self check-in"", ""Building staff"", ""Backyard"", ""Breakfast"", ""Long term stays allowed"", ""First aid kit"", ""Essentials"", ""Hot water"", ""Luggage dropoff allowed"", ""Patio or balcony"", ""Bed linens"", ""Smoke alarm"", ""Safe"", ""Fire extinguisher"", ""Paid parking lot off premises"", ""Elevator"", ""Dedicated workspace"", ""Ping pong table"", ""Hair dryer"", ""Microwave""]",2023-08-19,No disponible,t,959504148296834967,0.99,1.0,11.0,13.0,19.4306364,-99.1386755,1.0,1.0,1.0,1.0,362.0,1.0,365.0,1.0,1125.0,26,56,86,125,43.0,2.0,4.77,4.81,4.84,4.84,4.77,4.74,3.19
2024-09-25,city scrape,Suite Jacaranda Green Highlands,"You will want to return. Bright, relaxing, ventilated; the minimalism you require to feel at home but independently. Full security. ALL amenities, communication routes and green areas are nearby. The best recommendations to make your investment pay. <br />Suitable for up to 4 people. Each extra guest is 230 pesos a night, the same for 1 extra mattress.<br />You can have extra services stationam, living room TV or laundry at a superprice.<br />WTC pepsicnter 20 minutes away","ALL services, museums, and green areas nearby. Two axes to move in all directions. Metro , metrobus and ecobike station, less than a 10-minute walk to. Pleasant and tree-lined walks throughout the colony.",Grace,2019-01-03,2019-01-03,Información acerca del anfitrión del no proporcionada,within a few hours,f,"['email', 'phone']",t,Benito Juárez,Shared room in loft,Shared room,1 shared bath,"[""Iron"", ""Wifi"", ""Paid washer \u2013 In building"", ""Courtyard view"", ""Cleaning available during stay"", ""Host greets you"", ""Dishes and silverware"", ""Children\u2019s books and toys for ages 0-2 years old, 2-5 years old, and 5-10 years old"", ""Portable fans"", ""Hangers"", ""Carbon monoxide alarm"", ""Children\u2019s dinnerware"", ""Hot water kettle"", ""Long term stays allowed"", ""First aid kit"", ""Kitchenette"", ""Essentials"", ""Hot water"", ""Luggage dropoff allowed"", ""Coffee"", ""Promedio Sedal conditioner"", ""Bed linens"", ""Board games"", ""Books and reading material"", ""Smoke alarm"", ""Extra pillows and blankets"", ""Outlet covers"", ""Cleaning products"", ""Hair dryer"", ""Fire extinguisher"", ""Calidad intermedia y funcional body soap"", ""Paid parking lot off premises"", ""Room-darkening shades"", ""Clothing storage: wardrobe"", ""Free street parking"", ""Exterior security cameras on property"", ""Sun loungers"", ""Dedicated workspace"", ""Cooking basics"", ""Coffee maker: drip coffee maker, pour-over coffee"", ""Intermedia y funcional shampoo"", ""Microwave""]",2023-09-21,No disponible,f,960504915344850835,0.85,0.91,2.0,2.0,19.38216,-99.16694,1.0,1.0,1.0,3.0,329.0,1.0,365.0,1.0,365.0,28,53,83,263,13.0,0.0,4.69,4.54,5.0,4.92,5.0,4.46,1.05
2024-09-25,city scrape,Top Bed | Mixed Shared Room,Descripción no proporcionada,"It is located in a very complete area of CDMX since the Honorable Guest can find a variety of services according to their needs.<br />Located very close to the Francisco Márquez Olympic Pool.<br /><br />15 minutes away you can visit the Frida Kahlo Museum, which is the most representative cultural venue of the Mexican artist, as well as containing an important part of her artistic legacy.<br />We are located near La Calzada Tlalpan which has connection to several points in CDMX, just 40 minutes from the Mexico City Airport and 60 minutes from the North Bus Station.",Maria Yuliana,2016-09-07,2016-09-07,"Vive la experiencia Mr. Herold Homes
Espacios cómodos y seguros, con todas las amenidades básicas, para vivir una experiencia amena y placentera, sin preocuparte de nada, más que de disfrutar tu estancia, ya sea por trabajo, salud, o placer, en Mr. Herold Homes queremos hacerte sentir como en casa.",within an hour,f,"['email', 'phone']",f,Benito Juárez,Shared room in hostel,Shared room,2 shared baths,"[""Iron"", ""Elevator"", ""Paid washer \u2013 In building"", ""Heating"", ""Fast wifi \u2013 298 Mbps"", ""Private patio or balcony"", ""Private gym in building"", ""City skyline view"", ""Coffee maker: drip coffee maker"", ""Paid parking on premises"", ""Cleaning available during stay"", ""Refrigerator"", ""Dishes and silverware"", ""Self check-in"", ""Dishwasher"", ""AC - split type ductless system"", ""Building staff"", ""Blender"", ""Body soap"", ""Carbon monoxide alarm"", ""Hot water kettle"", ""Long term stays allowed"", ""First aid kit"", ""Toaster"", ""Essentials"", ""Shampoo"", ""Hot water"", ""Dining table"", ""Shower gel"", ""Luggage dropoff allowed"", ""TV"", ""Teka induction stove"", ""Coffee"", ""Bed linens"", ""Kitchen"", ""Conditioner"", ""Smoke alarm"", ""Extra pillows and blankets"", ""Cooking basics"", ""Fire extinguisher"", ""Room-darkening shades"", ""Paid dryer \u2013 In building"", ""Exterior security cameras on property"", ""Dedicated workspace"", ""Exercise equipment: free weights, yoga mat"", ""Hair dryer"", ""Microwave""]",2023-11-11,No disponible,t,963791131784635232,0.96,0.99,64.0,65.0,19.362587531066136,-99.15128402055932,1.0,2.0,1.0,1.8,328.0,1.0,120.0,1.0,1125.0,28,55,71,346,4.0,0.0,4.25,4.0,4.0,4.5,4.5,4.25,0.37
2024-09-25,city scrape,Low bed | Mixed Shared Room,"Get to know and enjoy this new concept that Mr. Herold Homes has for you!<br /><br />Shared rooms with a unique, urban and luxurious design.<br /><br />Comfortable and safe spaces, with all the basic amenities, to live a pleasant and pleasant experience, without worrying about anything, other than enjoying your stay, whether for work, health, or pleasure, at Herold Homes we want to make you feel at home .<br /><br />Come and live the Herold Homes experience…<br />Welcome to Herold Homes, welcome to the good life!","It is located in a very complete area of CDMX since the Honorable Guest can find a variety of services according to their needs.<br />Located very close to the Francisco Márquez Olympic Pool.<br /><br />15 minutes away you can visit the Frida Kahlo Museum, which is the most representative cultural venue of the Mexican artist, as well as containing an important part of her artistic legacy.<br />We are located near La Calzada Tlalpan which has connection to several points in CDMX, just 40 minutes from the Mexico City Airport and 60 minutes from the North Bus Station.",Maria Yuliana,2016-09-07,2016-09-07,"Vive la experiencia Mr. Herold Homes
Espacios cómodos y seguros, con todas las amenidades básicas, para vivir una experiencia amena y placentera, sin preocuparte de nada, más que de disfrutar tu estancia, ya sea por trabajo, salud, o placer, en Mr. Herold Homes queremos hacerte sentir como en casa.",within an hour,f,"['email', 'phone']",f,Benito Juárez,Shared room in hostel,Shared room,2 shared baths,"[""Shared patio or balcony"", ""Iron"", ""Outdoor furniture"", ""Elevator"", ""Paid washer \u2013 In building"", ""Heating"", ""Freezer"", ""Private gym in building"", ""Cleaning available during stay"", ""City skyline view"", ""Outdoor shower"", ""Coffee maker: drip coffee maker"", ""Dishes and silverware"", ""Self check-in"", ""Whirlpool refrigerator"", ""Exercise equipment"", ""AC - split type ductless system"", ""Building staff"", ""Blender"", ""Body soap"", ""55 inch HDTV with Netflix"", ""Carbon monoxide alarm"", ""Hot water kettle"", ""Long term stays allowed"", ""First aid kit"", ""Toaster"", ""Essentials"", ""Shampoo"", ""Hot water"", ""Bidet"", ""Dining table"", ""Paid resort access"", ""Shower gel"", ""Luggage dropoff allowed"", ""Teka induction stove"", ""Fast wifi \u2013 284 Mbps"", ""Coffee"", ""Bed linens"", ""Kitchen"", ""Conditioner"", ""Paid parking garage on premises \u2013 5 spaces"", ""Books and reading material"", ""Smoke alarm"", ""Extra pillows and blankets"", ""Fire extinguisher"", ""Room-darkening shades"", ""Paid dryer \u2013 In building"", ""Exterior security cameras on property"", ""Dedicated workspace"", ""Cooking basics"", ""Hair dryer"", ""Microwave""]",2023-09-09,No disponible,t,963792851132800423,0.96,0.99,64.0,65.0,19.3636441,-99.1507401,1.0,2.0,1.0,2.0,306.0,1.0,120.0,1.0,1125.0,19,35,65,339,5.0,0.0,4.4,4.8,4.6,5.0,5.0,4.4,0.39
2024-09-25,city scrape,Top Bed | Mixed Shared Room,"Get to know and enjoy this new concept that Mr. Herold Homes has for you!<br /><br />Shared rooms with a unique, urban and luxurious design.<br /><br />Comfortable and safe spaces, with all the basic amenities, to live a pleasant and pleasant experience, without worrying about anything, other than enjoying your stay, whether for work, health, or pleasure, at Herold Homes we want to make you feel at home .<br /><br />Come and live the Herold Homes experience…<br />Welcome to Herold Homes, welcome to the good life!","It is located in a very complete area of CDMX since the Honorable Guest can find a variety of services according to their needs.<br />Located very close to the Francisco Márquez Olympic Pool.<br /><br />15 minutes away you can visit the Frida Kahlo Museum, which is the most representative cultural venue of the Mexican artist, as well as containing an important part of her artistic legacy.<br />We are located near La Calzada Tlalpan which has connection to several points in CDMX, just 40 minutes from the Mexico City Airport and 60 minutes from the North Bus Station.",Maria Yuliana,2016-09-07,2016-09-07,"Vive la experiencia Mr. Herold Homes
Espacios cómodos y seguros, con todas las amenidades básicas, para vivir una experiencia amena y placentera, sin preocuparte de nada, más que de disfrutar tu estancia, ya sea por trabajo, salud, o placer, en Mr. Herold Homes queremos hacerte sentir como en casa.",within an hour,f,"['email', 'phone']",f,Benito Juárez,Shared room in hostel,Shared room,2 shared baths,"[""Iron"", ""Elevator"", ""Paid washer \u2013 In building"", ""Heating"", ""Private patio or balcony"", ""Shared gym in building"", ""City skyline view"", ""Coffee maker: drip coffee maker"", ""Paid parking on premises"", ""Refrigerator"", ""Dishes and silverware"", ""Self check-in"", ""Dishwasher"", ""AC - split type ductless system"", ""Building staff"", ""Blender"", ""Body soap"", ""Carbon monoxide alarm"", ""Fast wifi \u2013 226 Mbps"", ""Hot water kettle"", ""Long term stays allowed"", ""First aid kit"", ""Toaster"", ""Essentials"", ""Shampoo"", ""Hot water"", ""Dining table"", ""Shower gel"", ""Luggage dropoff allowed"", ""TV"", ""Teka induction stove"", ""Coffee"", ""Kitchen"", ""Conditioner"", ""Smoke alarm"", ""Extra pillows and blankets"", ""Fire extinguisher"", ""Room-darkening shades"", ""Paid dryer \u2013 In building"", ""Exterior security cameras on property"", ""Dedicated workspace"", ""Cooking basics"", ""Hair dryer"", ""Microwave""]",9999-01-01,No disponible,t,963797575959284364,0.96,0.99,64.0,65.0,19.3636441,-99.1507401,1.0,2.0,1.0,1.8,328.0,1.0,120.0,1.0,1125.0,28,55,85,348,0.0,0.0,4.8,4.9,4.8,4.8,4.8,4.7,1.7
2024-09-25,city scrape,Breakfast Included / Barrio Downtown Mexico City,"Our location in the heart of the city, ""El Centro"", makes everyone staying with us feel part of our culture from the first moment.<br />Breakfast courtesy, Wi-Fi.<br /><br />-Estadio GNP Seguros (Foro Sol), Autódromo Hnos. Rodríguez, Palacio de los Deportes (7.7 km)<br />-AICM 20 - 30 min - taxi (8.3 km)<br />-Torre Caballito (Av. P. Reforma)<br />-Teatro Metropólitan<br />-Haires Palace<br />-Zócalo CDMX<br /><br />We hope you have all the experiences we have ready for you!",Información acerca del vecindario no proporcionada,Barrio,2022-08-23,2022-08-23,Información acerca del anfitrión del no proporcionada,within an hour,t,['phone'],t,Cuauhtémoc,Shared room in hostel,Shared room,1 shared bath,"[""Shared patio or balcony"", ""Wifi"", ""Exterior security cameras on property"", ""Dishes and silverware"", ""Self check-in"", ""Building staff"", ""Backyard"", ""Breakfast"", ""Long term stays allowed"", ""First aid kit"", ""Essentials"", ""Hot water"", ""Luggage dropoff allowed"", ""Bed linens"", ""Smoke alarm"", ""Safe"", ""Fire extinguisher"", ""Paid parking lot off premises"", ""Elevator"", ""Dedicated workspace"", ""Ping pong table"", ""Hair dryer"", ""Microwave""]",2023-08-24,No disponible,t,961593454784086393,0.99,1.0,11.0,13.0,19.4306364,-99.1386755,1.0,1.0,1.0,1.0,362.0,1.0,365.0,1.0,1125.0,26,56,86,125,26.0,1.0,4.81,4.96,4.96,4.81,4.81,4.8,1.95
2024-09-25,city scrape,Barrio Downtown Mexico City / Bed Only,"Our location in the heart of the city, ""El Centro"", makes everyone staying with us feel part of our culture from the first moment.<br /><br />-Estadio GNP Seguros (Foro Sol), Autódromo Hnos. Rodríguez, Palacio de los Deportes (7.7 km)<br />-AICM 20 - 30 min - taxi (8.3 km)<br />-Torre Caballito (Av. P. Reforma)<br />-Teatro Metropólitan<br />-Haires Palace<br />-Zócalo CDMX<br /><br />We hope you have all the experiences we have ready for you!",Información acerca del vecindario no proporcionada,Barrio,2022-08-23,2022-08-23,Información acerca del anfitrión del no proporcionada,within an hour,t,['phone'],t,Cuauhtémoc,Shared room in hostel,Shared room,1 shared bath,"[""Shared patio or balcony"", ""Wifi"", ""Exterior security cameras on property"", ""Dishes and silverware"", ""Self check-in"", ""Building staff"", ""Backyard"", ""Long term stays allowed"", ""First aid kit"", ""Essentials"", ""Hot water"", ""Luggage dropoff allowed"", ""Bed linens"", ""Smoke alarm"", ""Safe"", ""Hair dryer"", ""Fire extinguisher"", ""Elevator"", ""Dedicated workspace"", ""Ping pong table"", ""Paid parking off premises"", ""Microwave""]",2023-08-26,No disponible,t,964483819175341746,0.99,1.0,11.0,13.0,19.4306364,-99.1386755,1.0,1.0,1.0,1.0,280.0,1.0,365.0,1.0,1125.0,10,27,49,88,42.0,4.0,4.93,4.74,4.86,4.79,4.88,4.81,3.17
2024-09-26,city scrape,Cuarto Compartido (Siqueiros),"Shared room of 4 people<br />Inside a quiet hostel, with a central location in Colonia Juárez. Surrounded by coffee, restaurants, and tourist locations.<br />The hostel is very close to Colonia Roma, Chapultepec, Condesa and Centro Storico.<br /><br />We have high speed internet, shared kitchen and comfortable co-working area.",Información acerca del vecindario no proporcionada,Hostal,2022-11-09,2022-11-09,Información acerca del anfitrión del no proporcionada,within a few hours,f,"['email', 'phone']",t,Cuauhtémoc,Shared room in guesthouse,Shared room,5 shared baths,"[""Carbon monoxide alarm"", ""Wifi"", ""Fire extinguisher"", ""Kitchen"", ""First aid kit"", ""Exterior security cameras on property"", ""Dedicated workspace"", ""Smoke alarm""]",9999-01-01,No disponible,t,964587887005569913,1.0,1.0,9.0,12.0,19.4274452,-99.1572396,1.0,1.4,1.6,1.0,584.0,1.0,365.0,1.0,365.0,30,60,90,302,0.0,0.0,4.8,4.9,4.8,4.8,4.8,4.7,1.7
2024-09-26,city scrape,Cuarto Compartido (Leonora),"Shared room of 4 people<br />Each bed has three outlets and a light of its own.<br />Inside a quiet hostel, with a central location in Colonia Juárez. Surrounded by cafes, restaurants, and tourist locations.<br />The hostel is very close to Colonia Roma, Chapultepec, Condesa and Centro Storico.<br /><br />We have high speed internet, shared kitchen and comfortable co-working area.",Información acerca del vecindario no proporcionada,Hostal,2022-11-09,2022-11-09,Información acerca del anfitrión del no proporcionada,within a few hours,f,"['email', 'phone']",t,Cuauhtémoc,Shared room in guesthouse,Shared room,5 shared baths,"[""Carbon monoxide alarm"", ""Wifi"", ""Fire extinguisher"", ""Kitchen"", ""First aid kit"", ""Exterior security cameras on property"", ""Dedicated workspace"", ""Smoke alarm""]",9999-01-01,No disponible,t,964596147623515153,1.0,1.0,9.0,12.0,19.4274452,-99.1572396,1.0,1.4,1.6,1.0,548.0,1.0,365.0,1.0,365.0,30,60,90,309,0.0,0.0,4.8,4.9,4.8,4.8,4.8,4.7,1.7
2024-09-26,city scrape,Cuarto Compartido (Hernandez),"Shared room of 4 people<br />Each bed has 3 outlets and its own light<br />Inside a quiet hostel, with a central location in Colonia Juárez. Surrounded by cafes, restaurants, and tourist locations.<br />The hostel is very close to Colonia Roma, Chapultepec, Condesa and Centro Storico.<br /><br />We have high speed internet, shared kitchen and comfortable co-working area",Información acerca del vecindario no proporcionada,Hostal,2022-11-09,2022-11-09,Información acerca del anfitrión del no proporcionada,within a few hours,f,"['email', 'phone']",t,Cuauhtémoc,Shared room in guesthouse,Shared room,5 shared baths,"[""Carbon monoxide alarm"", ""Wifi"", ""Fire extinguisher"", ""Kitchen"", ""First aid kit"", ""Exterior security cameras on property"", ""Dedicated workspace"", ""Smoke alarm""]",9999-01-01,No disponible,t,964605521451453476,1.0,1.0,9.0,12.0,19.4274452,-99.1572396,1.0,1.4,1.6,1.0,584.0,1.0,365.0,1.0,365.0,30,60,90,302,0.0,0.0,4.8,4.9,4.8,4.8,4.8,4.7,1.7
2024-09-26,city scrape,Cuarto compartido (Frida Khalo),"Shared room of 4 people<br />Each bed has 3 outlets and its own light<br />Inside a quiet hostel, with a central location in Colonia Juárez. Surrounded by cafes, restaurants, and tourist locations.<br />The hostel is very close to Colonia Roma, Chapultepec, Condesa and Centro Storico.<br /><br />We have high speed internet, shared kitchen and comfortable co-working area",Información acerca del vecindario no proporcionada,Hostal,2022-11-09,2022-11-09,Información acerca del anfitrión del no proporcionada,within a few hours,f,"['email', 'phone']",t,Cuauhtémoc,Shared room in guesthouse,Shared room,5 shared baths,"[""Carbon monoxide alarm"", ""Wifi"", ""Fire extinguisher"", ""Kitchen"", ""First aid kit"", ""Exterior security cameras on property"", ""Dedicated workspace"", ""Smoke alarm""]",9999-01-01,No disponible,t,964610187834265417,1.0,1.0,9.0,12.0,19.4274452,-99.1572396,1.0,1.4,1.6,1.0,561.0,1.0,365.0,1.0,365.0,0,0,0,163,0.0,0.0,4.8,4.9,4.8,4.8,4.8,4.7,1.7
2024-09-25,city scrape,Low bed | Mixed Shared Room,"Get to know and enjoy this new concept that Mr. Herold Homes has for you!<br /><br />Shared rooms with a unique, urban and luxurious design.<br /><br />Comfortable and safe spaces, with all the basic amenities, to live a pleasant and pleasant experience, without worrying about anything, other than enjoying your stay, whether for work, health, or pleasure, at Herold Homes we want to make you feel at home .<br /><br />Come and live the Herold Homes experience…<br />Welcome to Herold Homes, welcome to the good life!","It is located in a very complete area of CDMX since the Honorable Guest can find a variety of services according to their needs.<br />Located very close to the Francisco Márquez Olympic Pool.<br /><br />15 minutes away you can visit the Frida Kahlo Museum, which is the most representative cultural venue of the Mexican artist, as well as containing an important part of her artistic legacy.<br />We are located near La Calzada Tlalpan which has connection to several points in CDMX, just 40 minutes from the Mexico City Airport and 60 minutes from the North Bus Station.",Maria Yuliana,2016-09-07,2016-09-07,"Vive la experiencia Mr. Herold Homes
Espacios cómodos y seguros, con todas las amenidades básicas, para vivir una experiencia amena y placentera, sin preocuparte de nada, más que de disfrutar tu estancia, ya sea por trabajo, salud, o placer, en Mr. Herold Homes queremos hacerte sentir como en casa.",within an hour,f,"['email', 'phone']",f,Benito Juárez,Shared room in hostel,Shared room,2 shared baths,"[""Iron"", ""Outdoor furniture"", ""Elevator"", ""Paid washer \u2013 In building"", ""Heating"", ""Private patio or balcony"", ""Shared gym in building"", ""Cleaning available during stay"", ""City skyline view"", ""Paid parking on premises"", ""Refrigerator"", ""Fast wifi \u2013 340 Mbps"", ""Dishes and silverware"", ""Self check-in"", ""Dishwasher"", ""AC - split type ductless system"", ""Building staff"", ""Blender"", ""Body soap"", ""Carbon monoxide alarm"", ""Coffee maker"", ""Hot water kettle"", ""Long term stays allowed"", ""First aid kit"", ""Toaster"", ""Essentials"", ""Shampoo"", ""Hot water"", ""Bidet"", ""Dining table"", ""55 inch HDTV with standard cable"", ""Shower gel"", ""Luggage dropoff allowed"", ""Teka induction stove"", ""Coffee"", ""Bed linens"", ""Kitchen"", ""Conditioner"", ""Smoke alarm"", ""Extra pillows and blankets"", ""Cooking basics"", ""Fire extinguisher"", ""Room-darkening shades"", ""Trash compactor"", ""Paid dryer \u2013 In building"", ""Exterior security cameras on property"", ""Dedicated workspace"", ""Exercise equipment: free weights, yoga mat"", ""Hair dryer"", ""Microwave""]",2023-09-09,No disponible,t,963054498430199889,0.96,0.99,64.0,65.0,19.36331710992565,-99.1518705335406,1.0,2.0,1.0,2.0,336.0,1.0,120.0,1.0,1125.0,27,57,87,361,6.0,0.0,4.5,4.83,5.0,4.83,4.83,4.83,0.47
2024-09-25,city scrape,Low bed / Shared Room Men,"Get to know and enjoy this new concept that Mr. Herold Homes has for you!<br /><br />Shared rooms with a unique, urban and luxurious design.<br /><br />Comfortable and safe spaces, with all the basic amenities, to live a pleasant and pleasant experience, without worrying about anything, other than enjoying your stay, whether for work, health, or pleasure, at Herold Homes we want to make you feel at home .<br /><br />Come and live the Herold Homes experience…<br />Welcome to Herold Homes, welcome to the good life!","It is located in a very complete area of CDMX since the Honorable Guest can find a variety of services according to their needs.<br />Located very close to the Francisco Márquez Olympic Pool.<br /><br />15 minutes away you can visit the Frida Kahlo Museum, which is the most representative cultural venue of the Mexican artist, as well as containing an important part of her artistic legacy.<br />We are located near La Calzada Tlalpan which has connection to several points in CDMX, just 40 minutes from the Mexico City Airport and 60 minutes from the North Bus Station.",Maria Yuliana,2016-09-07,2016-09-07,"Vive la experiencia Mr. Herold Homes
Espacios cómodos y seguros, con todas las amenidades básicas, para vivir una experiencia amena y placentera, sin preocuparte de nada, más que de disfrutar tu estancia, ya sea por trabajo, salud, o placer, en Mr. Herold Homes queremos hacerte sentir como en casa.",within an hour,f,"['email', 'phone']",f,Benito Juárez,Shared room in hostel,Shared room,1 shared bath,"[""Iron"", ""Elevator"", ""Paid washer \u2013 In building"", ""Heating"", ""Freezer"", ""Private patio or balcony"", ""Shared gym in building"", ""City skyline view"", ""Coffee maker: drip coffee maker"", ""Paid parking on premises"", ""Cleaning available during stay"", ""Refrigerator"", ""Dishes and silverware"", ""Self check-in"", ""Dishwasher"", ""Building staff"", ""Blender"", ""Portable fans"", ""Body soap"", ""Carbon monoxide alarm"", ""Hot water kettle"", ""Long term stays allowed"", ""First aid kit"", ""Toaster"", ""Essentials"", ""Shampoo"", ""Hot water"", ""Dining table"", ""Shower gel"", ""Fast wifi \u2013 358 Mbps"", ""Luggage dropoff allowed"", ""Teka induction stove"", ""Coffee"", ""Bed linens"", ""Kitchen"", ""Conditioner"", ""Smoke alarm"", ""Extra pillows and blankets"", ""55 inch HDTV with Netflix, standard cable"", ""Cooking basics"", ""Fire extinguisher"", ""Trash compactor"", ""Paid dryer \u2013 In building"", ""Exterior security cameras on property"", ""Dedicated workspace"", ""Exercise equipment: free weights, yoga mat"", ""Hair dryer"", ""Microwave""]",2023-10-04,No disponible,t,966732279410844740,0.96,0.99,64.0,65.0,19.3636441,-99.1507401,1.0,1.0,1.0,4.0,323.0,1.0,120.0,1.0,1125.0,30,60,90,364,4.0,0.0,5.0,5.0,4.75,4.75,4.75,4.25,0.34
2024-09-25,city scrape,Top Bed | Shared Room Men,"Get to know and enjoy this new concept that Mr. Herold Homes has for you!<br /><br />Shared rooms with a unique, urban and luxurious design.<br /><br />Comfortable and safe spaces, with all the basic amenities, to live a pleasant and pleasant experience, without worrying about anything, other than enjoying your stay, whether for work, health, or pleasure, at Herold Homes we want to make you feel at home .<br /><br />Come and live the Herold Homes experience…<br />Welcome to Herold Homes, welcome to the good life!","It is located in a very complete area of CDMX since the Honorable Guest can find a variety of services according to their needs.<br />Located very close to the Francisco Márquez Olympic Pool.<br /><br />15 minutes away you can visit the Frida Kahlo Museum, which is the most representative cultural venue of the Mexican artist, as well as containing an important part of her artistic legacy.<br />We are located near La Calzada Tlalpan which has connection to several points in CDMX, just 40 minutes from the Mexico City Airport and 60 minutes from the North Bus Station.",Maria Yuliana,2016-09-07,2016-09-07,"Vive la experiencia Mr. Herold Homes
Espacios cómodos y seguros, con todas las amenidades básicas, para vivir una experiencia amena y placentera, sin preocuparte de nada, más que de disfrutar tu estancia, ya sea por trabajo, salud, o placer, en Mr. Herold Homes queremos hacerte sentir como en casa.",within an hour,f,"['email', 'phone']",f,Benito Juárez,Shared room in hostel,Shared room,1 shared bath,"[""Shared patio or balcony"", ""Iron"", ""Elevator"", ""Paid washer \u2013 In building"", ""Heating"", ""Freezer"", ""Shared gym in building"", ""Cleaning available during stay"", ""City skyline view"", ""Paid parking on premises"", ""Refrigerator"", ""Dishes and silverware"", ""Self check-in"", ""Building staff"", ""Blender"", ""Portable fans"", ""Body soap"", ""Carbon monoxide alarm"", ""Coffee maker"", ""Hot water kettle"", ""Long term stays allowed"", ""First aid kit"", ""Toaster"", ""Essentials"", ""Shampoo"", ""Hot water"", ""Bidet"", ""Dining table"", ""Shower gel"", ""Luggage dropoff allowed"", ""Teka induction stove"", ""Coffee"", ""Kitchen"", ""Conditioner"", ""Books and reading material"", ""Smoke alarm"", ""Extra pillows and blankets"", ""55 inch HDTV with Netflix, standard cable"", ""Fast wifi \u2013 379 Mbps"", ""Cooking basics"", ""Fire extinguisher"", ""Room-darkening shades"", ""Trash compactor"", ""Paid dryer \u2013 In building"", ""Exterior security cameras on property"", ""Dedicated workspace"", ""Exercise equipment: free weights, yoga mat"", ""Hair dryer"", ""Microwave""]",2023-09-13,No disponible,t,966736553073649774,0.96,0.99,64.0,65.0,19.3636441,-99.1507401,1.0,1.0,1.0,4.0,323.0,1.0,120.0,1.0,1125.0,30,60,90,364,3.0,0.0,5.0,5.0,5.0,4.67,5.0,5.0,0.24
2024-09-25,city scrape,Low bed | Shared Room Men,"Get to know and enjoy this new concept that Mr. Herold Homes has for you!<br /><br />Shared rooms with a unique, urban and luxurious design.<br /><br />Comfortable and safe spaces, with all the basic amenities, to live a pleasant and pleasant experience, without worrying about anything, other than enjoying your stay, whether for work, health, or pleasure, at Herold Homes we want to make you feel at home .<br /><br />Come and live the Herold Homes experience…<br />Welcome to Herold Homes, welcome to the good life!","It is located in a very complete area of CDMX since the Honorable Guest can find a variety of services according to their needs.<br />Located very close to the Francisco Márquez Olympic Pool.<br /><br />15 minutes away you can visit the Frida Kahlo Museum, which is the most representative cultural venue of the Mexican artist, as well as containing an important part of her artistic legacy.<br />We are located near La Calzada Tlalpan which has connection to several points in CDMX, just 40 minutes from the Mexico City Airport and 60 minutes from the North Bus Station.",Maria Yuliana,2016-09-07,2016-09-07,"Vive la experiencia Mr. Herold Homes
Espacios cómodos y seguros, con todas las amenidades básicas, para vivir una experiencia amena y placentera, sin preocuparte de nada, más que de disfrutar tu estancia, ya sea por trabajo, salud, o placer, en Mr. Herold Homes queremos hacerte sentir como en casa.",within an hour,f,"['email', 'phone']",f,Benito Juárez,Shared room in hostel,Shared room,1 shared bath,"[""Iron"", ""Outdoor furniture"", ""Elevator"", ""Paid washer \u2013 In building"", ""Heating"", ""Freezer"", ""Private patio or balcony"", ""Shared gym in building"", ""City skyline view"", ""Coffee maker: drip coffee maker"", ""Paid parking on premises"", ""Cleaning available during stay"", ""Refrigerator"", ""Dishes and silverware"", ""Self check-in"", ""Dishwasher"", ""Building staff"", ""Blender"", ""Portable fans"", ""Body soap"", ""Carbon monoxide alarm"", ""Hot water kettle"", ""Long term stays allowed"", ""First aid kit"", ""Toaster"", ""Essentials"", ""Shampoo"", ""Hot water"", ""Bidet"", ""Dining table"", ""Shower gel"", ""Dryer"", ""Luggage dropoff allowed"", ""Teka induction stove"", ""Coffee"", ""Bed linens"", ""Kitchen"", ""Conditioner"", ""Smoke alarm"", ""Extra pillows and blankets"", ""55 inch HDTV with Netflix, standard cable"", ""Fast wifi \u2013 309 Mbps"", ""Cooking basics"", ""Fire extinguisher"", ""Room-darkening shades"", ""Trash compactor"", ""Exterior security cameras on property"", ""Dedicated workspace"", ""Exercise equipment: free weights, yoga mat"", ""Hair dryer"", ""Microwave""]",2023-10-06,No disponible,t,966739207554807654,0.96,0.99,64.0,65.0,19.3636441,-99.1507401,1.0,1.0,1.0,4.0,328.0,1.0,120.0,1.0,1125.0,29,59,89,363,5.0,0.0,4.8,4.8,5.0,4.8,5.0,4.6,0.42
2024-09-25,city scrape,1.Breakfast Included / Barrio Downtown Mexico City,"Our location in the heart of the city, ""El Centro"", makes everyone staying with us feel part of our culture from the first moment.<br />Breakfast courtesy, Wi-Fi.<br /><br />-Estadio GNP Seguros (Foro Sol), Autódromo Hnos. Rodríguez, Palacio de los Deportes (7.7 km)<br />-AICM 20 - 30 min - taxi (8.3 km)<br />-Torre Caballito (Av. P. Reforma)<br />-Teatro Metropólitan<br />-Haires Palace<br />-Zócalo CDMX<br /><br />We hope you have all the experiences we have ready for you!",Información acerca del vecindario no proporcionada,Barrio,2022-08-23,2022-08-23,Información acerca del anfitrión del no proporcionada,within an hour,t,['phone'],t,Cuauhtémoc,Shared room in hostel,Shared room,1 shared bath,"[""Wifi"", ""Exterior security cameras on property"", ""Dishes and silverware"", ""Self check-in"", ""Building staff"", ""Backyard"", ""Breakfast"", ""Long term stays allowed"", ""First aid kit"", ""Essentials"", ""Hot water"", ""Luggage dropoff allowed"", ""Patio or balcony"", ""Bed linens"", ""Smoke alarm"", ""Safe"", ""Hair dryer"", ""Fire extinguisher"", ""Elevator"", ""Dedicated workspace"", ""Ping pong table"", ""Paid parking off premises"", ""Microwave""]",2023-09-10,No disponible,t,965932045412517434,0.99,1.0,11.0,13.0,19.4306364,-99.1386755,1.0,1.0,1.0,1.0,362.0,1.0,365.0,1.0,1125.0,15,45,75,114,32.0,1.0,4.91,4.88,4.97,4.91,4.81,4.94,2.51
2024-09-26,city scrape,Cuarto Compartido (Andriacci),"Shared room for 6 women<br />Each bed has 3 outlets and its own light<br />Inside a quiet hostel, with a central location in Colonia Juárez. Surrounded by cafes, restaurants, and tourist locations.<br />The hostel is very close to Colonia Roma, Chapultepec, Condesa and Centro Storico.<br /><br />We have high speed internet, shared kitchen and comfortable co-working area",Información acerca del vecindario no proporcionada,Hostal,2022-11-09,2022-11-09,Información acerca del anfitrión del no proporcionada,within a few hours,f,"['email', 'phone']",t,Cuauhtémoc,Shared room in guesthouse,Shared room,5 shared baths,"[""Carbon monoxide alarm"", ""Wifi"", ""Fire extinguisher"", ""Kitchen"", ""First aid kit"", ""Exterior security cameras on property"", ""Dedicated workspace"", ""Smoke alarm""]",9999-01-01,No disponible,t,965972074911558075,1.0,1.0,9.0,12.0,19.4274452,-99.1572396,1.0,1.4,1.0,1.0,584.0,1.0,365.0,1.0,365.0,30,60,90,309,0.0,0.0,4.8,4.9,4.8,4.8,4.8,4.7,1.7
2024-09-25,city scrape,Top Bed | Shared Room Men,"Get to know and enjoy this new concept that Mr. Herold Homes has for you!<br /><br />Shared rooms with a unique, urban and luxurious design.<br /><br />Comfortable and safe spaces, with all the basic amenities, to live a pleasant and pleasant experience, without worrying about anything, other than enjoying your stay, whether for work, health, or pleasure, at Herold Homes we want to make you feel at home .<br /><br />Come and live the Herold Homes experience…<br /> Welcome to Herold Homes, welcome to the good life!","It is located in a very complete area of CDMX since the Honorable Guest can find a variety of services according to their needs.<br />Located very close to the Francisco Márquez Olympic Pool.<br /><br />15 minutes away you can visit the Frida Kahlo Museum, which is the most representative cultural venue of the Mexican artist, as well as containing an important part of her artistic legacy.<br />We are located near La Calzada Tlalpan which has connection to several points in CDMX, just 40 minutes from the Mexico City Airport and 60 minutes from the North Bus Station.",Maria Yuliana,2016-09-07,2016-09-07,"Vive la experiencia Mr. Herold Homes
Espacios cómodos y seguros, con todas las amenidades básicas, para vivir una experiencia amena y placentera, sin preocuparte de nada, más que de disfrutar tu estancia, ya sea por trabajo, salud, o placer, en Mr. Herold Homes queremos hacerte sentir como en casa.",within an hour,f,"['email', 'phone']",f,Benito Juárez,Shared room in hostel,Shared room,1 shared bath,"[""Iron"", ""Elevator"", ""Paid washer \u2013 In building"", ""Heating"", ""Freezer"", ""Private patio or balcony"", ""Shared gym in building"", ""City skyline view"", ""Paid parking on premises"", ""Cleaning available during stay"", ""Refrigerator"", ""Dishes and silverware"", ""Self check-in"", ""Exercise equipment"", ""Building staff"", ""Blender"", ""Portable fans"", ""Body soap"", ""Carbon monoxide alarm"", ""Coffee maker"", ""Hot water kettle"", ""Long term stays allowed"", ""First aid kit"", ""Toaster"", ""Essentials"", ""Shampoo"", ""Hot water"", ""Dining table"", ""55 inch HDTV with standard cable"", ""Shower gel"", ""Luggage dropoff allowed"", ""Teka induction stove"", ""Coffee"", ""Bed linens"", ""Kitchen"", ""Conditioner"", ""Fast wifi \u2013 378 Mbps"", ""Smoke alarm"", ""Extra pillows and blankets"", ""Fire extinguisher"", ""Room-darkening shades"", ""Trash compactor"", ""Paid dryer \u2013 In building"", ""Exterior security cameras on property"", ""Dedicated workspace"", ""Cooking basics"", ""Hair dryer"", ""Microwave""]",2024-08-19,No disponible,t,966717381073844918,0.96,0.99,64.0,65.0,19.3636441,-99.1507401,1.0,1.0,1.0,2.0,265.0,1.0,120.0,1.0,1125.0,30,60,90,364,1.0,0.0,5.0,5.0,5.0,5.0,5.0,5.0,0.79
2024-09-25,city scrape,Campamento para ver el amanecer.,"Come and enjoy nature in a beautiful chinampa surrounded by water, flowers and the greatest diversity of birds in the center of the country. We have barbecue service, temazcal, splash, treehouse, climbing wall, hammock, beds, kayak and trajinera rides, breakfast, lunch and dinner, ask for our menu. Ideal space for all kinds of people, from families to people who enjoy traveling alone, backpackers, digital nomads and those traveling with their pet.",Información acerca del vecindario no proporcionada,Ana,2018-01-26,2018-01-26,"Soy una chica nacida en la ciudad de México, con formación de diseñadora y artista plástica, mis intereses son las artes, el diseño, la música, la permacultura, tengo preferencia por los géneros; metal, el post rock, el free jazz y sus parecidos. El cine de terror, ficción y suspenso, me encanta cocinar, disfruto de la natación el remo, ciclismo y viajar. Me gusta organizar reuniones con algunos amigos donde cocinamos, compartimos nuestros platillos favoritos mientras convivimos con una buena platica, buena música o una buena película. me interesa el intercambio cultural y la buena convivencia basada en honestidad altruismo y compañerismo. Por ello busco que quienes respondan a mi oferta de alquiler además de buscar un espacio idóneo para su estancia, tengan en cuenta que parte de ello es mantener y favorecer el trato amistoso y sincero que recibirán por parte de quienes habitamos el espacio.

I am a girl born in Mexico City, with training as a designer and plastic artist, my interests are arts, design, music, I have a preference for genres; metal, post rock, free jazz and their like. Horror, fiction and suspense movies, I love cooking, I enjoy swimming, cycling and traveling. I like to organize meetings with some friends where we cook, we share our favorite dishes while we live with a good talk, good music or a good movie. I am interested in cultural exchange and good coexistence based on honesty altruism and companionship. That is why I am looking for those who respond to my rental offer in addition to looking for an ideal space for their stay, keep in mind that part of it is to maintain and favor the friendly and sincere treatment they will receive from those who inhabit the space.",within an hour,t,"['email', 'phone']",t,Xochimilco,Shared room in tent,Shared room,3 shared baths,"[""Canal view"", ""Outdoor furniture"", ""Fire pit"", ""Courtyard view"", ""Freezer"", ""Laundromat nearby"", ""City skyline view"", ""Outdoor shower"", ""Paid parking on premises"", ""Refrigerator"", ""Dishes and silverware"", ""Pets allowed"", ""Kayak"", ""Backyard"", ""Pool view"", ""Climbing wall"", ""Mountain view"", ""Hammock"", ""Lake view"", ""Garden view"", ""Smoking allowed"", ""Lake access"", ""Outdoor playground"", ""Single level home"", ""Kitchen"", ""BBQ grill"", ""Outdoor dining area"", ""Stove"", ""Shared pool"", ""Paid parking lot off premises"", ""Wine glasses"", ""Free street parking"", ""Sun loungers"", ""Cooking basics"", ""Resort view"", ""Boat slip""]",9999-01-01,No disponible,f,968208619584485003,1.0,0.93,15.0,17.0,19.4,-99.09996,3.1,3.0,1.0,1.0,286.0,1.0,730.0,1.0,730.0,30,60,90,365,0.0,0.0,4.8,4.9,4.8,4.8,4.8,4.7,1.7
2024-09-25,city scrape,Shared Room,Shared Room near Metro Lindavista and IPN,Información acerca del vecindario no proporcionada,Luis,2018-08-04,2018-08-04,"Hello my friends, my house is very big and interesting, I always have guests from different parts of the world and therefore there is a very broad cultural exchange. The location is excellent because the Airport is 15 minutes from here and the downtown too. The Metrobus is around the corner, is very cheap to travel on it.",a few days or more,f,"['email', 'phone']",t,Gustavo A. Madero,Shared room in guesthouse,Shared room,5 shared baths,"[""Shared patio or balcony"", ""Washer"", ""TV"", ""Wifi"", ""Fire extinguisher"", ""Kitchen"", ""Hammock"", ""First aid kit"", ""Long term stays allowed"", ""Exercise equipment"", ""Smoking allowed"", ""Dedicated workspace"", ""Ping pong table"", ""BBQ grill: charcoal""]",2023-10-11,No disponible,f,973537060516079580,1.0,0.3,116.0,124.0,19.49173274214159,-99.13796866824876,1.0,1.4,1.0,1.0,175.0,28.0,365.0,28.0,365.0,8,38,68,247,5.0,0.0,4.0,4.8,3.8,4.4,5.0,4.2,0.43
2024-09-25,city scrape,Shared room for students,Shared room for students near Instituto Politecnico Nacional,Información acerca del vecindario no proporcionada,Luis,2018-08-04,2018-08-04,"Hello my friends, my house is very big and interesting, I always have guests from different parts of the world and therefore there is a very broad cultural exchange. The location is excellent because the Airport is 15 minutes from here and the downtown too. The Metrobus is around the corner, is very cheap to travel on it.",a few days or more,f,"['email', 'phone']",t,Gustavo A. Madero,Shared room in guesthouse,Shared room,2 shared baths,"[""Washer"", ""Wifi"", ""Cooking basics"", ""Fire extinguisher"", ""Bed linens"", ""Kitchen"", ""Hammock"", ""Dishes and silverware"", ""Long term stays allowed"", ""Smoking allowed"", ""Ping pong table"", ""BBQ grill: charcoal"", ""Shared backyard""]",9999-01-01,No disponible,f,973546343729518077,1.0,0.3,116.0,124.0,19.49735,-99.12842,1.0,2.0,1.0,1.0,175.0,28.0,365.0,28.0,365.0,29,59,89,269,0.0,0.0,4.8,4.9,4.8,4.8,4.8,4.7,1.7
2024-09-25,city scrape,Shared room for students,Shared room for students,Información acerca del vecindario no proporcionada,Luis,2018-08-04,2018-08-04,"Hello my friends, my house is very big and interesting, I always have guests from different parts of the world and therefore there is a very broad cultural exchange. The location is excellent because the Airport is 15 minutes from here and the downtown too. The Metrobus is around the corner, is very cheap to travel on it.",a few days or more,f,"['email', 'phone']",t,Gustavo A. Madero,Shared room in guesthouse,Shared room,2 shared baths,"[""Shared patio or balcony"", ""Washer"", ""Wifi"", ""Fire extinguisher"", ""Smoking allowed"", ""Bed linens"", ""Kitchen"", ""Hammock"", ""Dishes and silverware"", ""Long term stays allowed"", ""Hot water"", ""Drying rack for clothing"", ""Ping pong table"", ""BBQ grill: charcoal"", ""Shared backyard""]",2024-09-02,No disponible,f,973564094413435443,1.0,0.3,116.0,124.0,19.49766170131245,-99.12825194239012,1.0,2.0,1.0,1.0,175.0,28.0,365.0,28.0,365.0,10,40,70,249,1.0,1.0,5.0,5.0,5.0,5.0,5.0,5.0,1.0
2024-09-25,city scrape,Shared room for students,Shared rooms for students near Instituto Politecnico Nacional,Información acerca del vecindario no proporcionada,Luis,2018-08-04,2018-08-04,"Hello my friends, my house is very big and interesting, I always have guests from different parts of the world and therefore there is a very broad cultural exchange. The location is excellent because the Airport is 15 minutes from here and the downtown too. The Metrobus is around the corner, is very cheap to travel on it.",a few days or more,f,"['email', 'phone']",t,Gustavo A. Madero,Shared room in guesthouse,Shared room,2 shared baths,"[""Shared patio or balcony"", ""Washer"", ""Wifi"", ""Cooking basics"", ""Fire extinguisher"", ""Smoking allowed"", ""Gas stove"", ""Bed linens"", ""Kitchen"", ""Hammock"", ""Long term stays allowed"", ""Hot water"", ""Ping pong table"", ""BBQ grill: charcoal"", ""Shared backyard""]",2024-01-23,No disponible,f,974241151491945051,1.0,0.3,116.0,124.0,19.49755276394693,-99.1302235526274,1.0,2.0,1.0,1.0,175.0,28.0,365.0,28.0,365.0,25,55,85,265,1.0,0.0,5.0,4.0,4.0,4.0,5.0,5.0,0.12
2024-09-25,city scrape,Shared Room Near IPN,Shared rooms for students near Instituto Politecnico Nacional.,Información acerca del vecindario no proporcionada,Luis,2018-08-04,2018-08-04,"Hello my friends, my house is very big and interesting, I always have guests from different parts of the world and therefore there is a very broad cultural exchange. The location is excellent because the Airport is 15 minutes from here and the downtown too. The Metrobus is around the corner, is very cheap to travel on it.",a few days or more,f,"['email', 'phone']",t,Gustavo A. Madero,Shared room in guesthouse,Shared room,3.5 shared baths,"[""Washer"", ""Wifi"", ""Kitchen"", ""Dedicated workspace""]",9999-01-01,No disponible,f,974255065783472414,1.0,0.3,116.0,124.0,19.495512056155736,-99.1356506561898,1.0,3.5,1.0,1.0,175.0,28.0,365.0,28.0,365.0,30,60,90,270,0.0,0.0,4.8,4.9,4.8,4.8,4.8,4.7,1.7
2024-09-25,city scrape,Cama en habitación compartida,"Welcome to the shared space ideal for nomads in the city! Bed in shared room with all the comfort and privacy. The shared bathroom is exclusively for the guests of the room, ensuring comfort and convenience. Enjoy an extended stay in this spacious room with high internet speed! Close to Reforma, Chapultepec, Polanco and other iconic areas.",Información acerca del vecindario no proporcionada,Julia,2023-05-16,2023-05-16,Información acerca del anfitrión del no proporcionada,within an hour,f,"['email', 'phone']",t,Miguel Hidalgo,Shared room in home,Shared room,1.5 shared baths,"[""Free parking on premises"", ""Washer"", ""TV"", ""Wifi"", ""Fire extinguisher"", ""Kitchen"", ""First aid kit"", ""BBQ grill"", ""Outdoor dining area"", ""Exterior security cameras on property"", ""Dedicated workspace""]",9999-01-01,No disponible,f,986267742626672929,1.0,0.86,8.0,14.0,19.42961,-99.17921,1.0,1.5,1.0,1.0,260.0,1.0,365.0,1.0,365.0,0,0,23,203,0.0,0.0,4.8,4.9,4.8,4.8,4.8,4.7,1.7
2024-09-25,city scrape,Cama 2 en habitación compartida,"Welcome to the shared space ideal for nomads in the city! Bed in shared room with all the comfort and privacy. The shared bathroom is exclusively for the guests of the room, ensuring comfort and convenience. Enjoy an extended stay in this spacious room with high internet speed! Close to Reforma, Chapultepec, Polanco and other iconic areas.",Información acerca del vecindario no proporcionada,Julia,2023-05-16,2023-05-16,Información acerca del anfitrión del no proporcionada,within an hour,f,"['email', 'phone']",t,Miguel Hidalgo,Shared room in home,Shared room,1.5 shared baths,"[""Free parking on premises"", ""Washer"", ""TV"", ""Wifi"", ""Fire extinguisher"", ""Kitchen"", ""First aid kit"", ""BBQ grill"", ""Outdoor dining area"", ""Exterior security cameras on property"", ""Dedicated workspace""]",2023-10-23,No disponible,f,991432613033764602,1.0,0.86,8.0,14.0,19.43095,-99.18003,1.0,1.5,1.0,1.0,450.0,1.0,365.0,1.0,365.0,0,0,23,203,1.0,0.0,5.0,5.0,5.0,5.0,5.0,5.0,0.09
2024-09-25,city scrape,Cama 3 en habitación compartida,"Welcome to the shared space ideal for nomads in the city! Bed in shared room with all the comfort and privacy. The shared bathroom is exclusively for the guests of the room, ensuring comfort and convenience. Enjoy an extended stay in this spacious room with high internet speed! Close to Reforma, Chapultepec, Polanco and other iconic areas",Información acerca del vecindario no proporcionada,Julia,2023-05-16,2023-05-16,Información acerca del anfitrión del no proporcionada,within an hour,f,"['email', 'phone']",t,Miguel Hidalgo,Shared room in home,Shared room,1.5 shared baths,"[""Free parking on premises"", ""Washer"", ""TV"", ""Wifi"", ""Fire extinguisher"", ""Kitchen"", ""First aid kit"", ""BBQ grill"", ""Outdoor dining area"", ""Exterior security cameras on property"", ""Dedicated workspace""]",2024-02-29,No disponible,f,1001591027184186346,1.0,0.86,8.0,14.0,19.429166050082618,-99.17988084386006,1.0,1.5,1.0,1.0,510.0,1.0,365.0,1.0,365.0,0,0,23,203,1.0,0.0,5.0,5.0,5.0,5.0,5.0,5.0,0.14
2024-09-25,city scrape,Descansa cerca del aeropuerto en un sofá cama,"Quiet and safe space to rest near the AICM, Autódromo Hermanos Rodríguez and the Palacio de los Deportes.<br />The area is open as the sofa bed is located in our living room, there is wi-fi service and everything you need for a night of passage in what you expect a flight or rest after a concert.",Información acerca del vecindario no proporcionada,Claudia,2017-07-31,2017-07-31,"Soy mexicana de 37 años. Soy administradora de corazón y me encanta la idea de conocer  nuevos lugares y personas por eso amo esta app.
",within an hour,t,"['email', 'phone']",t,Iztacalco,Shared room in rental unit,Shared room,1 shared bath,"[""Body soap"", ""Iron"", ""Carbon monoxide alarm"", ""Wifi"", ""Hot water kettle"", ""Host greets you"", ""Kitchen"", ""Essentials"", ""Hot water"", ""Blender"", ""Cooking basics"", ""Smoke alarm""]",2023-10-29,No disponible,f,1004213530651857831,1.0,0.98,2.0,2.0,19.41563263135425,-99.07186764734853,1.0,1.0,1.0,1.0,249.0,1.0,3.0,1.0,3.0,16,20,44,44,26.0,1.0,4.92,4.92,4.96,4.92,4.85,4.96,2.34
2024-09-25,city scrape,Dormitorio Mixto compartido de 10 camas,"Shared mixed room with bunk bed, ideal for the rest of the tourist, and for those who want to meet new national and international people. It has a ceiling fan, excellent location with department stores, jewelry stores, restaurants and bars.",Información acerca del vecindario no proporcionada,De Los Reyes Hostal,2023-03-06,2023-03-06,Información acerca del anfitrión del no proporcionada,within a few hours,f,"['email', 'phone']",t,Cuauhtémoc,Shared room in bed and breakfast,Shared room,2 shared baths,"[""TV"", ""Wifi"", ""Fire extinguisher"", ""Long term stays allowed"", ""First aid kit"", ""Dishes and silverware"", ""Essentials"", ""Exterior security cameras on property""]",2023-11-26,No disponible,t,1009161116632880245,0.8,1.0,3.0,4.0,19.4298017,-99.1326335,10.0,2.0,1.0,1.8,400.0,1.0,1125.0,1.0,1104.4,6,6,6,8,1.0,0.0,4.8,4.8,4.8,4.9,4.9,4.8,0.1
2024-09-26,city scrape,Cama individual literacompartida,Take a break and unwind at this peaceful space,Información acerca del vecindario no proporcionada,Brenda,2023-01-27,2023-01-27,"¡Hola! Bienvenido a nuestro Mexico querido. Te ofrecemos un espacio ubicado en Condesa, una de las colonias mas turisticas de la CDMX.
",within an hour,f,"['email', 'phone']",t,Cuauhtémoc,Shared room in guesthouse,Shared room,2 shared baths,"[""Carbon monoxide alarm"", ""Wifi"", ""Kitchen"", ""First aid kit"", ""Exterior security cameras on property"", ""Smoke alarm""]",2023-11-22,No disponible,t,1022014068984522505,0.86,0.99,6.0,8.0,19.41643798668009,-99.16697971522808,1.0,2.0,1.0,1.0,180.0,1.0,365.0,1.0,365.0,26,56,86,265,11.0,0.0,4.18,4.27,4.36,4.09,4.82,4.09,1.06
2024-09-26,city scrape,Cozy Luminous Room in Condesa,"The room is located in a spacious, bright and very quiet apartment in the heart of the Condesa area. It has its own bathroom inside the bedroom.",Información acerca del vecindario no proporcionada,Miranda,2017-02-27,2017-02-27,Información acerca del anfitrión del no proporcionada,within an hour,f,"['email', 'phone']",t,Cuauhtémoc,Shared room in rental unit,Shared room,1 shared bath,"[""Washer"", ""Wifi"", ""Paid parking on premises"", ""Kitchen"", ""Dedicated workspace"", ""Smoking allowed""]",9999-01-01,No disponible,f,1024621556162495546,1.0,0.9,1.0,1.0,19.409004309480792,-99.17601296913044,2.0,1.0,0.0,1.0,600.0,30.0,365.0,30.0,365.0,29,59,89,269,0.0,0.0,4.8,4.9,4.8,4.8,4.8,4.7,1.7
2024-09-25,city scrape,Shared Room for students near IPN,Shared room for students near Instituto Politecnico Nacional,Información acerca del vecindario no proporcionada,Luis,2018-08-04,2018-08-04,"Hello my friends, my house is very big and interesting, I always have guests from different parts of the world and therefore there is a very broad cultural exchange. The location is excellent because the Airport is 15 minutes from here and the downtown too. The Metrobus is around the corner, is very cheap to travel on it.",a few days or more,f,"['email', 'phone']",t,Gustavo A. Madero,Shared room in guesthouse,Shared room,3.5 shared baths,"[""Washer"", ""Wifi"", ""Kitchen"", ""Exterior security cameras on property"", ""Dedicated workspace"", ""Smoking allowed""]",2024-05-12,No disponible,f,1037705382524939775,1.0,0.3,116.0,124.0,19.49503,-99.13706,1.0,3.5,1.0,1.0,175.0,28.0,365.0,28.0,365.0,30,60,90,269,2.0,1.0,5.0,4.5,5.0,5.0,5.0,4.5,0.44
2024-09-25,city scrape,Shared Room,Shared rooms for students near Instituto Politecnico Nacional,Información acerca del vecindario no proporcionada,Luis,2018-08-04,2018-08-04,"Hello my friends, my house is very big and interesting, I always have guests from different parts of the world and therefore there is a very broad cultural exchange. The location is excellent because the Airport is 15 minutes from here and the downtown too. The Metrobus is around the corner, is very cheap to travel on it.",a few days or more,f,"['email', 'phone']",t,Gustavo A. Madero,Shared room in guesthouse,Shared room,3.5 shared baths,"[""Washer"", ""Wifi"", ""Kitchen"", ""Exterior security cameras on property"", ""Dedicated workspace""]",2024-08-02,No disponible,f,1039455623650384014,1.0,0.3,116.0,124.0,19.49585,-99.13524,1.0,3.5,1.0,1.0,175.0,28.0,365.0,28.0,365.0,26,56,86,266,1.0,0.0,4.8,4.8,4.8,4.9,5.0,4.8,0.55
2024-09-25,city scrape,Shared room for students,Shared rooms for students near IPN.,Información acerca del vecindario no proporcionada,Luis,2018-08-04,2018-08-04,"Hello my friends, my house is very big and interesting, I always have guests from different parts of the world and therefore there is a very broad cultural exchange. The location is excellent because the Airport is 15 minutes from here and the downtown too. The Metrobus is around the corner, is very cheap to travel on it.",a few days or more,f,"['email', 'phone']",t,Gustavo A. Madero,Shared room in guesthouse,Shared room,3.5 shared baths,"[""Washer"", ""Wifi"", ""Kitchen"", ""Exterior security cameras on property"", ""Dedicated workspace""]",9999-01-01,No disponible,f,1039357912036501618,1.0,0.3,116.0,124.0,19.493974271802216,-99.1355636471985,1.0,3.5,1.0,1.0,175.0,28.0,365.0,28.0,365.0,30,60,90,270,0.0,0.0,4.8,4.9,4.8,4.8,4.8,4.7,1.7
2024-09-25,city scrape,Habitación,Re-connect with your loved ones at this ideal family-friendly home.,Información acerca del vecindario no proporcionada,Liliana,2020-10-08,2020-10-08,Información acerca del anfitrión del no proporcionada,within an hour,f,"['email', 'phone']",t,Gustavo A. Madero,Shared room in home,Shared room,1 shared bath,"[""Dedicated workspace""]",9999-01-01,No disponible,t,1040842591729815222,1.0,1.0,1.0,1.0,19.49233,-99.12153,1.0,1.0,1.6,1.0,2850.0,1.0,365.0,1.0,365.0,30,60,90,269,0.0,0.0,4.8,4.9,4.8,4.8,4.8,4.7,1.7
2024-09-25,city scrape,Habitación compartida,"A single room is rented in a shared apartment with two people, the room has a single bed, closet, desk and chair. <br />Common areas equipped with trout, license plate, refrigerator, table and benches.",Información acerca del vecindario no proporcionada,Izamary,2021-05-06,2021-05-06,Información acerca del anfitrión del no proporcionada,within an hour,f,"['email', 'phone']",t,Gustavo A. Madero,Shared room in rental unit,Shared room,1 shared bath,"[""Washer"", ""Kitchen""]",9999-01-01,No disponible,t,1040867849757423407,1.0,1.0,1.0,2.0,19.505212930804912,-99.12372553300796,1.0,1.0,1.6,1.0,2000.0,1.0,365.0,1.0,365.0,30,60,90,269,0.0,0.0,4.8,4.9,4.8,4.8,4.8,4.7,1.7
2024-09-25,city scrape,MINK. Grupos ó Compartida,"Relax in this quiet, comfortable and pleasant space with family or groups of friends","The best residential area in northern Mexico City,  close to the shopping area, with very good public transport communication - Metro Metrobus, Cablebus and others. Hospital 1st of October 10 minutes, Traumatologia Magdalena de la Salinas and Hospital Juarez at 12 minutes walking.  Politecnico de Zacatenco just an 8-minute walk away",Jose,2020-11-10,2020-11-10,Información acerca del anfitrión del no proporcionada,within an hour,t,"['email', 'phone']",t,Gustavo A. Madero,Shared room in casa particular,Shared room,2 shared baths,"[""Washer"", ""TV"", ""Wifi"", ""Fire pit"", ""Indoor fireplace"", ""Laundromat nearby"", ""Kitchen"", ""BBQ grill"", ""Exterior security cameras on property"", ""Dedicated workspace""]",2023-12-17,No disponible,t,1045002183027938361,1.0,0.99,12.0,14.0,19.492851516990047,-99.1290176945116,1.0,2.0,1.0,0.0,250.0,1.0,365.0,1.0,365.0,24,54,84,263,4.0,0.0,5.0,5.0,5.0,5.0,5.0,5.0,0.42
2024-09-25,city scrape,3. HAB  Mink  Grupos ó Compartida,"Architecturally redesigned house to provide exclusively hosting service, with room availability for opening rooms.<br /><br />The nearest metro stations are Lindavista, Green Indians and March 18, of the MB Poli, Riobamba, Basilica, March 18, plus other public transport services. Benito Juárez Airport 12 km away, Terminal del Norte 2.5 km.","The best residential area in northern Mexico City,  close to the shopping area, with very good public transport communication - Metro Metrobus, Cablebus and others. Hospital 1st of October 10 minutes, Traumatologia Magdalena de la Salinas and Hospital Juarez at 12 minutes walking.  Politecnico de Zacatenco just an 8-minute walk away",Jose,2020-11-10,2020-11-10,Información acerca del anfitrión del no proporcionada,within an hour,t,"['email', 'phone']",t,Gustavo A. Madero,Shared room in guesthouse,Shared room,1 shared bath,"[""Washer"", ""TV"", ""Wifi"", ""Fire pit"", ""Indoor fireplace"", ""Laundromat nearby"", ""Kitchen"", ""BBQ grill"", ""Dedicated workspace""]",2023-12-28,No disponible,f,1049618064013799546,1.0,0.99,12.0,14.0,19.49316,-99.12862,1.0,1.0,1.0,1.0,200.0,1.0,365.0,1.0,365.0,0,26,56,235,4.0,0.0,5.0,5.0,5.0,5.0,5.0,5.0,0.44
2024-09-26,previous scrape,5.1 Lupita Habitación compartida,"In this room you rent a single bed. that shares space with another double bed, that you can be washed together or separately",Información acerca del vecindario no proporcionada,Jose,2020-11-10,2020-11-10,Información acerca del anfitrión del no proporcionada,within an hour,t,"['email', 'phone']",t,Gustavo A. Madero,Shared room in guesthouse,Shared room,2.5 shared baths,"[""Iron"", ""Washer"", ""Wifi"", ""Fire pit"", ""Freezer"", ""Laundromat nearby"", ""Cleaning available during stay"", ""Host greets you"", ""Bikes"", ""Refrigerator"", ""Mosquito net"", ""Ethernet connection"", ""Dishes and silverware"", ""Blender"", ""Portable fans"", ""Body soap"", ""Coffee maker"", ""Backyard"", ""Hot water kettle"", ""Long term stays allowed"", ""First aid kit"", ""Essentials"", ""Shampoo"", ""Hot water"", ""Dining table"", ""Shower gel"", ""Barbecue utensils"", ""Luggage dropoff allowed"", ""TV"", ""Baking sheet"", ""Coffee"", ""Patio or balcony"", ""Bed linens"", ""Kitchen"", ""Oven"", ""Outdoor dining area"", ""BBQ grill"", ""Stove"", ""Cleaning products"", ""Safe"", ""Indoor fireplace"", ""Clothing storage"", ""Room-darkening shades"", ""Wine glasses"", ""Free street parking"", ""Microwave"", ""Dedicated workspace"", ""Cooking basics"", ""Paid parking off premises""]",2024-04-14,No disponible,f,1054489375231415851,1.0,0.99,12.0,14.0,19.492336155105665,-99.12853975220064,1.0,1.5,1.6,2.0,300.0,3.0,365.0,2.8,365.0,29,59,89,269,1.0,0.0,5.0,5.0,5.0,5.0,5.0,5.0,0.18
2024-09-25,city scrape,3. MINK  Para Grupos o Compartida,"Queen bed located in shared MINK ROOM<br /><br />The beds in this room are strategically arranged for comfort and a high degree of privacy for the occupants, very suitable for healthy coexistence, family or group <br /><br />Each bed is equipped with a single-end-head lamp, a charging center for electronic equipment that is operated comfortably from the space located on the wall and close to the headboard<br /><br />Room suitable for families, groups or shared",Información acerca del vecindario no proporcionada,Jose,2020-11-10,2020-11-10,Información acerca del anfitrión del no proporcionada,within an hour,t,"['email', 'phone']",t,Gustavo A. Madero,Shared room in guesthouse,Shared room,2 shared baths,"[""Washer"", ""TV"", ""Wifi"", ""Fire pit"", ""Indoor fireplace"", ""Laundromat nearby"", ""Kitchen"", ""BBQ grill"", ""Dedicated workspace""]",2024-08-17,No disponible,t,1052408980869595161,1.0,0.99,12.0,14.0,19.491283578732403,-99.12883993525624,1.0,2.0,1.0,0.0,250.0,1.0,365.0,1.0,365.0,29,59,89,268,2.0,1.0,5.0,4.5,4.0,5.0,5.0,4.5,1.5
2024-09-25,city scrape,3. HAB. MINK  Grupos ó compartida,"Single bed located in MINK Room, shared<br />The beds in this room are strategically arranged for comfort and a high degree of privacy for the occupants, very suitable for healthy coexistence, in groups or family (The room may be washed by immunity or shared)<br />Each bed is equipped with a single-end-head lamp, a charging center for electronic equipment that is operated comfortably from the space located on the wall and close to the headboard",Información acerca del vecindario no proporcionada,Jose,2020-11-10,2020-11-10,Información acerca del anfitrión del no proporcionada,within an hour,t,"['email', 'phone']",t,Gustavo A. Madero,Shared room in guesthouse,Shared room,2 shared baths,"[""Washer"", ""TV"", ""Wifi"", ""Fire pit"", ""Indoor fireplace"", ""Laundromat nearby"", ""Kitchen"", ""BBQ grill"", ""Dedicated workspace""]",2024-01-05,No disponible,t,1052429080808412948,1.0,0.99,12.0,14.0,19.49117924628624,-99.1301815816864,1.0,2.0,1.0,1.0,200.0,1.0,365.0,1.0,365.0,0,25,55,234,12.0,0.0,5.0,5.0,4.83,4.92,5.0,4.92,1.36
2024-09-25,city scrape,3.1 Durazno. Habitación compartida,"Relax with the whole family in this place where the tranquility is breathed.<br />Each occupant has a head lamp, charging center for electronic equipment, exclusive shower - and amenities in attached areas<br /><br />Internet with TELMEX Infinitum  Speed 250 Mbps",Información acerca del vecindario no proporcionada,Jose,2020-11-10,2020-11-10,Información acerca del anfitrión del no proporcionada,within an hour,t,"['email', 'phone']",t,Gustavo A. Madero,Shared room in guesthouse,Shared room,2 shared baths,"[""Iron"", ""Washer"", ""Wifi"", ""Fire pit"", ""Freezer"", ""Laundromat nearby"", ""Cleaning available during stay"", ""Host greets you"", ""Bikes"", ""Refrigerator"", ""Mosquito net"", ""Ethernet connection"", ""Dishes and silverware"", ""Blender"", ""Portable fans"", ""Body soap"", ""Coffee maker"", ""Backyard"", ""Hot water kettle"", ""Long term stays allowed"", ""First aid kit"", ""Essentials"", ""Shampoo"", ""Hot water"", ""Dining table"", ""Shower gel"", ""Barbecue utensils"", ""Luggage dropoff allowed"", ""TV"", ""Baking sheet"", ""Coffee"", ""Patio or balcony"", ""Bed linens"", ""Kitchen"", ""Oven"", ""Outdoor dining area"", ""BBQ grill"", ""Stove"", ""Cleaning products"", ""Safe"", ""Indoor fireplace"", ""Clothing storage"", ""Room-darkening shades"", ""Wine glasses"", ""Free street parking"", ""Exterior security cameras on property"", ""Dedicated workspace"", ""Cooking basics"", ""Paid parking off premises"", ""Microwave""]",2024-03-22,No disponible,t,1052490571097252642,1.0,0.99,12.0,14.0,19.49120246851616,-99.1302674855955,1.0,2.0,1.0,1.0,200.0,1.0,365.0,1.0,365.0,0,15,45,224,7.0,1.0,4.86,4.71,4.57,5.0,5.0,4.86,1.12
2024-09-25,city scrape,Cheap shared rooms,"Enjoy this accommodation near Instituto Politecnico Nacional. If you are exchange student this will be a good place for you.<br /><br />We have WIFI, purified water, kitchen, washing machine, arcade, table futbol, ping pong and terrace for you.<br /><br />In this house you will be able to meet other students like you.<br /><br />We personally can recommend many dafe places to go shopping, eat and sightsee.",Información acerca del vecindario no proporcionada,Luis,2018-08-04,2018-08-04,"Hello my friends, my house is very big and interesting, I always have guests from different parts of the world and therefore there is a very broad cultural exchange. The location is excellent because the Airport is 15 minutes from here and the downtown too. The Metrobus is around the corner, is very cheap to travel on it.",a few days or more,f,"['email', 'phone']",t,Gustavo A. Madero,Shared room in guesthouse,Shared room,3.5 shared baths,"[""Washer"", ""Wifi"", ""Kitchen"", ""Exterior security cameras on property"", ""Dedicated workspace""]",9999-01-01,No disponible,f,1056585921420085479,1.0,0.3,116.0,124.0,19.493793654522293,-99.13538711275385,1.0,3.5,1.0,1.0,170.0,28.0,365.0,28.0,365.0,30,60,90,270,0.0,0.0,4.8,4.9,4.8,4.8,4.8,4.7,1.7
2024-09-25,city scrape,Shared room for exchange students,"Enjoy this accommodation near Instituto Politecnico Nacional. If you are exchange student this will be a good place for you.<br /><br />We have WIFI, purified water, kitchen, washing machine, arcade, table futbol, ping pong and terrace for you.<br /><br />In this house you will be able to meet other students like you.<br /><br />We personally can recommend many dafe places to go shopping, eat and sightsee.",Información acerca del vecindario no proporcionada,Luis,2018-08-04,2018-08-04,"Hello my friends, my house is very big and interesting, I always have guests from different parts of the world and therefore there is a very broad cultural exchange. The location is excellent because the Airport is 15 minutes from here and the downtown too. The Metrobus is around the corner, is very cheap to travel on it.",a few days or more,f,"['email', 'phone']",t,Gustavo A. Madero,Shared room in guesthouse,Shared room,3.5 shared baths,"[""Washer"", ""Wifi"", ""Kitchen"", ""Exterior security cameras on property"", ""Dedicated workspace""]",9999-01-01,No disponible,f,1056696106624837749,1.0,0.3,116.0,124.0,19.4956942883518,-99.13640126026546,1.0,3.5,1.0,1.0,180.0,28.0,365.0,28.0,365.0,30,60,90,270,0.0,0.0,4.8,4.9,4.8,4.8,4.8,4.7,1.7
2024-09-25,city scrape,The Airport Room,"Modest, Cozy & Safe semi-private room 5 mins away from CDMX International  Airport. Excellent location ideal for concert attendees, frequent travelers, or Emergency rooms for cancelled/delayed flights. <br />Quiet and peaceful neighborhood excellent to rest for the night, away from traffic and hectic days in the city. <br />Close to affordable transportation, 3 subway stations, TAPO, AICM, Foro Sol and other important venues. <br />Shared apartment with friendly hosts ready to make this experience worthwhile.",Información acerca del vecindario no proporcionada,Eddie,2018-08-04,2018-08-04,Información acerca del anfitrión del no proporcionada,within a few hours,t,"['email', 'phone']",t,Venustiano Carranza,Shared room in rental unit,Shared room,1 shared bath,"[""Iron"", ""Washer"", ""Wifi"", ""Refrigerator"", ""Blender"", ""Essentials"", ""Shampoo"", ""Hot water"", ""DNA body soap"", ""Coffee maker: drip coffee maker, french press, pour-over coffee"", ""Luggage dropoff allowed"", ""Coffee"", ""Bed linens"", ""Kitchen"", ""Housekeeping available every day - available at extra cost"", ""Books and reading material"", ""Room-darkening shades"", ""Cooking basics"", ""Hair dryer""]",2024-02-03,No disponible,f,1056781801076340497,0.88,0.65,1.0,1.0,19.420771926450573,-99.09071801904908,1.0,1.0,1.0,0.0,300.0,1.0,14.0,1.0,14.0,28,48,78,78,17.0,0.0,4.88,4.65,4.88,4.94,4.94,4.82,2.16
2024-09-25,city scrape,Habitación compartida matrimonial (350x2 personas),"SHARED ROOM MEANS THERE MAY BE SOMEONE ELSE OCCUPYING the ROOM AT THE SAME TIME AS YOU, in the single bed since you will wash the double bed.<br />Disconnect from your concerns in this spacious and serene space. The bed is comfortable and comfy, ideal for couples. In addition to being able to work with the best wifi connection, inside the room or in the shared areas of the apartment. The price for one person is 210, per couple (sleeping together) 350",Información acerca del vecindario no proporcionada,Jetzabel,2014-10-28,2014-10-28,"Soy una persona simpática, que le gusta mucho viajar (ya sé que es muy trillado), bromista y que ha tratado de encontrarle todo lo bueno a la vida a pesar de las circunstancias. Soy de Xalapa, Veracruz, México y vivo en CDMX desde hace 10 años.",a few days or more,f,"['email', 'phone']",t,Benito Juárez,Shared room in rental unit,Shared room,1 shared bath,"[""Washer"", ""TV"", ""Wifi"", ""Fire extinguisher"", ""Kitchen"", ""First aid kit"", ""Self check-in"", ""Smart lock"", ""Exercise equipment"", ""Dedicated workspace"", ""Smoking allowed""]",2024-02-18,No disponible,f,1062610546075575485,1.0,0.37,3.0,6.0,19.36824200444461,-99.17827282100916,2.0,1.0,1.0,2.0,350.0,1.0,365.0,1.0,365.0,27,53,83,263,5.0,0.0,4.2,4.2,4.0,4.8,4.6,4.6,0.68
2024-09-25,city scrape,Departamento céntrico,This unique place has its own style.,Información acerca del vecindario no proporcionada,Andres,2021-11-27,2021-11-27,Información acerca del anfitrión del no proporcionada,a few days or more,f,['phone'],t,Cuauhtémoc,Shared room in rental unit,Shared room,1 shared bath,"[""Fire extinguisher"", ""TV"", ""Wifi"", ""Kitchen""]",9999-01-01,No disponible,t,1061584707160496364,1.0,1.0,1.0,1.0,19.43300359874019,-99.1549367633528,1.0,1.0,1.6,1.0,1100.0,1.0,365.0,1.0,365.0,30,60,90,270,0.0,0.0,4.8,4.9,4.8,4.8,4.8,4.7,1.7
2024-09-26,city scrape,Habitacion Compartida en condesa,"Shared hostel-like room in the county.<br /><br />The room has 3 triple bunk beds. The cost is per person. Common areas are shared.<br /><br />2.5 kitchen baths<br /><br /><br /><br />hot water wifi terrace<br /><br /><br /><br /><br /><br />Unbeatable location, very safe just a few streets from Tamaulipas (the main area of Condesa)",Información acerca del vecindario no proporcionada,Andrea,2017-09-14,2017-09-14,"Anfitriona en Airnbn desde hace 6 años , encantada de recibir huéspedes a mi casa o mis espacios. Dedicada en brindarles toda la ayuda que esté en mis manos para hacer su viaje lo más agradable posible ",within an hour,f,"['email', 'phone']",t,Cuauhtémoc,Shared room in home,Shared room,2.5 shared baths,"[""Iron"", ""Wifi"", ""Freezer"", ""Laundromat nearby"", ""Cleaning available during stay"", ""Refrigerator"", ""Dishes and silverware"", ""Self check-in"", ""Blender"", ""Portable fans"", ""Coffee maker"", ""Long term stays allowed"", ""First aid kit"", ""Essentials"", ""Hot water"", ""Dining table"", ""Luggage dropoff allowed"", ""Coffee"", ""Patio or balcony"", ""Bed linens"", ""Kitchen"", ""Outdoor dining area"", ""Stove"", ""Extra pillows and blankets"", ""Window guards"", ""Cleaning products"", ""Room-darkening shades"", ""Cooking basics"", ""Lockbox"", ""Single level home"", ""Hair dryer""]",2024-01-20,No disponible,t,1061785583158729969,0.9,0.98,76.0,82.0,19.41199,-99.17472,2.0,2.5,1.0,1.0,163.0,1.0,365.0,1.0,365.0,30,60,90,269,1.0,0.0,4.8,4.8,4.8,4.9,4.9,4.8,0.12
2024-09-26,city scrape,Habitacion compartida en condesa,"Shared hostel room in the county.<br /><br />the room has 6 beds, the cost is per person.<br /><br />Common areas - <br /><br />kitchen<br /><br />2.5 baths<br /><br />dining room<br /><br />terraces<br /><br />wifi<br /><br />hot water",Información acerca del vecindario no proporcionada,Andrea,2017-09-14,2017-09-14,"Anfitriona en Airnbn desde hace 6 años , encantada de recibir huéspedes a mi casa o mis espacios. Dedicada en brindarles toda la ayuda que esté en mis manos para hacer su viaje lo más agradable posible ",within an hour,f,"['email', 'phone']",t,Cuauhtémoc,Shared room in home,Shared room,2.5 shared baths,"[""Iron"", ""Wifi"", ""Laundromat nearby"", ""Bikes"", ""Dishes and silverware"", ""Self check-in"", ""Backyard"", ""Long term stays allowed"", ""Essentials"", ""Hot water"", ""Patio or balcony"", ""Bed linens"", ""Kitchen"", ""Outdoor dining area"", ""Smoke alarm"", ""Stove"", ""Extra pillows and blankets"", ""Cooking basics"", ""Dedicated workspace"", ""Smoking allowed"", ""Lockbox""]",2024-02-15,No disponible,t,1061790102728342245,0.9,0.98,76.0,82.0,19.40999,-99.17861,3.0,2.5,1.0,1.0,163.0,1.0,365.0,1.0,365.0,30,60,90,270,3.0,0.0,4.8,4.8,4.8,4.9,4.9,4.8,0.4
2024-09-26,city scrape,habitacion Compartida en condesa,"shared room in condesa.<br /><br />the room has 3 triple bunk beds. The cost is per person.<br /><br />Common areas -<br /><br />kitchen<br /><br />2.5 baths<br /><br />terraces,<br /><br />cohabiting areas,<br /><br />wifi,<br /><br />hot water",Información acerca del vecindario no proporcionada,Andrea,2017-09-14,2017-09-14,"Anfitriona en Airnbn desde hace 6 años , encantada de recibir huéspedes a mi casa o mis espacios. Dedicada en brindarles toda la ayuda que esté en mis manos para hacer su viaje lo más agradable posible ",within an hour,f,"['email', 'phone']",t,Cuauhtémoc,Shared room in home,Shared room,2.5 shared baths,"[""Iron"", ""Cleaning products"", ""Coffee maker"", ""Wifi"", ""Backyard"", ""Patio or balcony"", ""Bed linens"", ""Kitchen"", ""Long term stays allowed"", ""Dishes and silverware"", ""Self check-in"", ""Essentials"", ""Oven"", ""Outdoor dining area"", ""Dedicated workspace"", ""Cooking basics"", ""Lockbox"", ""Hair dryer""]",2024-03-01,No disponible,t,1061794451028246281,0.9,0.98,76.0,82.0,19.404580386921925,-99.17341874581813,3.0,2.5,1.0,1.0,163.0,1.0,365.0,1.0,365.0,28,58,88,267,6.0,1.0,4.8,4.8,4.8,4.17,4.33,3.83,0.86
2024-09-25,city scrape,Hab. Compartida/cama individual/,"The room is shared meaning THERE may be SOMEONE ELSE YOU DON 'T KNOW, in the same room.<br />SHARED ROOM<br />Disconnect from your concerns in this spacious and serene space. Single bed, bunk bed (upstairs) It will be shared or not, ideal for sociable travelers. One of the safest neighborhoods in the country.<br />SHARED ROOM WITH another human being you don't know.",Información acerca del vecindario no proporcionada,Jetzabel,2014-10-28,2014-10-28,"Soy una persona simpática, que le gusta mucho viajar (ya sé que es muy trillado), bromista y que ha tratado de encontrarle todo lo bueno a la vida a pesar de las circunstancias. Soy de Xalapa, Veracruz, México y vivo en CDMX desde hace 10 años.",a few days or more,f,"['email', 'phone']",t,Benito Juárez,Shared room in rental unit,Shared room,1 shared bath,"[""Washer"", ""TV"", ""Wifi"", ""Fire extinguisher"", ""Kitchen"", ""Keypad"", ""First aid kit"", ""Self check-in"", ""Exercise equipment"", ""Dedicated workspace""]",9999-01-01,No disponible,f,1062621221413269128,1.0,0.37,3.0,6.0,19.368257186926403,-99.17828187346458,3.0,1.0,1.0,2.0,210.0,1.0,365.0,1.0,365.0,22,47,77,257,0.0,0.0,4.8,4.9,4.8,4.8,4.8,4.7,1.7
2024-09-25,city scrape,"Polanco-Lomas | Bed in tent ""1""","This special place is close to everything, making it easy to plan your visit.",Información acerca del vecindario no proporcionada,Pablo,2016-03-01,2016-03-01,"My friends call me Paul. Well educated and very social. I have genuine passion for fitness, working out at the GYM and having a healthy life. I Like competing on The Spartan Race “In those challenges as in my own life, the adrenaline helps me to overcome the obstacles and it gives me the energy to achieve my goals and never get lost in the way” I also love to travel and hanging out with friends.",within an hour,t,"['email', 'phone']",t,Miguel Hidalgo,Shared room in rental unit,Shared room,1 shared bath,"[""Iron"", ""Elevator"", ""Paid washer \u2013 In building"", ""Cleaning available during stay"", ""Laundromat nearby"", ""Paid parking on premises"", ""Dishes and silverware"", ""Ethernet connection"", ""Self check-in"", ""Exercise equipment"", ""40 inch HDTV with Roku"", ""Portable fans"", ""Hangers"", ""Mini fridge"", ""Free parking on premises"", ""Body soap"", ""Carbon monoxide alarm"", ""Coffee maker"", ""Crib"", ""Long term stays allowed"", ""First aid kit"", ""Essentials"", ""Shampoo"", ""Hot water"", ""Shower gel"", ""Dryer"", ""Luggage dropoff allowed"", ""Coffee"", ""Patio or balcony"", ""Pool table"", ""Bed linens"", ""Kitchen"", ""Smart lock"", ""Conditioner"", ""Fast wifi \u2013 493 Mbps"", ""Drying rack for clothing"", ""EV charger"", ""Smoke alarm"", ""Paid parking off premises"", ""Extra pillows and blankets"", ""Cleaning products"", ""Fire extinguisher"", ""Clothing storage"", ""Room-darkening shades"", ""Gym"", ""Exterior security cameras on property"", ""Dedicated workspace"", ""Hair dryer"", ""Microwave""]",2024-01-19,No disponible,f,1062000136535804047,0.99,0.99,47.0,47.0,19.4347627,-99.2080564,1.0,1.0,1.0,1.0,399.0,1.0,90.0,1.1,90.0,30,60,90,90,8.0,0.0,4.75,5.0,4.88,4.63,5.0,5.0,0.96
2024-09-25,city scrape,"Polanco-Lomas | Bed in tent ""2""","This special place is close to everything, making it easy to plan your visit.",Información acerca del vecindario no proporcionada,Pablo,2016-03-01,2016-03-01,"My friends call me Paul. Well educated and very social. I have genuine passion for fitness, working out at the GYM and having a healthy life. I Like competing on The Spartan Race “In those challenges as in my own life, the adrenaline helps me to overcome the obstacles and it gives me the energy to achieve my goals and never get lost in the way” I also love to travel and hanging out with friends.",within an hour,t,"['email', 'phone']",t,Miguel Hidalgo,Shared room in rental unit,Shared room,1 shared bath,"[""Iron"", ""Elevator"", ""Paid washer \u2013 In building"", ""Cleaning available during stay"", ""Laundromat nearby"", ""Paid parking on premises"", ""Dishes and silverware"", ""Ethernet connection"", ""Self check-in"", ""Exercise equipment"", ""40 inch HDTV with Roku"", ""Portable fans"", ""Hangers"", ""Mini fridge"", ""Free parking on premises"", ""Body soap"", ""Carbon monoxide alarm"", ""Coffee maker"", ""Crib"", ""Long term stays allowed"", ""First aid kit"", ""Essentials"", ""Shampoo"", ""Hot water"", ""Shower gel"", ""Luggage dropoff allowed"", ""Coffee"", ""Patio or balcony"", ""Pool table"", ""Fast wifi \u2013 528 Mbps"", ""Bed linens"", ""Kitchen"", ""Smart lock"", ""Conditioner"", ""Drying rack for clothing"", ""EV charger"", ""Smoke alarm"", ""Paid parking off premises"", ""Extra pillows and blankets"", ""Cleaning products"", ""Fire extinguisher"", ""Clothing storage"", ""Room-darkening shades"", ""Paid dryer \u2013 In building"", ""Gym"", ""Exterior security cameras on property"", ""Dedicated workspace"", ""Hair dryer"", ""Microwave""]",2024-01-19,No disponible,f,1062044544162351143,0.99,0.99,47.0,47.0,19.4347627,-99.2080564,1.0,1.0,1.0,1.0,399.0,1.0,90.0,1.1,90.0,30,60,90,90,9.0,0.0,4.78,4.78,4.56,5.0,5.0,4.67,1.08
2024-09-25,city scrape,Shared space near Polanco,Descripción no proporcionada,Información acerca del vecindario no proporcionada,Alejandra,2019-05-23,2019-05-23,Información acerca del anfitrión del no proporcionada,within a day,f,"['email', 'phone']",t,Miguel Hidalgo,Shared room in rental unit,Shared room,1 shared bath,"[""Washer"", ""TV"", ""Carbon monoxide alarm"", ""Wifi"", ""Fire extinguisher"", ""Pool table"", ""Kitchen"", ""First aid kit"", ""Outdoor dining area"", ""Exercise equipment"", ""Exterior security cameras on property"", ""Smoke alarm""]",9999-01-01,No disponible,f,1069834055474880476,0.5,0.9,1.0,2.0,19.4416081,-99.1959428,1.0,1.0,1.6,1.0,320.0,1.0,365.0,1.0,365.0,13,43,73,253,0.0,0.0,4.8,4.9,4.8,4.8,4.8,4.7,1.7
2024-09-25,city scrape,Cama 4 en habitación compartida,"Welcome to the shared space ideal for nomads in the city! Bed in shared room with all the comfort and privacy. The shared bathroom is exclusively for the guests of the room, ensuring comfort and convenience. Enjoy an extended stay in this spacious room with high internet speed! Close to Reforma, Chapultepec, Polanco and other iconic areas",Información acerca del vecindario no proporcionada,Julia,2023-05-16,2023-05-16,Información acerca del anfitrión del no proporcionada,within an hour,f,"['email', 'phone']",t,Miguel Hidalgo,Shared room in home,Shared room,1.5 shared baths,"[""Free parking on premises"", ""Washer"", ""TV"", ""Wifi"", ""Fire extinguisher"", ""Kitchen"", ""First aid kit"", ""BBQ grill"", ""Outdoor dining area"", ""Exterior security cameras on property"", ""Dedicated workspace""]",2024-02-29,No disponible,f,1075407286051249049,1.0,0.86,8.0,14.0,19.43024,-99.17931,1.0,1.5,1.0,1.0,400.0,1.0,365.0,1.0,365.0,0,0,23,203,1.0,0.0,5.0,5.0,5.0,5.0,5.0,5.0,0.14
2024-09-26,city scrape,Bunbked in Mixed Dorm for 6 People - High Bed,"3 levels bunk bed in a shared room for 6 guests in the Condesa/Roma neighbourhood.<br /><br />The hostel is recently created and everything is new and clean. You have a relax room with a vintage old tv and a patio if you need to smoke a cigarette.<br /><br />We're Adrián& Christian, a small team who like to host nice people and help in anything you need during your stay.",Información acerca del vecindario no proporcionada,Hostel RF,2024-01-23,2024-01-23,Información acerca del anfitrión del no proporcionada,within an hour,f,"['email', 'phone']",t,Cuauhtémoc,Shared room in bed and breakfast,Shared room,1 shared bath,"[""Wifi"", ""Freezer"", ""Laundromat nearby"", ""Cleaning available during stay"", ""Host greets you"", ""Refrigerator"", ""Dishes and silverware"", ""Mini fridge"", ""Free parking on premises"", ""Body soap"", ""Backyard"", ""Breakfast"", ""Long term stays allowed"", ""Toaster"", ""Essentials"", ""Shampoo"", ""Hot water"", ""Smoking allowed"", ""Shower gel"", ""Clothing storage: closet"", ""Luggage dropoff allowed"", ""Coffee"", ""Bed linens"", ""Kitchen"", ""Outdoor dining area"", ""Extra pillows and blankets"", ""Cleaning products"", ""Stainless steel single oven"", ""Paid parking lot off premises"", ""Room-darkening shades"", ""Free street parking"", ""Cooking basics"", ""Single level home""]",2024-02-24,No disponible,f,1076123386227631367,1.0,0.74,8.0,9.0,19.4030694307953,-99.1683992743492,1.0,1.0,1.0,0.0,190.0,1.0,365.0,1.0,365.0,30,60,90,365,1.0,0.0,5.0,5.0,5.0,5.0,5.0,5.0,0.14
2024-09-26,city scrape,Bunbked in Mixed Dorm for 6 People - Middle Bed,"3 levels bunk bed in a shared room for 6 guests in the Condesa/Roma neighbourhood.<br /><br />The hostel is recently created and everything is new and clean. You have a relax room with a vintage old tv and a patio if you need to smoke a cigarette.<br /><br />We're Adrián& Christian, a small team who like to host nice people and help in anything you need during your stay.",Información acerca del vecindario no proporcionada,Hostel RF,2024-01-23,2024-01-23,Información acerca del anfitrión del no proporcionada,within an hour,f,"['email', 'phone']",t,Cuauhtémoc,Shared room in bed and breakfast,Shared room,1 shared bath,"[""Wifi"", ""Freezer"", ""Laundromat nearby"", ""Cleaning available during stay"", ""Host greets you"", ""Refrigerator"", ""Dishes and silverware"", ""Blender"", ""Mini fridge"", ""Free parking on premises"", ""Body soap"", ""Breakfast"", ""Long term stays allowed"", ""Private backyard \u2013 Fully fenced"", ""Toaster"", ""Essentials"", ""Shampoo"", ""Hot water"", ""Smoking allowed"", ""Dining table"", ""Shower gel"", ""Clothing storage: closet"", ""Luggage dropoff allowed"", ""Coffee"", ""Bed linens"", ""Kitchen"", ""Outdoor dining area"", ""Extra pillows and blankets"", ""Cleaning products"", ""Stainless steel single oven"", ""Paid parking lot off premises"", ""Room-darkening shades"", ""Free street parking"", ""Dedicated workspace"", ""Cooking basics"", ""Single level home""]",2024-03-13,No disponible,f,1076236293270200461,1.0,0.74,8.0,9.0,19.40250559768688,-99.16827350433084,1.0,1.0,1.0,2.0,193.0,1.0,365.0,1.0,365.0,27,57,87,267,2.0,0.0,5.0,5.0,5.0,4.5,5.0,5.0,0.3
2024-09-26,city scrape,Bunbked in Mixed Dorm for 6 People - Bottom Bed,"3 levels bunk bed in a shared room for 6 guests in the Condesa/Roma neighbourhood.<br /><br />The hostel is recently created and everything is new and clean. You have a relax room with a vintage old tv and a patio if you need to smoke a cigarette.<br /><br />We're Adrián& Christian, a small team who like to host nice people and help in anything you need during your stay.",Información acerca del vecindario no proporcionada,Hostel RF,2024-01-23,2024-01-23,Información acerca del anfitrión del no proporcionada,within an hour,f,"['email', 'phone']",t,Cuauhtémoc,Shared room in bed and breakfast,Shared room,1 shared bath,"[""Free parking on premises"", ""Backyard"", ""Wifi"", ""Host greets you"", ""Kitchen"", ""Refrigerator"", ""Dishes and silverware"", ""Outdoor dining area"", ""Smoking allowed""]",9999-01-01,No disponible,f,1076240615567994359,1.0,0.74,8.0,9.0,19.402984543187312,-99.16848273564533,1.0,1.0,1.0,2.0,193.0,1.0,365.0,1.0,365.0,30,60,90,270,0.0,0.0,4.8,4.9,4.8,4.8,4.8,4.7,1.7
2024-09-26,city scrape,Bunbked in Mixed Room for 6 Guests - High Bed,"3 levels bunk bed in a shared room for 6 guests in the Condesa/Roma neighbourhood.<br /><br />The hostel is recently created and everything is new and clean. You have a relax room with a vintage old tv and a patio if you need to smoke a cigarette.<br /><br />We're Adrián& Christian, a small team who like to host nice people and help in anything you need during your stay.",Información acerca del vecindario no proporcionada,Hostel RF,2024-01-23,2024-01-23,Información acerca del anfitrión del no proporcionada,within an hour,f,"['email', 'phone']",t,Cuauhtémoc,Shared room in bed and breakfast,Shared room,1 shared bath,"[""Free parking on premises"", ""Backyard"", ""Wifi"", ""Host greets you"", ""Kitchen"", ""Refrigerator"", ""Dishes and silverware"", ""Essentials"", ""Outdoor dining area"", ""Smoking allowed""]",2024-03-16,No disponible,f,1076250198433597621,1.0,0.74,8.0,9.0,19.40240979355804,-99.1693670686954,1.0,1.0,1.0,0.0,193.0,1.0,365.0,1.0,365.0,30,60,90,268,2.0,0.0,4.8,4.0,4.5,4.5,4.5,4.5,0.31
2024-09-26,city scrape,Bunbked in Mixed Room for 6 Guests - Middle Bed,"3 levels bunk bed in a shared room for 6 guests in the Condesa/Roma neighbourhood.<br /><br />The hostel is recently created and everything is new and clean. You have a relax room with a vintage old tv and a patio if you need to smoke a cigarette.<br /><br />We're Adrián& Christian, a small team who like to host nice people and help in anything you need during your stay.",Información acerca del vecindario no proporcionada,Hostel RF,2024-01-23,2024-01-23,Información acerca del anfitrión del no proporcionada,within an hour,f,"['email', 'phone']",t,Cuauhtémoc,Shared room in bed and breakfast,Shared room,1 shared bath,"[""Free parking on premises"", ""Wifi"", ""Kitchen"", ""Keypad"", ""Self check-in"", ""Outdoor dining area"", ""Smoking allowed""]",9999-01-01,No disponible,f,1076256049993188880,1.0,0.74,8.0,9.0,19.4035152,-99.1685641,1.0,1.0,1.0,0.0,193.0,1.0,365.0,1.0,365.0,30,60,90,270,0.0,0.0,4.8,4.9,4.8,4.8,4.8,4.7,1.7
2024-09-26,city scrape,Bunbked in Mixed Room for 6 Guests - Bottom Bed,Everything you want to explore is right outside the door of this place.,Información acerca del vecindario no proporcionada,Hostel RF,2024-01-23,2024-01-23,Información acerca del anfitrión del no proporcionada,within an hour,f,"['email', 'phone']",t,Cuauhtémoc,Shared room in bed and breakfast,Shared room,1 shared bath,"[""Free parking on premises"", ""Backyard"", ""Wifi"", ""Host greets you"", ""Kitchen"", ""Refrigerator"", ""Dishes and silverware"", ""Outdoor dining area"", ""Smoking allowed""]",9999-01-01,No disponible,f,1076259206724866844,1.0,0.74,8.0,9.0,19.4035152,-99.1685641,1.0,1.0,1.0,0.0,193.0,1.0,365.0,1.0,365.0,30,60,90,270,0.0,0.0,4.8,4.9,4.8,4.8,4.8,4.7,1.7
2024-09-26,city scrape,Bunk Bed in a 6-Person Shared Room,Triple bunk bed in a shared room of 6 guests in the Condesa/ Roma neighborhood. Includes shared kitchen and bathrooms right next to the room. There is also a living room with a beautiful vintage TV and a patio where you can have a cigarette.<br /><br />The hostel is new and everything is practically brand new and clean.,"Condesa and Roma are two trendy neighborhoods in Mexico City, where you will find many beautiful and picturesque buildings, Mexican street food on every corner and a huge gastronomic offer of restaurants. You can also visit the Parque Mexico near the hostel: a beautiful park with ducks and different birds, to rest under the trees and have a nice walk.",Hostel RF,2024-01-23,2024-01-23,Información acerca del anfitrión del no proporcionada,within an hour,f,"['email', 'phone']",t,Cuauhtémoc,Shared room in bed and breakfast,Shared room,1 shared bath,"[""Shared patio or balcony"", ""Wifi"", ""Freezer"", ""Laundromat nearby"", ""Cleaning available during stay"", ""Host greets you"", ""Refrigerator"", ""Dishes and silverware"", ""Blender"", ""Free parking on premises"", ""Body soap"", ""Hot water kettle"", ""Breakfast"", ""Long term stays allowed"", ""Toaster"", ""Essentials"", ""Shampoo"", ""Hot water"", ""Smoking allowed"", ""Dining table"", ""Shower gel"", ""Clothing storage: closet"", ""Luggage dropoff allowed"", ""Coffee"", ""Bed linens"", ""Kitchen"", ""Stainless steel double oven"", ""Outdoor dining area"", ""Safe"", ""Free street parking"", ""Microwave"", ""Cooking basics"", ""Single level home""]",2024-01-31,No disponible,t,1076843003953293102,1.0,0.74,8.0,9.0,19.40317113790753,-99.16828515026243,1.0,1.0,1.0,6.0,228.0,1.0,365.0,1.0,365.0,25,53,83,263,5.0,0.0,5.0,5.0,5.0,4.8,5.0,5.0,0.63
2024-09-25,city scrape,106 Recámara compartida espaciosa 2,"With the central location of this home, you and your loved ones will have it all within easy reach.","We are in front of the Metro Tacubaya 6 minutes from Roma, Condesa or Polanco.<br /><br />Tacubaya ceases to be a suburb and integrates with the modernizing process, a very safe area and surrounded by supermarkets, taquerias and tianguis.",Raul,2023-12-06,2023-12-06,Información acerca del anfitrión del no proporcionada,within an hour,f,"['email', 'phone']",t,Miguel Hidalgo,Shared room in guesthouse,Shared room,3 shared baths,"[""Washer"", ""Coffee maker"", ""Wifi"", ""Kitchen"", ""First aid kit"", ""Dishes and silverware"", ""Outdoor dining area"", ""Exterior security cameras on property"", ""Dedicated workspace""]",9999-01-01,No disponible,f,1080718645181545345,0.82,0.85,13.0,21.0,19.40209,-99.18502,1.0,3.0,1.0,1.0,398.0,1.0,365.0,1.0,365.0,30,60,90,270,0.0,0.0,4.8,4.9,4.8,4.8,4.8,4.7,1.7
2024-09-25,city scrape,106 Habitación compartida espaciosa 3,"With the central location of this home, you and your loved ones will have it all within easy reach.",Información acerca del vecindario no proporcionada,Raul,2023-12-06,2023-12-06,Información acerca del anfitrión del no proporcionada,within an hour,f,"['email', 'phone']",t,Miguel Hidalgo,Shared room in guesthouse,Shared room,3 shared baths,"[""Washer"", ""Wifi"", ""Kitchen"", ""First aid kit"", ""Outdoor dining area"", ""Exterior security cameras on property"", ""Dedicated workspace""]",9999-01-01,No disponible,f,1080721262811522099,0.82,0.85,13.0,21.0,19.40234,-99.18473,1.0,3.0,1.0,1.0,346.0,1.0,365.0,1.0,365.0,30,60,90,270,0.0,0.0,4.8,4.9,4.8,4.8,4.8,4.7,1.7
2024-09-25,city scrape,106 Habitación espaciosa compartida 4,This unique home has plenty of space to enjoy your loved ones.,It is a very quiet and safe neighborhood.,Raul,2023-12-06,2023-12-06,Información acerca del anfitrión del no proporcionada,within an hour,f,"['email', 'phone']",t,Miguel Hidalgo,Shared room in guesthouse,Shared room,3 shared baths,"[""Washer"", ""Wifi"", ""Kitchen"", ""First aid kit"", ""Outdoor dining area"", ""Exterior security cameras on property"", ""Dedicated workspace""]",9999-01-01,No disponible,f,1080722195604393381,0.82,0.85,13.0,21.0,19.402550698563594,-99.18432553968226,1.0,3.0,1.0,1.0,210.0,1.0,365.0,1.0,365.0,30,60,90,270,0.0,0.0,4.8,4.9,4.8,4.8,4.8,4.7,1.7
2024-09-25,city scrape,106 Habitación espaciosa y cómoda 5,"With the central location of this home, you and your loved ones will have it all within easy reach.",Información acerca del vecindario no proporcionada,Raul,2023-12-06,2023-12-06,Información acerca del anfitrión del no proporcionada,within an hour,f,"['email', 'phone']",t,Miguel Hidalgo,Shared room in guesthouse,Shared room,3 shared baths,"[""Washer"", ""Wifi"", ""Kitchen"", ""First aid kit"", ""Outdoor dining area"", ""Exterior security cameras on property"", ""Dedicated workspace""]",2024-02-25,No disponible,f,1080723055852149003,0.82,0.85,13.0,21.0,19.40227,-99.18588,1.0,3.0,1.0,1.0,203.0,1.0,365.0,1.0,365.0,29,59,89,269,2.0,0.0,5.0,5.0,5.0,5.0,5.0,5.0,0.28
2024-09-25,city scrape,106 Habitación espaciosa 6,This stylish place to stay is perfect for group trips.,Información acerca del vecindario no proporcionada,Raul,2023-12-06,2023-12-06,Información acerca del anfitrión del no proporcionada,within an hour,f,"['email', 'phone']",t,Miguel Hidalgo,Shared room in guesthouse,Shared room,3.5 shared baths,"[""Washer"", ""Wifi"", ""Kitchen"", ""First aid kit"", ""Outdoor dining area"", ""Exterior security cameras on property"", ""Dedicated workspace""]",9999-01-01,No disponible,f,1080724077018017234,0.82,0.85,13.0,21.0,19.40338,-99.1857,1.0,3.5,1.0,1.0,215.0,1.0,365.0,1.0,365.0,30,60,90,270,0.0,0.0,4.8,4.9,4.8,4.8,4.8,4.7,1.7
2024-09-25,city scrape,106 habitación compartida 7,Enjoy the comfort of this home and film it.,Información acerca del vecindario no proporcionada,Raul,2023-12-06,2023-12-06,Información acerca del anfitrión del no proporcionada,within an hour,f,"['email', 'phone']",t,Miguel Hidalgo,Shared room in guesthouse,Shared room,4 shared baths,"[""Washer"", ""Wifi"", ""Kitchen"", ""First aid kit"", ""Outdoor dining area"", ""Exterior security cameras on property"", ""Dedicated workspace""]",9999-01-01,No disponible,f,1080725929888958553,0.82,0.85,13.0,21.0,19.403482358445423,-99.1846263581541,1.0,4.0,1.0,1.0,287.0,1.0,365.0,1.0,365.0,30,60,90,270,0.0,0.0,4.8,4.9,4.8,4.8,4.8,4.7,1.7
2024-09-26,city scrape,106 habitación compartida 8,This stylish place to stay is perfect for group trips.,Información acerca del vecindario no proporcionada,Raul,2023-12-06,2023-12-06,Información acerca del anfitrión del no proporcionada,within an hour,f,"['email', 'phone']",t,Miguel Hidalgo,Shared room in guesthouse,Shared room,3 shared baths,"[""Washer"", ""Wifi"", ""Kitchen"", ""First aid kit"", ""Outdoor dining area"", ""Exterior security cameras on property"", ""Dedicated workspace""]",2024-02-02,No disponible,f,1080726884467945579,0.82,0.85,13.0,21.0,19.40207447407433,-99.18432848155334,1.0,3.0,1.0,1.0,300.0,1.0,365.0,1.0,365.0,0,0,0,0,3.0,1.0,5.0,5.0,5.0,5.0,4.67,5.0,0.38
2024-09-25,city scrape,106 habitación compartida 9,This home is strategically located-it will be easy to plan your visit!,Información acerca del vecindario no proporcionada,Raul,2023-12-06,2023-12-06,Información acerca del anfitrión del no proporcionada,within an hour,f,"['email', 'phone']",t,Miguel Hidalgo,Shared room in guesthouse,Shared room,3 shared baths,"[""Washer"", ""Wifi"", ""Kitchen"", ""First aid kit"", ""Outdoor dining area"", ""Exterior security cameras on property"", ""Dedicated workspace""]",2024-02-03,No disponible,f,1080727833062595018,0.82,0.85,13.0,21.0,19.40367,-99.1849,1.0,3.0,1.0,1.0,356.0,1.0,365.0,1.0,365.0,30,60,90,270,3.0,0.0,4.33,4.67,4.33,5.0,4.33,4.33,0.38
2024-09-25,city scrape,Hospedaje en CDMX,"Disconnect from your worries in this spacious, cool, safe, and serene space. With the comforts of home, they'll make you feel at ease. Centrally located! with many shopping palaces nearby and metro bus station within walking distance, connecting you to all the metro lines in the city so you can get around fast and safe.",Información acerca del vecindario no proporcionada,Bellanira Isabel,2019-09-10,2019-09-10,"Soy una persona muy amable, atenta, dispuesta a ofrecer un buen servicio como anfitriona en mi casa y fuera de ella ",within an hour,f,"['email', 'phone']",t,Coyoacán,Shared room in guesthouse,Shared room,2 shared baths,"[""Iron"", ""Wifi"", ""Freezer"", ""Laundromat nearby"", ""Dishes and silverware"", ""Blender"", ""Portable fans"", ""Hangers"", ""Mini fridge"", ""Long term stays allowed"", ""First aid kit"", ""Hot water"", ""Dining table"", ""TV"", ""Coffee"", ""Bed linens"", ""Kitchen"", ""Other gas stove"", ""Drying rack for clothing"", ""Extra pillows and blankets"", ""Fire extinguisher"", ""Room-darkening shades"", ""Microwave"", ""Cooking basics"", ""Free washer \u2013 In unit""]",2024-01-30,No disponible,t,1077753391353514408,1.0,0.87,7.0,7.0,19.3160821611464,-99.11544945091008,7.0,2.0,3.0,1.8,250.0,1.0,365.0,1.0,365.0,23,53,83,358,6.0,2.0,4.83,4.83,5.0,5.0,4.83,4.67,0.75
2024-09-25,city scrape,Hospedaje Económico en CDMX,"Disconnect from your concerns in this spacious, cool, safe  and serene space. With all the comforts of home, they'll make you feel comfortable. Central! with many commercial palaces nearby and metro bus station, a few steps from the accommodation, that connect you with all the metro lines of the city so you can move quickly and safely. ideal for groups of 4 to 7 maximum people who visit the city for short seasons.","Quiet, safe residential complex with several shopping centers, supermarkets, gyms, parks, banks and restaurants nearby.",Bellanira Isabel,2019-09-10,2019-09-10,"Soy una persona muy amable, atenta, dispuesta a ofrecer un buen servicio como anfitriona en mi casa y fuera de ella ",within an hour,f,"['email', 'phone']",t,Coyoacán,Shared room in home,Shared room,2 shared baths,"[""Iron"", ""Washer"", ""Free residential garage on premises \u2013 1 space"", ""Wifi"", ""Freezer"", ""Laundromat nearby"", ""Gas stove"", ""Dishes and silverware"", ""Blender"", ""Portable fans"", ""Hangers"", ""Mini fridge"", ""Long term stays allowed"", ""First aid kit"", ""Hot water"", ""Dining table"", ""TV"", ""Coffee"", ""Bed linens"", ""Kitchen"", ""Oven"", ""Drying rack for clothing"", ""LG refrigerator"", ""Extra pillows and blankets"", ""Fire extinguisher"", ""Room-darkening shades"", ""Microwave"", ""Cooking basics""]",2024-04-15,No disponible,f,1077809842756919302,1.0,0.87,7.0,7.0,19.31676,-99.11467,7.0,2.0,1.0,4.0,200.0,1.0,365.0,1.0,365.0,29,59,89,364,4.0,0.0,5.0,5.0,5.0,5.0,5.0,5.0,0.73
2024-09-25,city scrape,Shared Room in Lindavista Norte,Shared room in Linvavista near Av. Politecnico,Información acerca del vecindario no proporcionada,Luis,2018-08-04,2018-08-04,"Hello my friends, my house is very big and interesting, I always have guests from different parts of the world and therefore there is a very broad cultural exchange. The location is excellent because the Airport is 15 minutes from here and the downtown too. The Metrobus is around the corner, is very cheap to travel on it.",a few days or more,f,"['email', 'phone']",t,Gustavo A. Madero,Shared room in guesthouse,Shared room,2 shared baths,"[""Shared patio or balcony"", ""Washer"", ""Wifi"", ""Cooking basics"", ""Fire extinguisher"", ""Bed linens"", ""Kitchen"", ""Hammock"", ""Long term stays allowed"", ""Smoking allowed"", ""Drying rack for clothing"", ""Ping pong table"", ""BBQ grill: charcoal"", ""Shared backyard""]",9999-01-01,No disponible,f,1079714038586364843,1.0,0.3,116.0,124.0,19.49677176788294,-99.1282353181988,1.0,2.0,1.0,1.0,200.0,28.0,365.0,28.0,365.0,25,55,85,265,0.0,0.0,4.8,4.9,4.8,4.8,4.8,4.7,1.7
2024-09-25,city scrape,106 Habitación compartida 1,"Shared room 1 min from metro, very spacious and clean","We are in front of the Metro Tacubaya 6 minutes from Roma, Condesa or Polanco.<br /><br />Tacubaya ceases to be a suburb and integrates with the modernizing process, a very safe area and surrounded by supermarkets, taquerias and tianguis.",Raul,2023-12-06,2023-12-06,Información acerca del anfitrión del no proporcionada,within an hour,f,"['email', 'phone']",t,Miguel Hidalgo,Shared room in guesthouse,Shared room,3 shared baths,"[""Shared patio or balcony"", ""Wifi"", ""Host greets you"", ""Gas stove"", ""Refrigerator"", ""Dishes and silverware"", ""Paid washer \u2013 In unit"", ""Hammock"", ""Long term stays allowed"", ""First aid kit"", ""Hot water"", ""Luggage dropoff allowed"", ""Bed linens"", ""Kitchen"", ""Outdoor dining area"", ""Extra pillows and blankets"", ""Clothing storage"", ""Room-darkening shades"", ""Exterior security cameras on property"", ""Dedicated workspace"", ""Microwave""]",2024-09-16,No disponible,f,1080699907813025887,0.82,0.85,13.0,21.0,19.4038376247582,-99.18589919592664,1.0,3.0,1.0,1.0,271.0,1.0,365.0,1.0,365.0,30,60,90,270,1.0,1.0,4.8,4.8,4.8,4.0,4.9,4.8,1.0
2024-09-25,city scrape,Shared Room 3 blocks from Tlatelolco Metro,Enjoy easy access to everything from this perfectly located home.,Información acerca del vecindario no proporcionada,Luis,2018-08-04,2018-08-04,"Hello my friends, my house is very big and interesting, I always have guests from different parts of the world and therefore there is a very broad cultural exchange. The location is excellent because the Airport is 15 minutes from here and the downtown too. The Metrobus is around the corner, is very cheap to travel on it.",a few days or more,f,"['email', 'phone']",t,Cuauhtémoc,Shared room in guesthouse,Shared room,5 shared baths,"[""TV"", ""Wifi"", ""Fire extinguisher"", ""Kitchen"", ""Outdoor dining area"", ""Exterior security cameras on property"", ""Dedicated workspace"", ""Smoking allowed""]",9999-01-01,No disponible,f,1084429655766226401,1.0,0.3,116.0,124.0,19.459331089211314,-99.1481028286811,1.0,1.4,1.6,1.0,200.0,28.0,365.0,28.0,365.0,21,51,81,261,0.0,0.0,4.8,4.9,4.8,4.8,4.8,4.7,1.7
2024-09-25,city scrape,“Habitación compartida Centro de Coyoacán”,"Your family will be close to everything if you stay in this centrally located home.<br /><br />Twin bed in bunk bed, bass bed",Información acerca del vecindario no proporcionada,Mariela,2016-03-27,2016-03-27,"Disfruto mucho saber que mis invitados disfruten su estadía en Coyoacan, se sientan, segur@s y tranquilos como en casa, esta actividad es muy agradable para mi, soy chef de una Dark kitchen
Me apasiona  la Historia conocer culturas ancestrales , la filosofía e idiomas 
Adoro viajar y encontrar restos de la historia, culturas y diferentes leyendas de los pueblos y tradiciones",within an hour,f,"['email', 'phone', 'work_email']",t,Coyoacán,Shared room in home,Shared room,1.5 shared baths,"[""Iron"", ""Washer"", ""Wifi"", ""Refrigerator"", ""Dishes and silverware"", ""Self check-in"", ""Coffee maker"", ""Backyard"", ""Breakfast"", ""Long term stays allowed"", ""Essentials"", ""Shampoo"", ""Hot water"", ""Shower gel"", ""Dryer"", ""Luggage dropoff allowed"", ""Patio or balcony"", ""Bed linens"", ""Outdoor dining area"", ""Smoke alarm"", ""Extra pillows and blankets"", ""Free street parking"", ""Microwave"", ""Dedicated workspace"", ""Cooking basics"", ""Lockbox"", ""Paid parking off premises""]",9999-01-01,No disponible,f,1085884046300588143,1.0,0.98,6.0,7.0,19.346877169314364,-99.16679883242136,1.0,1.5,1.0,2.0,600.0,1.0,365.0,1.0,1125.0,0,0,0,141,0.0,0.0,4.8,4.9,4.8,4.8,4.8,4.7,1.7
2024-09-25,city scrape,Cama individ habtacion compartda,You will be staying on a single bed in a shared room with up to 7 other guests who like you are backpackers or go to a concert in the Foro Sol,Información acerca del vecindario no proporcionada,Diego,2016-09-25,2016-09-25,Soy una persona tranquila que goza de viajar cuando puedo. Trabajo en un hotel asi que me gusta atender a mis huespdes con lo mejor que me han enseñado en mi empleo. Espero  poder ofrecerte algo de tu agrado.,within an hour,f,"['email', 'phone']",t,Iztacalco,Shared room in guesthouse,Shared room,1 shared bath,"[""Free parking on premises"", ""Carbon monoxide alarm"", ""Wifi"", ""Patio or balcony"", ""Essentials"", ""Shampoo"", ""Hot water"", ""Pets allowed"", ""Dedicated workspace"", ""Smoke alarm""]",2024-02-26,No disponible,f,1090628837550102786,0.82,0.73,7.0,7.0,19.39734685996235,-99.2,1.0,1.0,1.0,0.0,333.0,1.0,365.0,1.0,365.0,29,59,89,269,1.0,0.0,5.0,4.0,4.0,5.0,5.0,5.0,0.14
2024-09-25,city scrape,Cama individual  habi compartida,"Accommodation where you will stay in a large room that you share with other travelers or concertgoers, maximo  people in the room",Información acerca del vecindario no proporcionada,Diego,2016-09-25,2016-09-25,Soy una persona tranquila que goza de viajar cuando puedo. Trabajo en un hotel asi que me gusta atender a mis huespdes con lo mejor que me han enseñado en mi empleo. Espero  poder ofrecerte algo de tu agrado.,within an hour,f,"['email', 'phone']",t,Iztacalco,Shared room in guesthouse,Shared room,1 shared bath,"[""Washer"", ""Carbon monoxide alarm"", ""Wifi"", ""Exterior security cameras on property"", ""Patio or balcony"", ""Outdoor shower"", ""Paid parking on premises"", ""Essentials"", ""Shampoo"", ""Hot water"", ""Pets allowed"", ""Dedicated workspace"", ""Smoke alarm""]",2024-02-25,No disponible,f,1087750875454826957,0.82,0.73,7.0,7.0,19.39834939795924,-99.2,1.0,1.0,1.0,1.8,299.0,1.0,365.0,1.0,365.0,29,59,89,269,1.0,0.0,5.0,5.0,5.0,5.0,5.0,5.0,0.14
2024-09-25,city scrape,Habitación compartida *Solo Mujeres*,For 4 adults ONLY WOMEN<br />4 single beds<br />Shared bathroom<br />Access to Terrace and roofgarden<br />Shared Kitchen<br />High-Speed WiFi,Centric in CDMX,Fernando,2024-02-22,2024-02-22,Información acerca del anfitrión del no proporcionada,within an hour,f,"['email', 'phone']",t,Benito Juárez,Shared room in hostel,Shared room,1 shared bath,"[""Wifi"", ""Freezer"", ""Fire extinguisher"", ""City skyline view"", ""Clothing storage"", ""Kitchen"", ""Long term stays allowed"", ""Ethernet connection"", ""Outdoor dining area"", ""Pets allowed"", ""Microwave"", ""Dedicated workspace"", ""Stove""]",9999-01-01,No disponible,t,1097282556810636634,1.0,1.0,5.0,5.0,19.3878268,-99.161627,4.0,1.0,1.0,4.0,321.0,1.0,365.0,1.0,365.0,25,55,85,360,0.0,0.0,4.8,4.9,4.8,4.8,4.8,4.7,1.7
2024-09-25,city scrape,Habitación compartida Mixta,For 8 adults<br />4 single bunk beds<br />Shared bathroom<br />Access to Terrace and roofgarden<br />Shared Kitchen<br />High-Speed WiFi,Información acerca del vecindario no proporcionada,Fernando,2024-02-22,2024-02-22,Información acerca del anfitrión del no proporcionada,within an hour,f,"['email', 'phone']",t,Benito Juárez,Shared room in hostel,Shared room,1 shared bath,"[""Wifi"", ""Pocket wifi"", ""Cleaning available during stay"", ""Coffee"", ""Outdoor shower"", ""Bed linens"", ""Kitchen"", ""First aid kit"", ""Essentials"", ""Outdoor dining area"", ""BBQ grill"", ""Hot water"", ""Dedicated workspace"", ""Portable fans""]",2024-05-11,No disponible,t,1097293955143646257,1.0,1.0,5.0,5.0,19.3878268,-99.161627,8.0,1.0,1.0,1.8,321.0,1.0,365.0,1.0,365.0,30,60,90,365,2.0,0.0,4.8,4.8,4.8,4.9,4.9,4.8,0.43
2024-09-25,city scrape,"Habitación, la casa del viajero","The traveler's house, central, well connected to public transport, spacious and with everything you need to have a comfortable and economical trip at the same time.<br /><br />You will have the opportunity to meet other guests with whom you can share your stay and experiences.<br /><br />Your room is private and the common areas are shared, we ask you to respect the rest of the guests and the house rules, zero tolerance to whoever breaks the rules, you will be asked to withdraw immediately.",Información acerca del vecindario no proporcionada,Daniel,2016-07-24,2016-07-24,"I'm Daniel, a person who enjoys other people company and explore new cultures,  I'll be happy to host you",within an hour,f,"['email', 'phone']",t,Cuauhtémoc,Shared room in home,Shared room,2 shared baths,"[""Extra pillows and blankets"", ""Iron"", ""Cleaning products"", ""Washer"", ""TV"", ""Wifi"", ""Clothing storage"", ""Host greets you"", ""Room-darkening shades"", ""Bed linens"", ""Kitchen"", ""Dishes and silverware"", ""Essentials"", ""Free street parking"", ""Hot water"", ""Drying rack for clothing"", ""Cooking basics"", ""Hangers""]",2024-03-25,No disponible,t,1101800833850311947,1.0,0.99,10.0,12.0,19.445606022124288,-99.16252532162883,1.0,2.0,1.0,1.0,350.0,1.0,365.0,2.4,365.0,25,25,48,323,5.0,0.0,4.2,4.6,4.4,4.6,4.8,4.6,0.81
2024-09-26,city scrape,Fabuloso departamento,Enjoy the simplicity of this quiet and central home.,Información acerca del vecindario no proporcionada,Ivan,2024-03-04,2024-03-04,Información acerca del anfitrión del no proporcionada,within an hour,f,['phone'],t,Cuauhtémoc,Shared room in rental unit,Shared room,2 shared baths,"[""Washer"", ""TV"", ""Wifi"", ""Kitchen"", ""Dedicated workspace""]",9999-01-01,No disponible,f,1111807256523256830,1.0,1.0,1.0,2.0,19.40970936168097,-99.17455607603895,6.0,2.0,1.0,6.0,2400.0,1.0,365.0,1.0,365.0,29,59,89,269,0.0,0.0,4.8,4.9,4.8,4.8,4.8,4.7,1.7
2024-09-26,city scrape,Habitación compartida en Condesa,"Shared room with six beds distributed in three beds, next to the terrace, bathroom with shower, has WiFi, fan, six wooden drawers with single key, ideal room for rest, the house has exclusive kitchen for guests, cafeteria with food service and large terrace overlooking the city.",Información acerca del vecindario no proporcionada,Yula,2022-04-24,2022-04-24,"Los invito a conocer y hospedarse en una encantadora casona en la colonia condesa de la Ciudad de México,  el barrio más vanguardista y espectacular de la ciudad, mi propiedad cuenta con cinco habitaciones, sala, comedor, cocina y una terraza con una hermosa vista a la ciudad.",within an hour,t,"['email', 'phone']",t,Cuauhtémoc,Shared room in home,Shared room,1 shared bath,"[""Wifi"", ""Indoor fireplace"", ""Fire extinguisher"", ""Kitchen"", ""First aid kit"", ""Outdoor dining area""]",2024-03-18,No disponible,t,1111887698385033635,0.97,0.91,7.0,9.0,19.4078337,-99.1717581,1.0,1.0,1.0,6.0,321.0,1.0,365.0,1.0,365.0,30,60,90,269,2.0,0.0,5.0,5.0,5.0,4.5,5.0,5.0,0.31
2024-09-25,city scrape,Sólo chicas habitación compartida,This stylish place is great for group trips.,Información acerca del vecindario no proporcionada,Raul,2023-12-06,2023-12-06,Información acerca del anfitrión del no proporcionada,within an hour,f,"['email', 'phone']",t,Miguel Hidalgo,Shared room in guesthouse,Shared room,4 shared baths,"[""Washer"", ""Wifi"", ""Kitchen"", ""First aid kit"", ""Outdoor dining area"", ""Exterior security cameras on property"", ""Dedicated workspace""]",9999-01-01,No disponible,f,1113072492010532265,0.82,0.85,13.0,21.0,19.403726618541995,-99.1844163862148,1.0,4.0,1.0,5.0,300.0,1.0,365.0,1.0,365.0,29,59,89,269,0.0,0.0,4.8,4.9,4.8,4.8,4.8,4.7,1.7
2024-09-25,city scrape,Sólo chicas habitación compartida,From this centrally located accommodation the whole group can have easy access to everything.,Información acerca del vecindario no proporcionada,Raul,2023-12-06,2023-12-06,Información acerca del anfitrión del no proporcionada,within an hour,f,"['email', 'phone']",t,Miguel Hidalgo,Shared room in guesthouse,Shared room,4 shared baths,"[""Washer"", ""Wifi"", ""Kitchen"", ""First aid kit"", ""Outdoor dining area"", ""Exterior security cameras on property"", ""Dedicated workspace""]",9999-01-01,No disponible,f,1113137500855253448,0.82,0.85,13.0,21.0,19.403908973044924,-99.1860755807152,1.0,4.0,1.0,5.0,300.0,1.0,365.0,1.0,365.0,29,59,89,269,0.0,0.0,4.8,4.9,4.8,4.8,4.8,4.7,1.7
2024-09-25,city scrape,Loft,Descripción no proporcionada,Información acerca del vecindario no proporcionada,Arturo,2024-03-18,2024-03-18,Información acerca del anfitrión del no proporcionada,a few days or more,f,['phone'],t,Cuauhtémoc,Shared room in home,Shared room,2 shared baths,"[""Wifi"", ""Kitchen"", ""Outdoor dining area"", ""Exterior security cameras on property"", ""Dedicated workspace"", ""Smoking allowed""]",9999-01-01,No disponible,f,1115370607962601497,1.0,1.0,1.0,1.0,19.461299395748046,-99.13709648504376,2.0,2.0,1.0,0.0,360.0,1.0,365.0,1.0,365.0,30,60,90,270,0.0,0.0,4.8,4.9,4.8,4.8,4.8,4.7,1.7
2024-09-26,city scrape,Habitación Compartida Condesa,"Habitcon shared in the countess.<br /><br />the room has 9 beds , the price is per person must select the number of people who will arrive in order to block the nights. <br /><br />the house has  <br />equipped kitchen<br />wifi<br />2.5 bathrooms<br />terrace<br />hot water",Información acerca del vecindario no proporcionada,Andrea,2017-09-14,2017-09-14,"Anfitriona en Airnbn desde hace 6 años , encantada de recibir huéspedes a mi casa o mis espacios. Dedicada en brindarles toda la ayuda que esté en mis manos para hacer su viaje lo más agradable posible ",within an hour,f,"['email', 'phone']",t,Cuauhtémoc,Shared room in home,Shared room,2.5 shared baths,"[""Wifi"", ""Kitchen"", ""Self check-in"", ""Outdoor dining area"", ""Cooking basics"", ""Lockbox""]",2024-04-04,No disponible,t,1123151921619036037,0.9,0.98,76.0,82.0,19.41348,-99.17554,2.0,2.5,1.0,1.0,146.0,1.0,365.0,1.0,365.0,25,55,85,265,4.0,0.0,5.0,4.25,4.5,4.75,5.0,5.0,0.68
2024-09-26,city scrape,Habitacion compartida en casa,Shared room in Condesa <br /><br />shared room in Condesa<br /><br /><br />wifi <br /><br />equipped kitchen<br /><br />2.5 bathroom<br /><br />towel<br /><br />hot water,Información acerca del vecindario no proporcionada,Andrea,2017-09-14,2017-09-14,"Anfitriona en Airnbn desde hace 6 años , encantada de recibir huéspedes a mi casa o mis espacios. Dedicada en brindarles toda la ayuda que esté en mis manos para hacer su viaje lo más agradable posible ",within an hour,f,"['email', 'phone']",t,Cuauhtémoc,Shared room in home,Shared room,2.5 shared baths,"[""Iron"", ""Wifi"", ""Laundromat nearby"", ""Bikes"", ""Dishes and silverware"", ""Self check-in"", ""Backyard"", ""Long term stays allowed"", ""Essentials"", ""Hot water"", ""Patio or balcony"", ""Bed linens"", ""Kitchen"", ""Outdoor dining area"", ""Smoke alarm"", ""Stove"", ""Extra pillows and blankets"", ""Cooking basics"", ""Dedicated workspace"", ""Smoking allowed"", ""Lockbox""]",2024-05-06,No disponible,t,1130575772028503256,0.9,0.98,76.0,82.0,19.41041,-99.18012,4.0,2.5,1.0,1.0,146.0,1.0,365.0,1.0,365.0,30,60,90,270,2.0,0.0,5.0,5.0,5.0,5.0,5.0,5.0,0.42
2024-09-26,city scrape,habitacion compartida en condesa,shared room in the center of the countenance<br /><br />wifi<br /><br />bathroom full <br /><br />hot water<br /><br />towel <br /><br />common areas<br /><br />equipped kitchen,Información acerca del vecindario no proporcionada,Andrea,2017-09-14,2017-09-14,"Anfitriona en Airnbn desde hace 6 años , encantada de recibir huéspedes a mi casa o mis espacios. Dedicada en brindarles toda la ayuda que esté en mis manos para hacer su viaje lo más agradable posible ",within an hour,f,"['email', 'phone']",t,Cuauhtémoc,Shared room in home,Shared room,2.5 shared baths,"[""Iron"", ""Wifi"", ""Laundromat nearby"", ""Bikes"", ""Dishes and silverware"", ""Self check-in"", ""Backyard"", ""Long term stays allowed"", ""Essentials"", ""Hot water"", ""Patio or balcony"", ""Bed linens"", ""Kitchen"", ""Outdoor dining area"", ""Smoke alarm"", ""Stove"", ""Extra pillows and blankets"", ""Cooking basics"", ""Dedicated workspace"", ""Smoking allowed"", ""Lockbox""]",2024-04-13,No disponible,t,1130649393111801523,0.9,0.98,76.0,82.0,19.41152603761136,-99.18039669896746,3.0,2.5,1.0,1.0,163.0,1.0,365.0,1.0,365.0,30,60,90,270,5.0,0.0,4.8,4.8,4.8,4.9,4.8,4.8,0.9
2024-09-26,city scrape,habitacion compartida en condesa,"shared room type of hostel in the county<br /><br />the room has 9 beds, and the price is per person , you must select the number of people to be able to block the nights<br /><br />the  house is big has 9 rooms <br /><br />2.5 bathrooms,<br /><br />equipped kitchen,<br /><br />hot water,<br /><br />wifi",Información acerca del vecindario no proporcionada,Andrea,2017-09-14,2017-09-14,"Anfitriona en Airnbn desde hace 6 años , encantada de recibir huéspedes a mi casa o mis espacios. Dedicada en brindarles toda la ayuda que esté en mis manos para hacer su viaje lo más agradable posible ",within an hour,f,"['email', 'phone']",t,Cuauhtémoc,Shared room in home,Shared room,2.5 shared baths,"[""Wifi"", ""Kitchen"", ""Self check-in"", ""Outdoor dining area"", ""Cooking basics"", ""Lockbox""]",2024-04-15,No disponible,t,1131128251988603914,0.9,0.98,76.0,82.0,19.413583081584232,-99.17590191829022,4.0,2.5,1.0,1.0,146.0,1.0,365.0,1.0,365.0,30,60,90,269,3.0,0.0,4.8,4.8,4.8,4.33,4.33,4.0,0.55
2024-09-26,city scrape,U-Co Roma Nomad Community - Female Dorm,Enjoy the simplicity of this quiet and central place.,Información acerca del vecindario no proporcionada,Marco,2015-12-21,2015-12-21,"I love to travel and experience different cultures. Currently, a digital nomad @marcobarrio exploring the world while growing my businesses. Founder of U-Co helping digital nomads find their community @uco.live DM me for collaborations.",within an hour,f,"['email', 'phone', 'work_email']",t,Cuauhtémoc,Shared room in home,Shared room,4 shared baths,"[""Iron"", ""Wifi"", ""Kitchen"", ""Keypad"", ""Self check-in"", ""Exterior security cameras on property"", ""Dedicated workspace"", ""Cooking basics""]",2024-06-22,No disponible,t,1131227329194801210,0.97,0.87,13.0,13.0,19.4153645,-99.1581382,1.0,4.0,1.0,1.0,446.0,1.0,365.0,1.0,1125.0,30,59,89,268,4.0,0.0,4.75,5.0,5.0,4.75,5.0,5.0,1.24
2024-09-26,city scrape,Habitacion hostal en condesa,hostel type shared room in the heart of the Countess<br /><br />wifi <br /><br />hot water<br /><br />2.5 baths<br /><br />kitchen equipped<br /><br />towel,Información acerca del vecindario no proporcionada,Andrea,2017-09-14,2017-09-14,"Anfitriona en Airnbn desde hace 6 años , encantada de recibir huéspedes a mi casa o mis espacios. Dedicada en brindarles toda la ayuda que esté en mis manos para hacer su viaje lo más agradable posible ",within an hour,f,"['email', 'phone']",t,Cuauhtémoc,Shared room in home,Shared room,2.5 shared baths,"[""Wifi"", ""Kitchen"", ""Self check-in"", ""Outdoor dining area"", ""Cooking basics"", ""Lockbox""]",2024-04-13,No disponible,t,1131277216020537630,0.9,0.98,76.0,82.0,19.4131,-99.17454,4.0,2.5,1.0,1.0,142.0,1.0,365.0,1.0,365.0,26,56,86,259,6.0,0.0,4.83,4.83,4.5,4.17,4.67,5.0,1.08
2024-09-26,city scrape,habitacion hostal en condesa,shared room type of hostel in the county<br /><br />wifi<br /><br />water hot<br /><br />kitchen equipped<br /><br />towel<br /><br />common areas,Información acerca del vecindario no proporcionada,Andrea,2017-09-14,2017-09-14,"Anfitriona en Airnbn desde hace 6 años , encantada de recibir huéspedes a mi casa o mis espacios. Dedicada en brindarles toda la ayuda que esté en mis manos para hacer su viaje lo más agradable posible ",within an hour,f,"['email', 'phone']",t,Cuauhtémoc,Shared room in home,Shared room,2.5 shared baths,"[""Iron"", ""Wifi"", ""Laundromat nearby"", ""Bikes"", ""Dishes and silverware"", ""Self check-in"", ""Backyard"", ""Long term stays allowed"", ""Essentials"", ""Hot water"", ""Patio or balcony"", ""Bed linens"", ""Kitchen"", ""Outdoor dining area"", ""Smoke alarm"", ""Stove"", ""Extra pillows and blankets"", ""Dedicated workspace"", ""Cooking basics"", ""Lockbox""]",2024-05-22,No disponible,t,1131283196942777508,0.9,0.98,76.0,82.0,19.411603989004945,-99.17844616562736,4.0,2.5,1.0,1.0,163.0,1.0,365.0,1.0,365.0,30,60,90,270,6.0,0.0,4.33,4.33,4.17,4.33,4.5,4.33,1.41
2024-09-26,city scrape,U-Co Roma - Comunidad Nomada - Dormitorio Femenino,"Our exclusive shared room for women in a cozy apartment offers a unique lodging experience. With a safe and friendly environment, you can share stories and experiences with other traveling women like you. Equipped with modern amenities and a convenient location, this room offers you the opportunity to connect with other women while exploring the city.",Información acerca del vecindario no proporcionada,Marco,2015-12-21,2015-12-21,"I love to travel and experience different cultures. Currently, a digital nomad @marcobarrio exploring the world while growing my businesses. Founder of U-Co helping digital nomads find their community @uco.live DM me for collaborations.",within an hour,f,"['email', 'phone', 'work_email']",t,Cuauhtémoc,Shared room in home,Shared room,5 shared baths,"[""Iron"", ""Wifi"", ""Refrigerator"", ""Dishes and silverware"", ""Self check-in"", ""Coffee maker"", ""Eco body soap"", ""Keypad"", ""Hot water"", ""Shower gel"", ""TV"", ""Coffee"", ""Bed linens"", ""Kitchen"", ""Other gas stove"", ""Fire extinguisher"", ""Eco shampoo"", ""Exterior security cameras on property"", ""Dedicated workspace"", ""Cooking basics""]",9999-01-01,No disponible,t,1130500043349244950,0.97,0.87,13.0,13.0,19.4153645,-99.1581382,1.0,1.4,1.0,3.0,480.0,1.0,365.0,1.0,1125.0,30,59,89,268,0.0,0.0,4.8,4.9,4.8,4.8,4.8,4.7,1.7
2024-09-26,city scrape,Habitacion Hostal en Condesa,typehostal shared room in the heart of the Countess<br /><br />wifi <br /><br />hot water<br /><br />2.5 bathrooms<br /><br />kitchen equipped<br /><br />towel<br /><br />common areas,Información acerca del vecindario no proporcionada,Andrea,2017-09-14,2017-09-14,"Anfitriona en Airnbn desde hace 6 años , encantada de recibir huéspedes a mi casa o mis espacios. Dedicada en brindarles toda la ayuda que esté en mis manos para hacer su viaje lo más agradable posible ",within an hour,f,"['email', 'phone']",t,Cuauhtémoc,Shared room in home,Shared room,2.5 shared baths,"[""Iron"", ""Wifi"", ""Laundromat nearby"", ""Bikes"", ""Dishes and silverware"", ""Self check-in"", ""Backyard"", ""Long term stays allowed"", ""Essentials"", ""Hot water"", ""Patio or balcony"", ""Bed linens"", ""Kitchen"", ""Outdoor dining area"", ""Smoke alarm"", ""Stove"", ""Extra pillows and blankets"", ""Dedicated workspace"", ""Cooking basics"", ""Lockbox""]",2024-04-19,No disponible,t,1133446222631573796,0.9,0.98,76.0,82.0,19.41027,-99.17913,2.0,2.5,1.0,1.0,146.0,1.0,365.0,1.0,365.0,30,60,90,270,10.0,0.0,4.4,4.5,4.5,4.3,4.9,4.5,1.86
2024-09-26,city scrape,Coolest hostel Boutique in Mexico,"Convenient bunk room, ideal for groups or solo travelers looking for economy and companionship. Enjoy a cozy space with shared amenities.","¡Discover the vibrant Mexico City! Located in the heart of the iconic Colonia Roma, with comfortable rooms, lively social areas, and a prime location near restaurants, bars, and art galleries, your stay will be unforgettable! Welcome to your home away from home!",Luis,2023-11-09,2023-11-09,Información acerca del anfitrión del no proporcionada,within an hour,f,"['email', 'phone']",t,Cuauhtémoc,Shared room in hotel,Shared room,1 shared bath,"[""Iron"", ""Wifi"", ""Laundromat nearby"", ""Paid parking on premises"", ""Self check-in"", ""Arcade games"", ""Hangers"", ""Body soap"", ""Carbon monoxide alarm"", ""Coffee maker"", ""Sound system"", ""First aid kit"", ""Essentials"", ""Shampoo"", ""Hot water"", ""Dining table"", ""Shower gel"", ""Barbecue utensils"", ""TV"", ""Coffee"", ""Bed linens"", ""Conditioner"", ""Outdoor dining area"", ""BBQ grill"", ""Books and reading material"", ""Noise decibel monitors on property"", ""Smoke alarm"", ""Fire extinguisher"", ""Room-darkening shades"", ""Dedicated workspace"", ""Cooking basics"", ""Lockbox""]",9999-01-01,No disponible,t,1136309709013485246,0.9,0.98,5.0,6.0,19.409246,-99.1648869,1.0,1.0,1.0,4.0,400.0,1.0,1125.0,1.0,401.9,25,51,81,239,0.0,0.0,4.8,4.9,4.8,4.8,4.8,4.7,1.7
2024-09-25,city scrape,Cama en la casa del viajero,"The traveler's house, central, well connected to public transport, spacious and with everything you need to have a comfortable and economical trip at the same time.<br /><br />You'll be in touch with other guests with whom you can share your stay and experiences.<br /><br />You will have a private room with 4 beds, common areas are shared, we ask you to respect the rest of the guests and the house rules, zero tolerance to whoever breaks the rules, you will be asked to withdraw immediately.",Información acerca del vecindario no proporcionada,Daniel,2016-07-24,2016-07-24,"I'm Daniel, a person who enjoys other people company and explore new cultures,  I'll be happy to host you",within an hour,f,"['email', 'phone']",t,Cuauhtémoc,Shared room in home,Shared room,2 shared baths,"[""Extra pillows and blankets"", ""Iron"", ""Cleaning products"", ""Washer"", ""Wifi"", ""Exterior security cameras on property"", ""Clothing storage"", ""Host greets you"", ""Room-darkening shades"", ""Bed linens"", ""Kitchen"", ""Dishes and silverware"", ""Essentials"", ""Free street parking"", ""Hot water"", ""Drying rack for clothing"", ""Cooking basics"", ""Hangers""]",2024-04-21,No disponible,t,1134325952537078795,1.0,0.99,10.0,12.0,19.44561,-99.16265,1.0,2.0,1.0,4.0,195.0,1.0,365.0,1.0,365.0,21,21,21,21,2.0,0.0,5.0,5.0,4.5,5.0,5.0,5.0,0.38
2024-09-25,city scrape,"Cama ""Frida Khalo""  en La casa del Viajero","Hostal ""La casa del Viaero"", central, well connected to public transport, spacious and with everything you need to have a comfortable and economical trip at the same time.<br /><br />You'll be in touch with other guests with whom you can share your stay and experiences.<br /><br />You will have your private room with  locker and common areas are shared. We ask for respect from the rest of the guests and the house rules, zero tolerance to those who break the rules, they will be asked to withdraw immediately.",Información acerca del vecindario no proporcionada,Rodrigo,2024-06-10,2024-06-10,"Me encanta la arquitectura, el deporte, la música, bailar.
Apasionado por las personas, sus historias y las diferentes culturas.

Estoy aqui para ayudarte.",within an hour,f,"['email', 'phone']",t,Cuauhtémoc,Shared room in home,Shared room,1 shared bath,"[""Extra pillows and blankets"", ""Iron"", ""Cleaning products"", ""Washer"", ""Wifi"", ""Exterior security cameras on property"", ""Clothing storage"", ""Host greets you"", ""Room-darkening shades"", ""Bed linens"", ""Kitchen"", ""Dishes and silverware"", ""Essentials"", ""Free street parking"", ""Hot water"", ""Drying rack for clothing"", ""Cooking basics"", ""Hangers""]",2024-04-30,No disponible,f,1134366357206071327,1.0,0.5,5.0,6.0,19.444206667906165,-99.16451643496748,1.0,1.0,1.0,1.0,200.0,1.0,365.0,1.0,365.0,29,59,89,364,2.0,1.0,4.5,4.5,4.5,4.5,4.5,5.0,0.4
2024-09-26,city scrape,Coolest hostel Boutique in Mexico,"Charming shared room with bunk beds, designed especially for women. Enjoy a cozy and safe space, perfect for travelers looking for comfort and companionship.","¡Discover the vibrant Mexico City! Located in the heart of the iconic Colonia Roma, with comfortable rooms, lively social areas, and a prime location near restaurants, bars, and art galleries, your stay will be unforgettable! Welcome to your home away from home!",Luis,2023-11-09,2023-11-09,Información acerca del anfitrión del no proporcionada,within an hour,f,"['email', 'phone']",t,Cuauhtémoc,Shared room in hotel,Shared room,1 shared bath,"[""Iron"", ""Wifi"", ""Laundromat nearby"", ""Paid parking on premises"", ""Self check-in"", ""Arcade games"", ""Hangers"", ""Body soap"", ""Carbon monoxide alarm"", ""Coffee maker"", ""Sound system"", ""First aid kit"", ""Essentials"", ""Shampoo"", ""Hot water"", ""Dining table"", ""Shower gel"", ""Barbecue utensils"", ""TV"", ""Coffee"", ""Conditioner"", ""Outdoor dining area"", ""BBQ grill"", ""Books and reading material"", ""Noise decibel monitors on property"", ""Smoke alarm"", ""Fire extinguisher"", ""Room-darkening shades"", ""Dedicated workspace"", ""Cooking basics"", ""Lockbox""]",9999-01-01,No disponible,t,1136891244210165686,0.9,0.98,5.0,6.0,19.40925,-99.16489,1.0,1.0,1.0,4.0,450.0,1.0,1125.0,1.0,401.9,25,51,81,239,0.0,0.0,4.8,4.9,4.8,4.8,4.8,4.7,1.7
2024-09-25,city scrape,Queen bed in friendly Hostel CDMX center,"Welcome to our cozy hostel in the heart of vibrant CDMX! Our privileged location puts you just steps from the city's main points of interest, restaurants and nightlife. Enjoy our comfortable rooms and a friendly and welcoming atmosphere. With us, you will experience the authentic city life of Mexico. Book now and make your stay an unforgettable experience!","An area full of culture and things to explore and know, enjoy nightlife, but also restaurants, bars, terraces, museums, parks, historical and cultural buildings",Casa Mx,2020-06-16,2020-06-16,"Soy un hombre joven, moderno, con experiencia en el lugar en el que vivo y aventurero, pero sobre todo soy un apasionado del servicio, estoy orgulloso de mi entorno por su cultura, folklor y la vida diaria, me gusta inspirar a otros a conectar con él y aprovechar todo lo que éste ofrece.",within an hour,f,"['email', 'phone']",t,Cuauhtémoc,Shared room in hotel,Shared room,1 shared bath,"[""Shared patio or balcony"", ""Outdoor furniture"", ""Wifi"", ""Cleaning available during stay"", ""Outdoor shower"", ""Refrigerator"", ""Dishes and silverware"", ""Self check-in"", ""Building staff"", ""Blender"", ""Shared backyard"", ""Carbon monoxide alarm"", ""Long term stays allowed"", ""First aid kit"", ""Hot water"", ""Luggage dropoff allowed"", ""Bed linens"", ""Kitchen"", ""Outdoor dining area"", ""Smoke alarm"", ""Stove"", ""Fire extinguisher"", ""Room-darkening shades"", ""Exterior security cameras on property"", ""Cooking basics"", ""Microwave""]",2024-05-08,No disponible,t,1137847760575844071,0.89,0.99,11.0,11.0,19.4302377,-99.1340864,1.0,1.0,1.0,1.0,450.0,1.0,365.0,1.0,365.0,22,42,69,238,1.0,0.0,5.0,5.0,5.0,5.0,5.0,5.0,0.21
2024-09-25,city scrape,Bed in female shared dormitory CDMX center,"Welcome to our cozy hostel in the heart of vibrant CDMX! Our privileged location puts you just steps from the city's main points of interest, restaurants and nightlife. Enjoy our comfortable rooms and a friendly and welcoming atmosphere. With us, you will experience the authentic city life of Mexico. Book now and make your stay an unforgettable experience!","An area full of culture and things to explore and know, enjoy nightlife, but also restaurants, bars, terraces, museums, parks, historical and cultural buildings",Casa Mx,2020-06-16,2020-06-16,"Soy un hombre joven, moderno, con experiencia en el lugar en el que vivo y aventurero, pero sobre todo soy un apasionado del servicio, estoy orgulloso de mi entorno por su cultura, folklor y la vida diaria, me gusta inspirar a otros a conectar con él y aprovechar todo lo que éste ofrece.",within an hour,f,"['email', 'phone']",t,Cuauhtémoc,Shared room in hotel,Shared room,1 shared bath,"[""Shared patio or balcony"", ""Outdoor furniture"", ""Wifi"", ""Cleaning available during stay"", ""Outdoor shower"", ""Refrigerator"", ""Dishes and silverware"", ""Self check-in"", ""Building staff"", ""Carbon monoxide alarm"", ""Long term stays allowed"", ""First aid kit"", ""Essentials"", ""Hot water"", ""Dining table"", ""Luggage dropoff allowed"", ""Shared outdoor kitchen"", ""Bed linens"", ""Kitchen"", ""Outdoor dining area"", ""Stainless steel gas stove"", ""Smoke alarm"", ""Fire extinguisher"", ""Room-darkening shades"", ""Exterior security cameras on property"", ""Cooking basics"", ""Microwave""]",2024-07-30,No disponible,t,1137885773094284535,0.89,0.99,11.0,11.0,19.4302377,-99.1340864,1.0,1.0,1.0,1.0,423.0,1.0,365.0,1.0,365.0,22,47,74,243,1.0,0.0,4.0,5.0,4.0,4.0,5.0,5.0,0.52
2024-09-25,city scrape,Bed in Friendly Hostel in the center of CDMX,"Welcome to our cozy hostel in the heart of vibrant CDMX! Our privileged location puts you just steps from the city's main points of interest, restaurants and nightlife. Enjoy our comfortable rooms and a friendly and welcoming atmosphere. With us, you will experience the authentic city life of Mexico. Book now and make your stay an unforgettable experience!","An area full of culture and things to explore and know, enjoy nightlife, but also restaurants, bars, terraces, museums, parks, historical and cultural buildings",Casa Mx,2020-06-16,2020-06-16,"Soy un hombre joven, moderno, con experiencia en el lugar en el que vivo y aventurero, pero sobre todo soy un apasionado del servicio, estoy orgulloso de mi entorno por su cultura, folklor y la vida diaria, me gusta inspirar a otros a conectar con él y aprovechar todo lo que éste ofrece.",within an hour,f,"['email', 'phone']",t,Cuauhtémoc,Shared room in hotel,Shared room,1 shared bath,"[""Shared patio or balcony"", ""Outdoor furniture"", ""Wifi"", ""Cleaning available during stay"", ""Outdoor shower"", ""Refrigerator"", ""Dishes and silverware"", ""Self check-in"", ""Building staff"", ""Blender"", ""Carbon monoxide alarm"", ""Long term stays allowed"", ""First aid kit"", ""Hot water"", ""Luggage dropoff allowed"", ""Bed linens"", ""Kitchen"", ""Outdoor dining area"", ""Stainless steel gas stove"", ""Smoke alarm"", ""Fire extinguisher"", ""Room-darkening shades"", ""Exterior security cameras on property"", ""Cooking basics"", ""Microwave""]",2024-04-24,No disponible,t,1137899805389679762,0.89,0.99,11.0,11.0,19.4302377,-99.1340864,1.0,1.0,1.0,1.0,423.0,1.0,1125.0,1.0,1125.0,23,46,73,242,15.0,3.0,4.6,4.87,4.2,4.53,5.0,4.8,2.9
2024-09-25,city scrape,Shared room Hostel in the center of CDMX,"Welcome to our cozy hostel in the heart of vibrant CDMX! Our privileged location puts you just steps from the city's main points of interest, restaurants and nightlife. Enjoy our comfortable rooms and a friendly and welcoming atmosphere. With us, you will experience the authentic city life of Mexico. Book now and make your stay an unforgettable experience!","An area full of culture and things to explore and know, enjoy nightlife, but also restaurants, bars, terraces, museums, parks, historical and cultural buildings",Casa Mx,2020-06-16,2020-06-16,"Soy un hombre joven, moderno, con experiencia en el lugar en el que vivo y aventurero, pero sobre todo soy un apasionado del servicio, estoy orgulloso de mi entorno por su cultura, folklor y la vida diaria, me gusta inspirar a otros a conectar con él y aprovechar todo lo que éste ofrece.",within an hour,f,"['email', 'phone']",t,Cuauhtémoc,Shared room in hotel,Shared room,1 shared bath,"[""Shared patio or balcony"", ""Outdoor furniture"", ""Wifi"", ""Cleaning available during stay"", ""Outdoor shower"", ""Refrigerator"", ""Dishes and silverware"", ""Self check-in"", ""Blender"", ""Shared backyard"", ""Carbon monoxide alarm"", ""Long term stays allowed"", ""First aid kit"", ""Hot water"", ""Luggage dropoff allowed"", ""Shared outdoor kitchen"", ""Bed linens"", ""Kitchen"", ""Outdoor dining area"", ""Smoke alarm"", ""Stove"", ""Fire extinguisher"", ""Microwave"", ""Cooking basics"", ""Building staff""]",2024-07-01,No disponible,t,1137906824784777678,0.89,0.99,11.0,11.0,19.4302377,-99.1340864,1.0,1.0,1.0,1.0,423.0,1.0,365.0,1.0,365.0,20,47,74,243,3.0,1.0,4.33,4.67,4.33,4.33,5.0,4.0,1.03
2024-09-25,city scrape,Hostel shared room in the center of CDMX,"Welcome to our cozy hostel in the heart of vibrant CDMX! Our privileged location puts you just steps from the city's main points of interest, restaurants and nightlife. Enjoy our comfortable rooms and a friendly and welcoming atmosphere. With us, you will experience the authentic city life of Mexico. Book now and make your stay an unforgettable experience!","An area full of culture and things to explore and know, enjoy nightlife, but also restaurants, bars, terraces, museums, parks, historical and cultural buildings",Casa Mx,2020-06-16,2020-06-16,"Soy un hombre joven, moderno, con experiencia en el lugar en el que vivo y aventurero, pero sobre todo soy un apasionado del servicio, estoy orgulloso de mi entorno por su cultura, folklor y la vida diaria, me gusta inspirar a otros a conectar con él y aprovechar todo lo que éste ofrece.",within an hour,f,"['email', 'phone']",t,Cuauhtémoc,Shared room in hotel,Shared room,1 shared bath,"[""Shared patio or balcony"", ""Outdoor furniture"", ""Wifi"", ""Cleaning available during stay"", ""Outdoor shower"", ""Refrigerator"", ""Dishes and silverware"", ""Self check-in"", ""Building staff"", ""Blender"", ""Shared backyard"", ""Carbon monoxide alarm"", ""Long term stays allowed"", ""First aid kit"", ""Hot water"", ""Luggage dropoff allowed"", ""Shared outdoor kitchen"", ""Bed linens"", ""Kitchen"", ""Outdoor dining area"", ""Stainless steel gas stove"", ""Smoke alarm"", ""Fire extinguisher"", ""Room-darkening shades"", ""Exterior security cameras on property"", ""Cooking basics"", ""Microwave""]",2024-04-23,No disponible,t,1137909420871064525,0.89,0.99,11.0,11.0,19.4302377,-99.1340864,1.0,1.0,1.0,1.0,413.0,1.0,365.0,1.0,365.0,24,46,73,242,19.0,1.0,4.37,4.53,4.26,4.42,4.95,4.58,3.65
2024-09-25,city scrape,Habitación céntrica y segura,Enjoy the simplicity of this quiet and central place. <br /><br />Ideal if you come any concerts! I'm super close to the autódromo y Foro sol,Información acerca del vecindario no proporcionada,Jazmin,2014-11-09,2014-11-09,"Me encanta viajar acompañada de mi familia, conocer lugares, gente, nuevas formas de pensar!!!! Residimos en la CDMX!!! ",within a day,f,"['email', 'phone']",t,Iztacalco,Shared room in rental unit,Shared room,1 shared bath,"[""First aid kit"", ""Paid parking on premises"", ""Kitchen"", ""Exterior security cameras on property""]",9999-01-01,No disponible,f,1138438342732295906,0.75,0.77,2.0,2.0,19.3996692,-99.1241536,1.0,1.0,1.6,1.0,800.0,1.0,365.0,1.0,365.0,29,59,89,269,0.0,0.0,4.8,4.9,4.8,4.8,4.8,4.7,1.7
2024-09-26,city scrape,Habitación Maya en Casa Olmeca,Spacious and quiet room with huge special common spaces to spend a small time of rest and visit beautiful Mexico City,Información acerca del vecindario no proporcionada,Jose Fernando,2024-01-29,2024-01-29,Información acerca del anfitrión del no proporcionada,within an hour,f,"['email', 'phone']",t,Cuauhtémoc,Shared room in home,Shared room,2 shared baths,"[""Free parking on premises"", ""Washer"", ""TV"", ""Wifi"", ""Coffee maker"", ""Freezer"", ""Clothing storage"", ""Bed linens"", ""Kitchen"", ""Refrigerator"", ""Dishes and silverware"", ""Stove"", ""Shampoo"", ""Hot water"", ""Dining table"", ""Cooking basics"", ""Hangers"", ""Microwave""]",9999-01-01,No disponible,t,1146517424246656828,1.0,0.36,8.0,8.0,19.4118882,-99.1634986,2.0,2.0,1.0,1.0,950.0,2.0,15.0,2.0,1125.0,29,59,89,179,0.0,0.0,4.8,4.9,4.8,4.8,4.8,4.7,1.7
2024-09-25,city scrape,Cuarto con todos los servicios,"Room with all amenities and shared kitchen, living room and bathroom",Información acerca del vecindario no proporcionada,Diego,2013-06-30,2013-06-30,"Emprendedor, vivo en CDMX y utilizo airbnb para conocer México ",within a day,f,"['email', 'phone', 'work_email']",t,Benito Juárez,Shared room in rental unit,Shared room,1 shared bath,"[""Cleaning products"", ""Washer"", ""TV"", ""Wifi"", ""Kitchen"", ""Shampoo"", ""Hot water"", ""Dedicated workspace"", ""Shower gel""]",9999-01-01,No disponible,f,1146568708668452297,0.67,1.0,1.0,2.0,19.38778,-99.15668,1.0,1.0,1.0,1.0,319.0,1.0,365.0,1.0,365.0,29,59,89,269,0.0,0.0,4.8,4.9,4.8,4.8,4.8,4.7,1.7
2024-09-25,city scrape,Habitación Compartida Hombres | Cama Inferior 1B,"Meet and Enjoy this new concept than Mr. Herold Homes has it for you!<br /><br />Shared rooms with a one-of-a-kind, urban, and luxurious layout.<br /><br />Comfortable and safe spaces, with all the basic amenities, to live a pleasant and pleasant experience, without worrying about anything, other than enjoying your stay, whether for work, health, or pleasure, at Herold Homes we want to make you feel at home.<br /><br />Come and live the Herold Homes experience…<br /> Welcome to Herold Homes, welcome to the good life!",Información acerca del vecindario no proporcionada,Maria Yuliana,2016-09-07,2016-09-07,"Vive la experiencia Mr. Herold Homes
Espacios cómodos y seguros, con todas las amenidades básicas, para vivir una experiencia amena y placentera, sin preocuparte de nada, más que de disfrutar tu estancia, ya sea por trabajo, salud, o placer, en Mr. Herold Homes queremos hacerte sentir como en casa.",within an hour,f,"['email', 'phone']",f,Benito Juárez,Shared room in hostel,Shared room,1 shared bath,"[""Iron"", ""Washer"", ""Outdoor furniture"", ""Wifi"", ""Elevator"", ""Heating"", ""Freezer"", ""Laundromat nearby"", ""Cleaning available during stay"", ""Paid parking on premises"", ""Refrigerator"", ""Dishes and silverware"", ""Self check-in"", ""Dishwasher"", ""Building staff"", ""Blender"", ""Portable fans"", ""Body soap"", ""Carbon monoxide alarm"", ""Coffee maker"", ""Hot water kettle"", ""Long term stays allowed"", ""First aid kit"", ""Toaster"", ""Essentials"", ""Shampoo"", ""Hot water"", ""Bidet"", ""Dining table"", ""Shower gel"", ""Dryer"", ""Luggage dropoff allowed"", ""TV"", ""Coffee"", ""Patio or balcony"", ""Bed linens"", ""Kitchen"", ""Conditioner"", ""Books and reading material"", ""Smoke alarm"", ""Stove"", ""Cleaning products"", ""Fire extinguisher"", ""Room-darkening shades"", ""Air conditioning"", ""Trash compactor"", ""Gym"", ""Exterior security cameras on property"", ""Dedicated workspace"", ""Cooking basics"", ""Hair dryer"", ""Microwave""]",9999-01-01,No disponible,t,1152323896854408647,0.96,0.99,64.0,65.0,19.3636441,-99.1507401,1.0,1.0,1.0,4.0,324.0,1.0,365.0,1.0,1125.0,27,57,87,264,0.0,0.0,4.8,4.9,4.8,4.8,4.8,4.7,1.7
2024-09-25,city scrape,Habitación Compartida Hombres |  Cama superior 1A,"Meet and Enjoy this new concept than Mr. Herold Homes tiene para ti!<br /><br />Shared rooms with a one-of-a-kind, urban, and luxurious layout.<br /><br />Comfortable and safe spaces, with all the basic amenities, to live a pleasant and pleasant experience, without worrying about anything, other than enjoying your stay, whether for work, health, or pleasure, at Herold Homes we want to make you feel at home.<br /><br />Come and live the Herold Homes experience…<br />Welcome to Herold Homes, welcome to the good life!",Información acerca del vecindario no proporcionada,Maria Yuliana,2016-09-07,2016-09-07,"Vive la experiencia Mr. Herold Homes
Espacios cómodos y seguros, con todas las amenidades básicas, para vivir una experiencia amena y placentera, sin preocuparte de nada, más que de disfrutar tu estancia, ya sea por trabajo, salud, o placer, en Mr. Herold Homes queremos hacerte sentir como en casa.",within an hour,f,"['email', 'phone']",f,Benito Juárez,Shared room in hostel,Shared room,1 shared bath,"[""Iron"", ""Washer"", ""Outdoor furniture"", ""Wifi"", ""Elevator"", ""Heating"", ""Laundromat nearby"", ""Cleaning available during stay"", ""Paid parking on premises"", ""Refrigerator"", ""Dishes and silverware"", ""Self check-in"", ""Exercise equipment"", ""Building staff"", ""Blender"", ""Portable fans"", ""Body soap"", ""Carbon monoxide alarm"", ""Coffee maker"", ""Hot water kettle"", ""Long term stays allowed"", ""First aid kit"", ""Toaster"", ""Essentials"", ""Shampoo"", ""Hot water"", ""Bidet"", ""Dining table"", ""Shower gel"", ""Dryer"", ""Luggage dropoff allowed"", ""TV"", ""Coffee"", ""Patio or balcony"", ""Bed linens"", ""Kitchen"", ""Conditioner"", ""Books and reading material"", ""Smoke alarm"", ""Stove"", ""Fire extinguisher"", ""Room-darkening shades"", ""Air conditioning"", ""Trash compactor"", ""Gym"", ""Exterior security cameras on property"", ""Dedicated workspace"", ""Cooking basics"", ""Hair dryer"", ""Microwave""]",2024-07-28,No disponible,t,1152389106963364767,0.96,0.99,64.0,65.0,19.3636441,-99.1507401,1.0,1.0,1.0,2.0,324.0,1.0,365.0,1.0,1125.0,27,53,83,263,1.0,0.0,5.0,5.0,5.0,5.0,5.0,5.0,0.5
2024-09-25,city scrape,"Polanco-Metro | Bed in tent ""a""","Spacious and comfortable space with a prime location in Polanco, one of Mexico City's most exclusive neighborhoods. Close to major entertainment sites; restaurants, bars, nightclubs, museums, theaters, malls, and renowned boutiques. The area is safe and the distances are short which allows walking.<br />Your experience will be unforgettable!",Información acerca del vecindario no proporcionada,Pablo,2016-03-01,2016-03-01,"My friends call me Paul. Well educated and very social. I have genuine passion for fitness, working out at the GYM and having a healthy life. I Like competing on The Spartan Race “In those challenges as in my own life, the adrenaline helps me to overcome the obstacles and it gives me the energy to achieve my goals and never get lost in the way” I also love to travel and hanging out with friends.",within an hour,t,"['email', 'phone']",t,Miguel Hidalgo,Shared room in rental unit,Shared room,1 shared bath,"[""Iron"", ""Washer"", ""Elevator"", ""Wifi"", ""Heating"", ""Laundromat nearby"", ""Cleaning available during stay"", ""Dishes and silverware"", ""Ethernet connection"", ""Self check-in"", ""Hangers"", ""Mini fridge"", ""Body soap"", ""Carbon monoxide alarm"", ""Coffee maker"", ""Long term stays allowed"", ""First aid kit"", ""Toaster"", ""Essentials"", ""Shampoo"", ""Hot water"", ""Dining table"", ""Shower gel"", ""Dryer"", ""Luggage dropoff allowed"", ""TV"", ""Bed linens"", ""Kitchen"", ""Smart lock"", ""Conditioner"", ""Oven"", ""Paid parking off premises"", ""Smoke alarm"", ""Stove"", ""Extra pillows and blankets"", ""Fire extinguisher"", ""Clothing storage"", ""Room-darkening shades"", ""Exterior security cameras on property"", ""Dedicated workspace"", ""Cooking basics"", ""Hair dryer"", ""Microwave""]",2024-05-16,No disponible,t,1152555566532827950,0.99,0.99,47.0,47.0,19.4325716,-99.1909073,1.0,1.0,1.0,1.0,228.0,1.0,90.0,1.1,90.0,28,46,46,46,12.0,2.0,4.83,4.75,4.67,4.83,5.0,4.83,2.71
2024-09-25,city scrape,"Polanco-Metro | Bed in tent ""b""","From this central home, you can have easy access to everything.",Información acerca del vecindario no proporcionada,Pablo,2016-03-01,2016-03-01,"My friends call me Paul. Well educated and very social. I have genuine passion for fitness, working out at the GYM and having a healthy life. I Like competing on The Spartan Race “In those challenges as in my own life, the adrenaline helps me to overcome the obstacles and it gives me the energy to achieve my goals and never get lost in the way” I also love to travel and hanging out with friends.",within an hour,t,"['email', 'phone']",t,Miguel Hidalgo,Shared room in rental unit,Shared room,1 shared bath,"[""Iron"", ""Washer"", ""Elevator"", ""Wifi"", ""Heating"", ""Laundromat nearby"", ""Cleaning available during stay"", ""Dishes and silverware"", ""Ethernet connection"", ""Self check-in"", ""Hangers"", ""Mini fridge"", ""Carbon monoxide alarm"", ""Coffee maker"", ""Long term stays allowed"", ""First aid kit"", ""Toaster"", ""Essentials"", ""Shampoo"", ""Hot water"", ""Dining table"", ""Shower gel"", ""Dryer"", ""Luggage dropoff allowed"", ""TV"", ""Bed linens"", ""Kitchen"", ""Smart lock"", ""Conditioner"", ""Oven"", ""Paid parking off premises"", ""Smoke alarm"", ""Stove"", ""Extra pillows and blankets"", ""Cleaning products"", ""Fire extinguisher"", ""Clothing storage"", ""Room-darkening shades"", ""Exterior security cameras on property"", ""Dedicated workspace"", ""Cooking basics"", ""Hair dryer"", ""Microwave""]",2024-05-15,No disponible,t,1152572238304210358,0.99,0.99,47.0,47.0,19.4325716,-99.1909073,1.0,1.0,1.0,1.0,285.0,1.0,90.0,1.1,1125.0,28,46,46,46,7.0,0.0,5.0,5.0,5.0,5.0,5.0,5.0,1.57
2024-09-26,city scrape,"Polanco-Metro | Bed in tent ""c""","From this central home, you can have easy access to everything.",Información acerca del vecindario no proporcionada,Pablo,2016-03-01,2016-03-01,"My friends call me Paul. Well educated and very social. I have genuine passion for fitness, working out at the GYM and having a healthy life. I Like competing on The Spartan Race “In those challenges as in my own life, the adrenaline helps me to overcome the obstacles and it gives me the energy to achieve my goals and never get lost in the way” I also love to travel and hanging out with friends.",within an hour,t,"['email', 'phone']",t,Miguel Hidalgo,Shared room in rental unit,Shared room,1 shared bath,"[""Iron"", ""Washer"", ""Elevator"", ""Wifi"", ""Heating"", ""Laundromat nearby"", ""Cleaning available during stay"", ""Dishes and silverware"", ""Ethernet connection"", ""Self check-in"", ""Hangers"", ""Mini fridge"", ""Carbon monoxide alarm"", ""Coffee maker"", ""Long term stays allowed"", ""First aid kit"", ""Toaster"", ""Essentials"", ""Shampoo"", ""Hot water"", ""Dining table"", ""Shower gel"", ""Dryer"", ""Luggage dropoff allowed"", ""TV"", ""Bed linens"", ""Kitchen"", ""Smart lock"", ""Conditioner"", ""Oven"", ""Paid parking off premises"", ""Smoke alarm"", ""Stove"", ""Extra pillows and blankets"", ""Cleaning products"", ""Fire extinguisher"", ""Clothing storage"", ""Room-darkening shades"", ""Exterior security cameras on property"", ""Dedicated workspace"", ""Cooking basics"", ""Hair dryer"", ""Microwave""]",9999-01-01,No disponible,t,1152576417257707684,0.99,0.99,47.0,47.0,19.43336996700633,-99.19025813944349,1.0,1.0,1.0,1.0,228.0,1.0,90.0,1.1,1125.0,28,46,46,46,0.0,0.0,4.8,4.9,4.8,4.8,4.8,4.7,1.7
2024-09-25,city scrape,"Polanco-Metro | Bed in tent ""d""","From this central home, you can have easy access to everything.",Información acerca del vecindario no proporcionada,Pablo,2016-03-01,2016-03-01,"My friends call me Paul. Well educated and very social. I have genuine passion for fitness, working out at the GYM and having a healthy life. I Like competing on The Spartan Race “In those challenges as in my own life, the adrenaline helps me to overcome the obstacles and it gives me the energy to achieve my goals and never get lost in the way” I also love to travel and hanging out with friends.",within an hour,t,"['email', 'phone']",t,Miguel Hidalgo,Shared room in rental unit,Shared room,1 shared bath,"[""Iron"", ""Washer"", ""Elevator"", ""Wifi"", ""Heating"", ""Laundromat nearby"", ""Cleaning available during stay"", ""Dishes and silverware"", ""Ethernet connection"", ""Self check-in"", ""Hangers"", ""Mini fridge"", ""Carbon monoxide alarm"", ""Coffee maker"", ""Long term stays allowed"", ""First aid kit"", ""Toaster"", ""Essentials"", ""Shampoo"", ""Hot water"", ""Dining table"", ""Shower gel"", ""Dryer"", ""Luggage dropoff allowed"", ""TV"", ""Bed linens"", ""Kitchen"", ""Smart lock"", ""Conditioner"", ""Oven"", ""Paid parking off premises"", ""Smoke alarm"", ""Stove"", ""Extra pillows and blankets"", ""Cleaning products"", ""Fire extinguisher"", ""Clothing storage"", ""Room-darkening shades"", ""Exterior security cameras on property"", ""Dedicated workspace"", ""Cooking basics"", ""Hair dryer"", ""Microwave""]",2024-07-06,No disponible,t,1152578319809095222,0.99,0.99,47.0,47.0,19.4325716,-99.1909073,1.0,1.0,1.0,1.0,228.0,1.0,90.0,1.1,1125.0,29,47,47,47,1.0,0.0,5.0,5.0,5.0,5.0,5.0,5.0,0.37
2024-09-25,city scrape,"Polanco-Metro | Bed in tent ""f""","From this central home, you can have easy access to everything.",Información acerca del vecindario no proporcionada,Pablo,2016-03-01,2016-03-01,"My friends call me Paul. Well educated and very social. I have genuine passion for fitness, working out at the GYM and having a healthy life. I Like competing on The Spartan Race “In those challenges as in my own life, the adrenaline helps me to overcome the obstacles and it gives me the energy to achieve my goals and never get lost in the way” I also love to travel and hanging out with friends.",within an hour,t,"['email', 'phone']",t,Miguel Hidalgo,Shared room in rental unit,Shared room,1 shared bath,"[""Iron"", ""Elevator"", ""Wifi"", ""Paid washer \u2013 In building"", ""Cleaning available during stay"", ""Laundromat nearby"", ""Gas stove"", ""Dishes and silverware"", ""Mosquito net"", ""Ethernet connection"", ""Self check-in"", ""40 inch HDTV with Roku"", ""Portable fans"", ""Hangers"", ""Mini fridge"", ""Carbon monoxide alarm"", ""Coffee maker"", ""Long term stays allowed"", ""First aid kit"", ""Essentials"", ""Shampoo"", ""Hot water"", ""Dining table"", ""Shower gel"", ""Luggage dropoff allowed"", ""Bed linens"", ""Kitchen"", ""Smart lock"", ""Conditioner"", ""Oven"", ""Paid parking off premises"", ""Smoke alarm"", ""Extra pillows and blankets"", ""Cleaning products"", ""Safe"", ""Fire extinguisher"", ""Clothing storage"", ""Room-darkening shades"", ""Paid dryer \u2013 In building"", ""Exterior security cameras on property"", ""Dedicated workspace"", ""Cooking basics"", ""Portable heater"", ""Hair dryer"", ""Microwave""]",2024-07-01,No disponible,t,1152583731651431291,0.99,0.99,47.0,47.0,19.4325716,-99.1909073,1.0,1.0,1.0,1.0,399.0,1.0,90.0,1.1,1125.0,26,44,44,44,1.0,0.0,5.0,5.0,5.0,5.0,5.0,5.0,0.34
2024-09-25,city scrape,Habitación Compartida Hombres | Cama Superior 2A,"Meet and Enjoy this new concept than Mr. Herold Homes tiene para ti!<br /><br />Shared rooms with a one-of-a-kind, urban, and luxurious layout.<br /><br />Comfortable and safe spaces, with all the basic amenities, to live a pleasant and pleasant experience, without worrying about anything, other than enjoying your stay, whether for work, health, or pleasure, at Herold Homes we want to make you feel at home.<br /><br />Come and live the Herold Homes experience…<br />Welcome to Herold Homes, welcome to the good life!",Información acerca del vecindario no proporcionada,Maria Yuliana,2016-09-07,2016-09-07,"Vive la experiencia Mr. Herold Homes
Espacios cómodos y seguros, con todas las amenidades básicas, para vivir una experiencia amena y placentera, sin preocuparte de nada, más que de disfrutar tu estancia, ya sea por trabajo, salud, o placer, en Mr. Herold Homes queremos hacerte sentir como en casa.",within an hour,f,"['email', 'phone']",f,Benito Juárez,Shared room in hostel,Shared room,1 shared bath,"[""Iron"", ""Washer"", ""Elevator"", ""Wifi"", ""Heating"", ""Freezer"", ""Laundromat nearby"", ""Cleaning available during stay"", ""Paid parking on premises"", ""Refrigerator"", ""Dishes and silverware"", ""Self check-in"", ""Resort access"", ""Exercise equipment"", ""Building staff"", ""Blender"", ""Portable fans"", ""Body soap"", ""Carbon monoxide alarm"", ""Coffee maker"", ""Hot water kettle"", ""Long term stays allowed"", ""First aid kit"", ""Toaster"", ""Essentials"", ""Shampoo"", ""Hot water"", ""Bidet"", ""Dining table"", ""Shower gel"", ""Dryer"", ""Luggage dropoff allowed"", ""TV"", ""Coffee"", ""Patio or balcony"", ""Bed linens"", ""Kitchen"", ""Conditioner"", ""Books and reading material"", ""Smoke alarm"", ""Stove"", ""Fire extinguisher"", ""Room-darkening shades"", ""Air conditioning"", ""Trash compactor"", ""Gym"", ""Exterior security cameras on property"", ""Dedicated workspace"", ""Cooking basics"", ""Hair dryer"", ""Microwave""]",9999-01-01,No disponible,t,1152960664710115962,0.96,0.99,64.0,65.0,19.3636441,-99.1507401,1.0,1.0,1.0,0.0,324.0,1.0,365.0,1.0,1125.0,15,45,75,248,0.0,0.0,4.8,4.9,4.8,4.8,4.8,4.7,1.7
2024-09-25,city scrape,Depto. Amueblado en Cuajimalpa,"This place has a strategic location - it will be very easy to plan your visit!<br />It has all the services. <br />Large cistern that always supplies water.<br />Located 10 minutes from Santa Fe and Interlomas.<br />Quiet located on street without transit.<br />Supermarkets, shops, pharmacies, gas station near the home.",Información acerca del vecindario no proporcionada,Cinthya,2015-11-23,2015-11-23,Ciudadana del mundo,within an hour,f,"['email', 'phone']",t,Cuajimalpa de Morelos,Shared room in condo,Shared room,2 shared baths,"[""Free parking on premises"", ""Washer"", ""TV"", ""Wifi"", ""Paid parking on premises"", ""Kitchen"", ""Exterior security cameras on property"", ""Dedicated workspace""]",9999-01-01,No disponible,t,1153014760572449138,1.0,1.0,1.0,2.0,19.367658468933048,-99.2,2.0,2.0,3.0,4.0,1440.0,1.0,365.0,1.0,365.0,30,60,90,270,0.0,0.0,4.8,4.9,4.8,4.8,4.8,4.7,1.7
2024-09-25,city scrape,Habitación Compartida Hombres | Cama Inferior 6A,"Meet and Enjoy this new concept than Mr. Herold Homes has it for you!<br /><br />Shared rooms with a one-of-a-kind, urban, and luxurious layout.<br /><br />Comfortable and safe spaces, with all the basic amenities, to live a pleasant and pleasant experience, without worrying about anything, other than enjoying your stay, whether for work, health, or pleasure, at Herold Homes we want to make you feel at home.<br /><br />Come and live the Herold Homes experience…<br /> Welcome to Herold Homes, welcome to the good life!",Información acerca del vecindario no proporcionada,Maria Yuliana,2016-09-07,2016-09-07,"Vive la experiencia Mr. Herold Homes
Espacios cómodos y seguros, con todas las amenidades básicas, para vivir una experiencia amena y placentera, sin preocuparte de nada, más que de disfrutar tu estancia, ya sea por trabajo, salud, o placer, en Mr. Herold Homes queremos hacerte sentir como en casa.",within an hour,f,"['email', 'phone']",f,Benito Juárez,Shared room in hostel,Shared room,1 shared bath,"[""Iron"", ""Washer"", ""Outdoor furniture"", ""Wifi"", ""Elevator"", ""Heating"", ""Freezer"", ""Laundromat nearby"", ""Cleaning available during stay"", ""Paid parking on premises"", ""Refrigerator"", ""Dishes and silverware"", ""Self check-in"", ""Dishwasher"", ""Exercise equipment"", ""Building staff"", ""Blender"", ""Portable fans"", ""Body soap"", ""Carbon monoxide alarm"", ""Coffee maker"", ""Hot water kettle"", ""Long term stays allowed"", ""First aid kit"", ""Toaster"", ""Essentials"", ""Shampoo"", ""Hot water"", ""Dining table"", ""Shower gel"", ""Dryer"", ""Luggage dropoff allowed"", ""TV"", ""Coffee"", ""Patio or balcony"", ""Bed linens"", ""Kitchen"", ""Conditioner"", ""Books and reading material"", ""Smoke alarm"", ""Stove"", ""Fire extinguisher"", ""Room-darkening shades"", ""Air conditioning"", ""Trash compactor"", ""Gym"", ""Exterior security cameras on property"", ""Dedicated workspace"", ""Cooking basics"", ""Hair dryer"", ""Microwave""]",9999-01-01,No disponible,t,1157470366089863398,0.96,0.99,64.0,65.0,19.3636441,-99.1507401,1.0,1.0,1.0,4.0,324.0,1.0,365.0,1.0,1125.0,30,60,90,270,0.0,0.0,4.8,4.9,4.8,4.8,4.8,4.7,1.7
2024-09-25,city scrape,Habitación Compartida Hombres | Cama Superior 5A,"Meet and Enjoy this new concept than Mr. Herold Homes has it for you!<br /><br />Shared rooms with a one-of-a-kind, urban, and luxurious layout.<br /><br />Comfortable and safe spaces, with all the basic amenities, to live a pleasant and pleasant experience, without worrying about anything, other than enjoying your stay, whether for work, health, or pleasure, at Herold Homes we want to make you feel at home.<br /><br />Come and live the Herold Homes experience…<br /> Welcome to Herold Homes, welcome to the good life!",Información acerca del vecindario no proporcionada,Maria Yuliana,2016-09-07,2016-09-07,"Vive la experiencia Mr. Herold Homes
Espacios cómodos y seguros, con todas las amenidades básicas, para vivir una experiencia amena y placentera, sin preocuparte de nada, más que de disfrutar tu estancia, ya sea por trabajo, salud, o placer, en Mr. Herold Homes queremos hacerte sentir como en casa.",within an hour,f,"['email', 'phone']",f,Benito Juárez,Shared room in hostel,Shared room,1 shared bath,"[""Shared patio or balcony"", ""Iron"", ""Elevator"", ""Wifi"", ""Paid washer \u2013 In building"", ""Freezer"", ""Paid parking on premises"", ""Refrigerator"", ""55 inch HDTV with standard cable, Netflix"", ""Dishes and silverware"", ""Self check-in"", ""Exercise equipment"", ""AC - split type ductless system"", ""Building staff"", ""Blender"", ""Portable fans"", ""Body soap"", ""Carbon monoxide alarm"", ""Coffee maker"", ""Hot water kettle"", ""Long term stays allowed"", ""First aid kit"", ""Toaster"", ""Essentials"", ""Shampoo"", ""Hot water"", ""Dining table"", ""Housekeeping available from 11:00 AM to 6:00 PM, every day - available at extra cost"", ""Luggage dropoff allowed"", ""Coffee"", ""Kitchen"", ""Conditioner"", ""Smoke alarm"", ""Stove"", ""Fire extinguisher"", ""Room-darkening shades"", ""Paid dryer \u2013 In building"", ""Gym"", ""Exterior security cameras on property"", ""Dedicated workspace"", ""Cooking basics"", ""Portable heater"", ""Hair dryer"", ""Microwave""]",9999-01-01,No disponible,t,1157473253047971259,0.96,0.99,64.0,65.0,19.3636441,-99.1507401,1.0,1.0,0.0,0.0,324.0,1.0,365.0,1.0,1125.0,30,60,90,270,0.0,0.0,4.8,4.9,4.8,4.8,4.8,4.7,1.7
2024-09-25,city scrape,Habitación Compartida Hombres | Cama Inferior 5B,"Meet and Enjoy this new concept than Mr. Herold Homes has it for you!<br /><br />Shared rooms with a one-of-a-kind, urban, and luxurious layout.<br /><br />Comfortable and safe spaces, with all the basic amenities, to live a pleasant and pleasant experience, without worrying about anything, other than enjoying your stay, whether for work, health, or pleasure, at Herold Homes we want to make you feel at home.<br /><br />Come and live the Herold Homes experience…<br /> Welcome to Herold Homes, welcome to the good life!",Información acerca del vecindario no proporcionada,Maria Yuliana,2016-09-07,2016-09-07,"Vive la experiencia Mr. Herold Homes
Espacios cómodos y seguros, con todas las amenidades básicas, para vivir una experiencia amena y placentera, sin preocuparte de nada, más que de disfrutar tu estancia, ya sea por trabajo, salud, o placer, en Mr. Herold Homes queremos hacerte sentir como en casa.",within an hour,f,"['email', 'phone']",f,Benito Juárez,Shared room in hostel,Shared room,1 shared bath,"[""Iron"", ""Washer"", ""Elevator"", ""Wifi"", ""Heating"", ""Freezer"", ""Laundromat nearby"", ""Cleaning available during stay"", ""Paid parking on premises"", ""Refrigerator"", ""Dishes and silverware"", ""Self check-in"", ""Exercise equipment"", ""Building staff"", ""Blender"", ""Portable fans"", ""Body soap"", ""Carbon monoxide alarm"", ""Coffee maker"", ""Hot water kettle"", ""Long term stays allowed"", ""First aid kit"", ""Toaster"", ""Essentials"", ""Shampoo"", ""Hot water"", ""Bidet"", ""Dining table"", ""Shower gel"", ""Dryer"", ""Luggage dropoff allowed"", ""TV"", ""Coffee"", ""Patio or balcony"", ""Bed linens"", ""Kitchen"", ""Conditioner"", ""Smoke alarm"", ""Stove"", ""Fire extinguisher"", ""Room-darkening shades"", ""Air conditioning"", ""Trash compactor"", ""Gym"", ""Exterior security cameras on property"", ""Dedicated workspace"", ""Cooking basics"", ""Hair dryer"", ""Microwave""]",9999-01-01,No disponible,t,1157478053085971742,0.96,0.99,64.0,65.0,19.3631,-99.15096,1.0,1.0,1.0,2.0,324.0,1.0,365.0,1.0,1125.0,30,60,90,270,0.0,0.0,4.8,4.9,4.8,4.8,4.8,4.7,1.7
2024-09-25,city scrape,Habitación Compartida Hombres  | Cama Inferior 6B,"Meet and Enjoy this new concept than Mr. Herold Homes has it for you!<br /><br />Shared rooms with a one-of-a-kind, urban, and luxurious layout.<br /><br />Comfortable and safe spaces, with all the basic amenities, to live a pleasant and pleasant experience, without worrying about anything, other than enjoying your stay, whether for work, health, or pleasure, at Herold Homes we want to make you feel at home.<br /><br />Come and live the Herold Homes experience…<br /> Welcome to Herold Homes, welcome to the good life!",Información acerca del vecindario no proporcionada,Maria Yuliana,2016-09-07,2016-09-07,"Vive la experiencia Mr. Herold Homes
Espacios cómodos y seguros, con todas las amenidades básicas, para vivir una experiencia amena y placentera, sin preocuparte de nada, más que de disfrutar tu estancia, ya sea por trabajo, salud, o placer, en Mr. Herold Homes queremos hacerte sentir como en casa.",within an hour,f,"['email', 'phone']",f,Benito Juárez,Shared room in hostel,Shared room,1 shared bath,"[""Iron"", ""Washer"", ""Outdoor furniture"", ""Wifi"", ""Elevator"", ""Heating"", ""Freezer"", ""Laundromat nearby"", ""Cleaning available during stay"", ""Paid parking on premises"", ""Refrigerator"", ""Dishes and silverware"", ""Self check-in"", ""Dishwasher"", ""Exercise equipment"", ""Building staff"", ""Blender"", ""Portable fans"", ""Body soap"", ""Carbon monoxide alarm"", ""Coffee maker"", ""Hot water kettle"", ""Long term stays allowed"", ""First aid kit"", ""Toaster"", ""Essentials"", ""Shampoo"", ""Hot water"", ""Bidet"", ""Dining table"", ""Shower gel"", ""Dryer"", ""Luggage dropoff allowed"", ""TV"", ""Coffee"", ""Patio or balcony"", ""Bed linens"", ""Kitchen"", ""Conditioner"", ""Books and reading material"", ""Smoke alarm"", ""Stove"", ""Fire extinguisher"", ""Room-darkening shades"", ""Air conditioning"", ""Trash compactor"", ""Gym"", ""Exterior security cameras on property"", ""Dedicated workspace"", ""Cooking basics"", ""Hair dryer"", ""Microwave""]",2024-08-16,No disponible,t,1157486497628507216,0.96,0.99,64.0,65.0,19.364539118618225,-99.15008250196595,1.0,1.0,1.0,4.0,324.0,1.0,365.0,1.0,1125.0,29,59,89,269,1.0,0.0,5.0,5.0,5.0,5.0,5.0,5.0,0.73
2024-09-25,city scrape,Habitación compartida mixta | Cama Superior 7A,"Meet and Enjoy this new concept than Mr. Herold Homes has it for you!<br /><br />Shared rooms with a one-of-a-kind, urban, and luxurious layout.<br /><br />Comfortable and safe spaces, with all the basic amenities, to live a pleasant and pleasant experience, without worrying about anything, other than enjoying your stay, whether for work, health, or pleasure, at Herold Homes we want to make you feel at home.<br /><br />Come and live the Herold Homes experience…<br /> Welcome to Herold Homes, welcome to the good life!",Información acerca del vecindario no proporcionada,Maria Yuliana,2016-09-07,2016-09-07,"Vive la experiencia Mr. Herold Homes
Espacios cómodos y seguros, con todas las amenidades básicas, para vivir una experiencia amena y placentera, sin preocuparte de nada, más que de disfrutar tu estancia, ya sea por trabajo, salud, o placer, en Mr. Herold Homes queremos hacerte sentir como en casa.",within an hour,f,"['email', 'phone']",f,Benito Juárez,Shared room in hostel,Shared room,1 shared bath,"[""Iron"", ""Washer"", ""Elevator"", ""Wifi"", ""Heating"", ""Freezer"", ""Cleaning available during stay"", ""Paid parking on premises"", ""Bathtub"", ""Refrigerator"", ""Dishes and silverware"", ""Self check-in"", ""Dishwasher"", ""Exercise equipment"", ""Blender"", ""Body soap"", ""Carbon monoxide alarm"", ""Coffee maker"", ""Hot water kettle"", ""Long term stays allowed"", ""First aid kit"", ""Toaster"", ""Essentials"", ""Shampoo"", ""Hot water"", ""Dining table"", ""Shower gel"", ""Dryer"", ""Luggage dropoff allowed"", ""TV"", ""Coffee"", ""Patio or balcony"", ""Bed linens"", ""Kitchen"", ""Conditioner"", ""Smoke alarm"", ""Stove"", ""Fire extinguisher"", ""Room-darkening shades"", ""Air conditioning"", ""Trash compactor"", ""Gym"", ""Microwave"", ""Dedicated workspace"", ""Cooking basics"", ""Hair dryer"", ""Building staff""]",9999-01-01,No disponible,t,1157991124693758375,0.96,0.99,64.0,65.0,19.3636441,-99.1507401,1.0,1.0,1.0,4.0,324.0,1.0,365.0,1.0,1125.0,30,60,90,270,0.0,0.0,4.8,4.9,4.8,4.8,4.8,4.7,1.7
2024-09-25,city scrape,Habitación Compartida Mixta | Cama Inferior 7B,"Meet and Enjoy this new concept than Mr. Herold Homes has it for you!<br /><br />Shared rooms with a one-of-a-kind, urban, and luxurious layout.<br /><br />Comfortable and safe spaces, with all the basic amenities, to live a pleasant and pleasant experience, without worrying about anything, other than enjoying your stay, whether for work, health, or pleasure, at Herold Homes we want to make you feel at home.<br /><br />Come and live the Herold Homes experience…<br /> Welcome to Herold Homes, welcome to the good life!",Información acerca del vecindario no proporcionada,Maria Yuliana,2016-09-07,2016-09-07,"Vive la experiencia Mr. Herold Homes
Espacios cómodos y seguros, con todas las amenidades básicas, para vivir una experiencia amena y placentera, sin preocuparte de nada, más que de disfrutar tu estancia, ya sea por trabajo, salud, o placer, en Mr. Herold Homes queremos hacerte sentir como en casa.",within an hour,f,"['email', 'phone']",f,Benito Juárez,Shared room in hostel,Shared room,1 shared bath,"[""Iron"", ""Washer"", ""Outdoor furniture"", ""Wifi"", ""Elevator"", ""Heating"", ""Freezer"", ""Cleaning available during stay"", ""Paid parking on premises"", ""Refrigerator"", ""Dishes and silverware"", ""Self check-in"", ""Resort access"", ""Exercise equipment"", ""Building staff"", ""Blender"", ""Body soap"", ""Carbon monoxide alarm"", ""Coffee maker"", ""Hot water kettle"", ""Long term stays allowed"", ""First aid kit"", ""Toaster"", ""Essentials"", ""Shampoo"", ""Hot water"", ""Bidet"", ""Dining table"", ""Shower gel"", ""Dryer"", ""Luggage dropoff allowed"", ""TV"", ""Coffee"", ""Patio or balcony"", ""Bed linens"", ""Kitchen"", ""Conditioner"", ""Books and reading material"", ""Smoke alarm"", ""Stove"", ""Fire extinguisher"", ""Room-darkening shades"", ""Air conditioning"", ""Gym"", ""Exterior security cameras on property"", ""Dedicated workspace"", ""Cooking basics"", ""Hair dryer"", ""Microwave""]",9999-01-01,No disponible,t,1158029563960194773,0.96,0.99,64.0,65.0,19.3636441,-99.1507401,1.0,1.0,1.0,4.0,324.0,1.0,365.0,1.0,1125.0,14,41,71,251,0.0,0.0,4.8,4.9,4.8,4.8,4.8,4.7,1.7
2024-09-25,city scrape,Habitación compartida Mixta | Cama Superior 8A,"Meet and Enjoy this new concept than Mr. Herold Homes has it for you!<br /><br />Shared rooms with a one-of-a-kind, urban, and luxurious layout.<br /><br />Comfortable and safe spaces, with all the basic amenities, to live a pleasant and pleasant experience, without worrying about anything, other than enjoying your stay, whether for work, health, or pleasure, at Herold Homes we want to make you feel at home.<br /><br />Come and live the Herold Homes experience…<br /> Welcome to Herold Homes, welcome to the good life!",Información acerca del vecindario no proporcionada,Maria Yuliana,2016-09-07,2016-09-07,"Vive la experiencia Mr. Herold Homes
Espacios cómodos y seguros, con todas las amenidades básicas, para vivir una experiencia amena y placentera, sin preocuparte de nada, más que de disfrutar tu estancia, ya sea por trabajo, salud, o placer, en Mr. Herold Homes queremos hacerte sentir como en casa.",within an hour,f,"['email', 'phone']",f,Benito Juárez,Shared room in hostel,Shared room,1 shared bath,"[""Iron"", ""Washer"", ""Elevator"", ""Wifi"", ""Heating"", ""Freezer"", ""Laundromat nearby"", ""Cleaning available during stay"", ""Paid parking on premises"", ""Refrigerator"", ""Dishes and silverware"", ""Self check-in"", ""Dishwasher"", ""Exercise equipment"", ""Building staff"", ""Blender"", ""Body soap"", ""Carbon monoxide alarm"", ""Coffee maker"", ""Hot water kettle"", ""Long term stays allowed"", ""First aid kit"", ""Toaster"", ""Essentials"", ""Shampoo"", ""Hot water"", ""Dining table"", ""Shower gel"", ""Dryer"", ""Luggage dropoff allowed"", ""TV"", ""Coffee"", ""Patio or balcony"", ""Bed linens"", ""Kitchen"", ""Conditioner"", ""Books and reading material"", ""Smoke alarm"", ""Stove"", ""Fire extinguisher"", ""Air conditioning"", ""Gym"", ""Exterior security cameras on property"", ""Dedicated workspace"", ""Cooking basics"", ""Hair dryer"", ""Microwave""]",9999-01-01,No disponible,t,1158051584302393156,0.96,0.99,64.0,65.0,19.36364,-99.15074,1.0,1.0,1.0,4.0,324.0,1.0,365.0,1.0,1125.0,30,60,90,270,0.0,0.0,4.8,4.9,4.8,4.8,4.8,4.7,1.7
2024-09-25,city scrape,Habitación compartida Mixta | Cama Superior 9A,"Meet and Enjoy this new concept than Mr. Herold Homes has it for you!<br /><br />Shared rooms with a one-of-a-kind, urban, and luxurious layout.<br /><br />Comfortable and safe spaces, with all the basic amenities, to live a pleasant and pleasant experience, without worrying about anything, other than enjoying your stay, whether for work, health, or pleasure, at Herold Homes we want to make you feel at home.<br /><br />Come and live the Herold Homes experience…<br /> Welcome to Herold Homes, welcome to the good life!",Información acerca del vecindario no proporcionada,Maria Yuliana,2016-09-07,2016-09-07,"Vive la experiencia Mr. Herold Homes
Espacios cómodos y seguros, con todas las amenidades básicas, para vivir una experiencia amena y placentera, sin preocuparte de nada, más que de disfrutar tu estancia, ya sea por trabajo, salud, o placer, en Mr. Herold Homes queremos hacerte sentir como en casa.",within an hour,f,"['email', 'phone']",f,Benito Juárez,Shared room in hotel,Shared room,1 shared bath,"[""Iron"", ""Washer"", ""Outdoor furniture"", ""Wifi"", ""Elevator"", ""Heating"", ""Laundromat nearby"", ""Cleaning available during stay"", ""Paid parking on premises"", ""Refrigerator"", ""Dishes and silverware"", ""Self check-in"", ""Dishwasher"", ""Exercise equipment"", ""Building staff"", ""Blender"", ""Body soap"", ""Carbon monoxide alarm"", ""Coffee maker"", ""Hot water kettle"", ""Long term stays allowed"", ""First aid kit"", ""Toaster"", ""Essentials"", ""Shampoo"", ""Hot water"", ""Bidet"", ""Dining table"", ""Shower gel"", ""Dryer"", ""Luggage dropoff allowed"", ""TV with standard cable"", ""Coffee"", ""Patio or balcony"", ""Bed linens"", ""Kitchen"", ""Conditioner"", ""Smoke alarm"", ""Stove"", ""Fire extinguisher"", ""Room-darkening shades"", ""Air conditioning"", ""Trash compactor"", ""Gym"", ""Exterior security cameras on property"", ""Dedicated workspace"", ""Cooking basics"", ""Hair dryer"", ""Microwave""]",2024-08-25,No disponible,t,1158166917712214237,0.96,0.99,64.0,65.0,19.3636441,-99.1507401,1.0,1.0,1.0,1.0,324.0,1.0,365.0,1.0,1125.0,30,59,89,269,2.0,1.0,5.0,5.0,5.0,5.0,5.0,5.0,1.87
2024-09-25,city scrape,Habitación compartida Mixta | Cama Superior 10A,Explore the local treasures from this modern home.,Información acerca del vecindario no proporcionada,Maria Yuliana,2016-09-07,2016-09-07,"Vive la experiencia Mr. Herold Homes
Espacios cómodos y seguros, con todas las amenidades básicas, para vivir una experiencia amena y placentera, sin preocuparte de nada, más que de disfrutar tu estancia, ya sea por trabajo, salud, o placer, en Mr. Herold Homes queremos hacerte sentir como en casa.",within an hour,f,"['email', 'phone']",f,Benito Juárez,Shared room in hotel,Shared room,1 shared bath,"[""Iron"", ""Washer"", ""Outdoor furniture"", ""Wifi"", ""Elevator"", ""Heating"", ""Laundromat nearby"", ""Cleaning available during stay"", ""Paid parking on premises"", ""Refrigerator"", ""Dishes and silverware"", ""Self check-in"", ""Dishwasher"", ""Exercise equipment"", ""Building staff"", ""Blender"", ""Body soap"", ""Carbon monoxide alarm"", ""Coffee maker"", ""Hot water kettle"", ""Long term stays allowed"", ""First aid kit"", ""Toaster"", ""Essentials"", ""Shampoo"", ""Hot water"", ""Bidet"", ""Dining table"", ""Shower gel"", ""Dryer"", ""Luggage dropoff allowed"", ""TV with standard cable"", ""Coffee"", ""Patio or balcony"", ""Bed linens"", ""Kitchen"", ""Conditioner"", ""Smoke alarm"", ""Stove"", ""Fire extinguisher"", ""Room-darkening shades"", ""Air conditioning"", ""Trash compactor"", ""Gym"", ""Exterior security cameras on property"", ""Dedicated workspace"", ""Cooking basics"", ""Hair dryer"", ""Microwave""]",9999-01-01,No disponible,t,1158198677849478529,0.96,0.99,64.0,65.0,19.3636441,-99.1507401,1.0,1.0,1.0,1.0,324.0,1.0,365.0,1.0,1125.0,26,55,85,265,0.0,0.0,4.8,4.9,4.8,4.8,4.8,4.7,1.7
2024-09-25,city scrape,Habitación compartida Mixta / Cama Inferior 9B,Descripción no proporcionada,Información acerca del vecindario no proporcionada,Maria Yuliana,2016-09-07,2016-09-07,"Vive la experiencia Mr. Herold Homes
Espacios cómodos y seguros, con todas las amenidades básicas, para vivir una experiencia amena y placentera, sin preocuparte de nada, más que de disfrutar tu estancia, ya sea por trabajo, salud, o placer, en Mr. Herold Homes queremos hacerte sentir como en casa.",within an hour,f,"['email', 'phone']",f,Benito Juárez,Shared room in hostel,Shared room,1 shared bath,"[""Iron"", ""Washer"", ""Elevator"", ""Wifi"", ""Heating"", ""Freezer"", ""Paid parking on premises"", ""Refrigerator"", ""Dishes and silverware"", ""Self check-in"", ""Dishwasher"", ""Exercise equipment"", ""Building staff"", ""Blender"", ""Body soap"", ""Carbon monoxide alarm"", ""Coffee maker"", ""Hot water kettle"", ""Long term stays allowed"", ""First aid kit"", ""Toaster"", ""Essentials"", ""Shampoo"", ""Hot water"", ""Dining table"", ""Shower gel"", ""Dryer"", ""Luggage dropoff allowed"", ""TV"", ""Coffee"", ""Patio or balcony"", ""Bed linens"", ""Kitchen"", ""Conditioner"", ""Oven"", ""Books and reading material"", ""Smoke alarm"", ""Stove"", ""Fire extinguisher"", ""Room-darkening shades"", ""Air conditioning"", ""Trash compactor"", ""Gym"", ""Exterior security cameras on property"", ""Dedicated workspace"", ""Cooking basics"", ""Hair dryer"", ""Microwave""]",9999-01-01,No disponible,t,1158861036225069693,0.96,0.99,64.0,65.0,19.3636441,-99.1507401,1.0,1.0,1.0,4.0,324.0,1.0,365.0,1.0,1125.0,30,44,74,254,0.0,0.0,4.8,4.9,4.8,4.8,4.8,4.7,1.7
2024-09-25,city scrape,Habitación compartida Mixta | Cama Inferior 8B,"Meet and Enjoy this new concept than Mr. Herold Homes tiene para ti!<br /><br />Shared rooms with a one-of-a-kind, urban, and luxurious layout.<br /><br />Comfortable and safe spaces, with all the basic amenities, to live a pleasant and pleasant experience, without worrying about anything, other than enjoying your stay, whether for work, health, or pleasure, at Herold Homes we want to make you feel at home.<br /><br />Come and live the Herold Homes experience…<br />Welcome to Herold Homes, welcome to the good life!",Información acerca del vecindario no proporcionada,Maria Yuliana,2016-09-07,2016-09-07,"Vive la experiencia Mr. Herold Homes
Espacios cómodos y seguros, con todas las amenidades básicas, para vivir una experiencia amena y placentera, sin preocuparte de nada, más que de disfrutar tu estancia, ya sea por trabajo, salud, o placer, en Mr. Herold Homes queremos hacerte sentir como en casa.",within an hour,f,"['email', 'phone']",f,Benito Juárez,Shared room in hostel,Shared room,1 shared bath,"[""Iron"", ""Washer"", ""Elevator"", ""Wifi"", ""Heating"", ""Freezer"", ""Laundromat nearby"", ""Cleaning available during stay"", ""Paid parking on premises"", ""Refrigerator"", ""Dishes and silverware"", ""Self check-in"", ""Dishwasher"", ""Exercise equipment"", ""Building staff"", ""Blender"", ""Body soap"", ""Carbon monoxide alarm"", ""Coffee maker"", ""Hot water kettle"", ""Long term stays allowed"", ""First aid kit"", ""Toaster"", ""Essentials"", ""Shampoo"", ""Hot water"", ""Dining table"", ""Shower gel"", ""Dryer"", ""Luggage dropoff allowed"", ""TV"", ""Coffee"", ""Patio or balcony"", ""Bed linens"", ""Kitchen"", ""Conditioner"", ""Books and reading material"", ""Smoke alarm"", ""Stove"", ""Fire extinguisher"", ""Air conditioning"", ""Gym"", ""Exterior security cameras on property"", ""Dedicated workspace"", ""Cooking basics"", ""Hair dryer"", ""Microwave""]",2024-09-08,No disponible,t,1158862434450911817,0.96,0.99,64.0,65.0,19.3636441,-99.1507401,1.0,1.0,1.0,0.0,324.0,1.0,365.0,1.0,1125.0,28,58,88,268,1.0,1.0,4.8,4.8,4.8,4.9,4.9,4.8,1.0
2024-09-25,city scrape,Habitación Compartida Hombres | Cama Inferior 2B,"Meet and Enjoy this new concept than Mr. Herold Homes tiene para ti!<br /><br />Shared rooms with a one-of-a-kind, urban, and luxurious layout.<br /><br />Comfortable and safe spaces, with all the basic amenities, to live a pleasant and pleasant experience, without worrying about anything, other than enjoying your stay, whether for work, health, or pleasure, at Herold Homes we want to make you feel at home.<br /><br />Come and live the Herold Homes experience…<br />Welcome to Herold Homes, welcome to the good life!",Información acerca del vecindario no proporcionada,Maria Yuliana,2016-09-07,2016-09-07,"Vive la experiencia Mr. Herold Homes
Espacios cómodos y seguros, con todas las amenidades básicas, para vivir una experiencia amena y placentera, sin preocuparte de nada, más que de disfrutar tu estancia, ya sea por trabajo, salud, o placer, en Mr. Herold Homes queremos hacerte sentir como en casa.",within an hour,f,"['email', 'phone']",f,Benito Juárez,Shared room in hostel,Shared room,1 shared bath,"[""Iron"", ""Washer"", ""Outdoor furniture"", ""Wifi"", ""Elevator"", ""Heating"", ""Freezer"", ""Laundromat nearby"", ""Cleaning available during stay"", ""Paid parking on premises"", ""Refrigerator"", ""Dishes and silverware"", ""Self check-in"", ""Resort access"", ""Exercise equipment"", ""Building staff"", ""Blender"", ""Portable fans"", ""Body soap"", ""Carbon monoxide alarm"", ""Coffee maker"", ""Hot water kettle"", ""Long term stays allowed"", ""First aid kit"", ""Toaster"", ""Essentials"", ""Shampoo"", ""Hot water"", ""Bidet"", ""Dining table"", ""Shower gel"", ""Dryer"", ""Luggage dropoff allowed"", ""TV"", ""Coffee"", ""Patio or balcony"", ""Bed linens"", ""Kitchen"", ""Conditioner"", ""Books and reading material"", ""Smoke alarm"", ""Stove"", ""Fire extinguisher"", ""Air conditioning"", ""Trash compactor"", ""Gym"", ""Exterior security cameras on property"", ""Dedicated workspace"", ""Cooking basics"", ""Hair dryer"", ""Microwave""]",9999-01-01,No disponible,t,1155851848331718194,0.96,0.99,64.0,65.0,19.3636441,-99.1507401,1.0,1.0,1.0,4.0,324.0,1.0,365.0,1.0,1125.0,27,57,87,267,0.0,0.0,4.8,4.9,4.8,4.8,4.8,4.7,1.7
2024-09-25,city scrape,Habitación Compartida Mujeres | Cama superior 3A,"Meet and Enjoy this new concept than Mr. Herold Homes tiene para ti!<br /><br />Shared rooms with a one-of-a-kind, urban, and luxurious layout.<br /><br />Comfortable and safe spaces, with all the basic amenities, to live a pleasant and pleasant experience, without worrying about anything, other than enjoying your stay, whether for work, health, or pleasure, at Herold Homes we want to make you feel at home.<br /><br />Come and live the Herold Homes experience…<br />Welcome to Herold Homes, welcome to the good life!",Información acerca del vecindario no proporcionada,Maria Yuliana,2016-09-07,2016-09-07,"Vive la experiencia Mr. Herold Homes
Espacios cómodos y seguros, con todas las amenidades básicas, para vivir una experiencia amena y placentera, sin preocuparte de nada, más que de disfrutar tu estancia, ya sea por trabajo, salud, o placer, en Mr. Herold Homes queremos hacerte sentir como en casa.",within an hour,f,"['email', 'phone']",f,Benito Juárez,Shared room in hostel,Shared room,1 shared bath,"[""Iron"", ""Washer"", ""Outdoor furniture"", ""Wifi"", ""Elevator"", ""Heating"", ""Freezer"", ""Laundromat nearby"", ""Cleaning available during stay"", ""Paid parking on premises"", ""Refrigerator"", ""Dishes and silverware"", ""Self check-in"", ""Resort access"", ""Exercise equipment"", ""Building staff"", ""Blender"", ""Portable fans"", ""Body soap"", ""Carbon monoxide alarm"", ""Coffee maker"", ""Hot water kettle"", ""Long term stays allowed"", ""First aid kit"", ""Toaster"", ""Essentials"", ""Shampoo"", ""Hot water"", ""Bidet"", ""Dining table"", ""Shower gel"", ""Dryer"", ""Luggage dropoff allowed"", ""TV with standard cable"", ""Coffee"", ""Patio or balcony"", ""Bed linens"", ""Board games"", ""Kitchen"", ""Conditioner"", ""Books and reading material"", ""Smoke alarm"", ""Stove"", ""Fire extinguisher"", ""Room-darkening shades"", ""Air conditioning"", ""Trash compactor"", ""Gym"", ""Exterior security cameras on property"", ""Dedicated workspace"", ""Cooking basics"", ""Hair dryer"", ""Microwave""]",9999-01-01,No disponible,t,1155942511086200366,0.96,0.99,64.0,65.0,19.3636441,-99.1507401,1.0,1.0,1.0,4.0,324.0,1.0,365.0,1.0,1125.0,30,60,90,270,0.0,0.0,4.8,4.9,4.8,4.8,4.8,4.7,1.7
2024-09-25,city scrape,Habitación Compartida Mujeres | Cama Inferior 3B,"Meet and Enjoy this new concept than Mr. Herold Homes tiene para ti!<br /><br />Shared rooms with a one-of-a-kind, urban, and luxurious layout.<br /><br />Comfortable and safe spaces, with all the basic amenities, to live a pleasant and pleasant experience, without worrying about anything, other than enjoying your stay, whether for work, health, or pleasure, at Herold Homes we want to make you feel at home.<br /><br />Come and live the Herold Homes experience…<br />Welcome to Herold Homes, welcome to the good life!",Información acerca del vecindario no proporcionada,Maria Yuliana,2016-09-07,2016-09-07,"Vive la experiencia Mr. Herold Homes
Espacios cómodos y seguros, con todas las amenidades básicas, para vivir una experiencia amena y placentera, sin preocuparte de nada, más que de disfrutar tu estancia, ya sea por trabajo, salud, o placer, en Mr. Herold Homes queremos hacerte sentir como en casa.",within an hour,f,"['email', 'phone']",f,Benito Juárez,Shared room in hostel,Shared room,1 shared bath,"[""Iron"", ""Washer"", ""Outdoor furniture"", ""Wifi"", ""Elevator"", ""Heating"", ""Freezer"", ""Laundromat nearby"", ""Paid parking on premises"", ""Refrigerator"", ""Dishes and silverware"", ""Self check-in"", ""Dishwasher"", ""Exercise equipment"", ""Building staff"", ""Blender"", ""Body soap"", ""Carbon monoxide alarm"", ""Coffee maker"", ""Hot water kettle"", ""Long term stays allowed"", ""First aid kit"", ""Toaster"", ""Essentials"", ""Shampoo"", ""Hot water"", ""Bidet"", ""Dining table"", ""Shower gel"", ""Dryer"", ""Luggage dropoff allowed"", ""TV"", ""Coffee"", ""Patio or balcony"", ""Bed linens"", ""Kitchen"", ""Conditioner"", ""Books and reading material"", ""Smoke alarm"", ""Stove"", ""Fire extinguisher"", ""Clothing storage"", ""Air conditioning"", ""Trash compactor"", ""Gym"", ""Exterior security cameras on property"", ""Dedicated workspace"", ""Cooking basics"", ""Hair dryer"", ""Microwave""]",9999-01-01,No disponible,t,1155950824225854834,0.96,0.99,64.0,65.0,19.3636441,-99.1507401,1.0,1.0,1.0,4.0,324.0,1.0,365.0,1.0,1125.0,30,60,90,270,0.0,0.0,4.8,4.9,4.8,4.8,4.8,4.7,1.7
2024-09-25,city scrape,Habitación Compartida Mujeres | Cama Superior 4A,"Meet and Enjoy this new concept than Mr. Herold Homes tiene para ti!<br /><br />Shared rooms with a one-of-a-kind, urban, and luxurious layout.<br /><br />Comfortable and safe spaces, with all the basic amenities, to live a pleasant and pleasant experience, without worrying about anything, other than enjoying your stay, whether for work, health, or pleasure, at Herold Homes we want to make you feel at home.<br /><br />Come and live the Herold Homes experience…<br />Welcome to Herold Homes, welcome to the good life!",Información acerca del vecindario no proporcionada,Maria Yuliana,2016-09-07,2016-09-07,"Vive la experiencia Mr. Herold Homes
Espacios cómodos y seguros, con todas las amenidades básicas, para vivir una experiencia amena y placentera, sin preocuparte de nada, más que de disfrutar tu estancia, ya sea por trabajo, salud, o placer, en Mr. Herold Homes queremos hacerte sentir como en casa.",within an hour,f,"['email', 'phone']",f,Benito Juárez,Shared room in hostel,Shared room,1 shared bath,"[""Iron"", ""Washer"", ""Elevator"", ""Wifi"", ""Heating"", ""Freezer"", ""Laundromat nearby"", ""Cleaning available during stay"", ""Paid parking on premises"", ""Refrigerator"", ""Dishes and silverware"", ""Self check-in"", ""Dishwasher"", ""Exercise equipment"", ""Building staff"", ""Blender"", ""Body soap"", ""Carbon monoxide alarm"", ""Coffee maker"", ""Hot water kettle"", ""Long term stays allowed"", ""First aid kit"", ""Toaster"", ""Essentials"", ""Shampoo"", ""Hot water"", ""Dining table"", ""Shower gel"", ""Dryer"", ""Luggage dropoff allowed"", ""TV"", ""Coffee"", ""Patio or balcony"", ""Bed linens"", ""Kitchen"", ""Conditioner"", ""Books and reading material"", ""Smoke alarm"", ""Stove"", ""Fire extinguisher"", ""Room-darkening shades"", ""Air conditioning"", ""Trash compactor"", ""Gym"", ""Exterior security cameras on property"", ""Dedicated workspace"", ""Cooking basics"", ""Hair dryer"", ""Microwave""]",9999-01-01,No disponible,t,1155954083657009420,0.96,0.99,64.0,65.0,19.3636441,-99.1507401,1.0,1.0,1.0,4.0,263.0,1.0,365.0,1.0,1125.0,30,60,90,270,0.0,0.0,4.8,4.9,4.8,4.8,4.8,4.7,1.7
2024-09-25,city scrape,Habitación Compartida Mujeres | Cama Inferior 4B,"Meet and Enjoy this new concept than Mr. Herold Homes tiene para ti!<br /><br />Shared rooms with a one-of-a-kind, urban, and luxurious layout.<br /><br />Comfortable and safe spaces, with all the basic amenities, to live a pleasant and pleasant experience, without worrying about anything, other than enjoying your stay, whether for work, health, or pleasure, at Herold Homes we want to make you feel at home.<br /><br />Come and live the Herold Homes experience…<br />Welcome to Herold Homes, welcome to the good life!",Información acerca del vecindario no proporcionada,Maria Yuliana,2016-09-07,2016-09-07,"Vive la experiencia Mr. Herold Homes
Espacios cómodos y seguros, con todas las amenidades básicas, para vivir una experiencia amena y placentera, sin preocuparte de nada, más que de disfrutar tu estancia, ya sea por trabajo, salud, o placer, en Mr. Herold Homes queremos hacerte sentir como en casa.",within an hour,f,"['email', 'phone']",f,Benito Juárez,Shared room in hostel,Shared room,1 shared bath,"[""Iron"", ""Washer"", ""Outdoor furniture"", ""Wifi"", ""Elevator"", ""Heating"", ""Freezer"", ""Laundromat nearby"", ""Cleaning available during stay"", ""Paid parking on premises"", ""Refrigerator"", ""Dishes and silverware"", ""Self check-in"", ""Dishwasher"", ""Exercise equipment"", ""Building staff"", ""Blender"", ""Body soap"", ""Carbon monoxide alarm"", ""Coffee maker"", ""Hot water kettle"", ""Long term stays allowed"", ""First aid kit"", ""Toaster"", ""Essentials"", ""Shampoo"", ""Hot water"", ""Bidet"", ""Dining table"", ""Shower gel"", ""Dryer"", ""Luggage dropoff allowed"", ""TV"", ""Coffee"", ""Patio or balcony"", ""Bed linens"", ""Kitchen"", ""Conditioner"", ""Books and reading material"", ""Smoke alarm"", ""Stove"", ""Fire extinguisher"", ""Room-darkening shades"", ""Air conditioning"", ""Trash compactor"", ""Gym"", ""Exterior security cameras on property"", ""Dedicated workspace"", ""Cooking basics"", ""Hair dryer"", ""Microwave""]",9999-01-01,No disponible,t,1155958568390575698,0.96,0.99,64.0,65.0,19.3636441,-99.1507401,1.0,1.0,1.0,4.0,324.0,1.0,365.0,1.0,1125.0,30,60,90,270,0.0,0.0,4.8,4.9,4.8,4.8,4.8,4.7,1.7
2024-09-25,city scrape,Habitación compartida mixta I cama baja 10B,"l¡Meet and enjoy this new concept that Mr. Herold Homes has it for you!<br /><br />Shared rooms with a one-of-a-kind, urban, and luxurious layout.<br /><br />Comfortable and safe spaces, with all the basic amenities, to live a pleasant and pleasant experience, without worrying about anything, other than enjoying your stay, whether for work, health, or pleasure, at Herold Homes we want to make you feel at home.<br /><br />Come and experience Herold Homes. . .<br />Welcome to Herold Homes, welcome to the good life!",Información acerca del vecindario no proporcionada,Maria Yuliana,2016-09-07,2016-09-07,"Vive la experiencia Mr. Herold Homes
Espacios cómodos y seguros, con todas las amenidades básicas, para vivir una experiencia amena y placentera, sin preocuparte de nada, más que de disfrutar tu estancia, ya sea por trabajo, salud, o placer, en Mr. Herold Homes queremos hacerte sentir como en casa.",within an hour,f,"['email', 'phone']",f,Benito Juárez,Shared room in hostel,Shared room,1 shared bath,"[""Iron"", ""Washer"", ""Elevator"", ""Wifi"", ""Heating"", ""Freezer"", ""Paid parking on premises"", ""Refrigerator"", ""Dishes and silverware"", ""Self check-in"", ""Dishwasher"", ""Exercise equipment"", ""Building staff"", ""Blender"", ""Body soap"", ""Carbon monoxide alarm"", ""Coffee maker"", ""Hot water kettle"", ""Long term stays allowed"", ""First aid kit"", ""Toaster"", ""Essentials"", ""Shampoo"", ""Hot water"", ""Dining table"", ""Shower gel"", ""Dryer"", ""Luggage dropoff allowed"", ""TV"", ""Coffee"", ""Patio or balcony"", ""Bed linens"", ""Kitchen"", ""Conditioner"", ""Books and reading material"", ""Smoke alarm"", ""Stove"", ""Fire extinguisher"", ""Room-darkening shades"", ""Air conditioning"", ""Gym"", ""Exterior security cameras on property"", ""Dedicated workspace"", ""Cooking basics"", ""Hair dryer"", ""Microwave""]",9999-01-01,No disponible,t,1159456802871878578,0.96,0.99,64.0,65.0,19.3636441,-99.1507401,1.0,1.0,1.0,4.0,324.0,1.0,365.0,1.0,1125.0,25,54,84,264,0.0,0.0,4.8,4.9,4.8,4.8,4.8,4.7,1.7
2024-09-25,city scrape,Habitación compartida Mixta / Cama Superior 11A,A,Información acerca del vecindario no proporcionada,Maria Yuliana,2016-09-07,2016-09-07,"Vive la experiencia Mr. Herold Homes
Espacios cómodos y seguros, con todas las amenidades básicas, para vivir una experiencia amena y placentera, sin preocuparte de nada, más que de disfrutar tu estancia, ya sea por trabajo, salud, o placer, en Mr. Herold Homes queremos hacerte sentir como en casa.",within an hour,f,"['email', 'phone']",f,Benito Juárez,Shared room in hotel,Shared room,1 shared bath,"[""Iron"", ""Washer"", ""Elevator"", ""Wifi"", ""Heating"", ""Paid parking on premises"", ""Refrigerator"", ""Dishes and silverware"", ""Self check-in"", ""Dishwasher"", ""Exercise equipment"", ""Blender"", ""Body soap"", ""Carbon monoxide alarm"", ""Coffee maker"", ""Hot water kettle"", ""Long term stays allowed"", ""First aid kit"", ""Toaster"", ""Essentials"", ""Shampoo"", ""Hot water"", ""Dining table"", ""Shower gel"", ""Dryer"", ""Luggage dropoff allowed"", ""TV"", ""Coffee"", ""Patio or balcony"", ""Kitchen"", ""Conditioner"", ""Smoke alarm"", ""Stove"", ""Fire extinguisher"", ""Room-darkening shades"", ""Air conditioning"", ""Gym"", ""Microwave"", ""Dedicated workspace"", ""Cooking basics"", ""Hair dryer"", ""Building staff""]",9999-01-01,No disponible,t,1159475844069812791,0.96,0.99,64.0,65.0,19.3636441,-99.1507401,1.0,1.0,1.0,1.0,324.0,1.0,365.0,1.0,1125.0,30,57,87,267,0.0,0.0,4.8,4.9,4.8,4.8,4.8,4.7,1.7
2024-09-25,city scrape,Habitación Compartida Mixta / Cama Inferior 11B,"Meet and Enjoy this new concept than Mr. Herold Homes has you!<br /><br />Shared rooms with a one-of-a-kind, urban, and luxurious layout.<br /><br />Comfortable and safe spaces, with all the basic amenities, to live a pleasant and pleasant experience, without worrying about anything, other than enjoying your stay, whether for work, health, or pleasure, at Herold Homes we want to make you feel at home.<br /><br />Come and experience Herold Homes. . .<br />Welcome to Herold Homes, welcome to the good life!",Información acerca del vecindario no proporcionada,Maria Yuliana,2016-09-07,2016-09-07,"Vive la experiencia Mr. Herold Homes
Espacios cómodos y seguros, con todas las amenidades básicas, para vivir una experiencia amena y placentera, sin preocuparte de nada, más que de disfrutar tu estancia, ya sea por trabajo, salud, o placer, en Mr. Herold Homes queremos hacerte sentir como en casa.",within an hour,f,"['email', 'phone']",f,Benito Juárez,Shared room in hostel,Shared room,1 shared bath,"[""Iron"", ""Washer"", ""Outdoor furniture"", ""Wifi"", ""Elevator"", ""Heating"", ""Freezer"", ""Laundromat nearby"", ""Cleaning available during stay"", ""Paid parking on premises"", ""Refrigerator"", ""Dishes and silverware"", ""Self check-in"", ""Dishwasher"", ""Exercise equipment"", ""Building staff"", ""Blender"", ""Portable fans"", ""Body soap"", ""Carbon monoxide alarm"", ""Coffee maker"", ""Hot water kettle"", ""Long term stays allowed"", ""First aid kit"", ""Toaster"", ""Essentials"", ""Shampoo"", ""Hot water"", ""Bidet"", ""Dining table"", ""Shower gel"", ""Dryer"", ""Luggage dropoff allowed"", ""TV"", ""Coffee"", ""Patio or balcony"", ""Bed linens"", ""Kitchen"", ""Conditioner"", ""Smoke alarm"", ""Stove"", ""Fire extinguisher"", ""Room-darkening shades"", ""Air conditioning"", ""Trash compactor"", ""Gym"", ""Exterior security cameras on property"", ""Dedicated workspace"", ""Cooking basics"", ""Hair dryer"", ""Microwave""]",9999-01-01,No disponible,t,1159480994025553647,0.96,0.99,64.0,65.0,19.3636441,-99.1507401,1.0,1.0,1.0,0.0,324.0,1.0,365.0,1.0,1125.0,27,53,83,263,0.0,0.0,4.8,4.9,4.8,4.8,4.8,4.7,1.7
2024-09-25,city scrape,Habitación Compartida Mixta / Cama Superior 12A,"Meet and Enjoy this new concept than Mr. Herold Homes has it for you!<br /><br />Shared rooms with a one-of-a-kind, urban, and luxurious layout.<br /><br />Comfortable and safe spaces, with all the basic amenities, to live a pleasant and pleasant experience, without worrying about anything, other than enjoying your stay, whether for work, health, or pleasure, at Herold Homes we want to make you feel at home.<br /><br />Come and live the Herold Homes experience…<br /> Welcome to Herold Homes, welcome to the good life!",Información acerca del vecindario no proporcionada,Maria Yuliana,2016-09-07,2016-09-07,"Vive la experiencia Mr. Herold Homes
Espacios cómodos y seguros, con todas las amenidades básicas, para vivir una experiencia amena y placentera, sin preocuparte de nada, más que de disfrutar tu estancia, ya sea por trabajo, salud, o placer, en Mr. Herold Homes queremos hacerte sentir como en casa.",within an hour,f,"['email', 'phone']",f,Benito Juárez,Shared room in hotel,Shared room,1 shared bath,"[""Iron"", ""Carbon monoxide alarm"", ""Wifi"", ""Paid washer \u2013 In building"", ""Heating"", ""Fire extinguisher"", ""Exercise equipment: free weights, stationary bike, yoga mat"", ""Paid parking on premises"", ""Kitchen"", ""HDTV with Netflix, standard cable"", ""First aid kit"", ""Air conditioning"", ""Self check-in"", ""Smart lock"", ""Dedicated workspace"", ""Cooking basics"", ""Smoke alarm"", ""Hair dryer""]",9999-01-01,No disponible,t,1159506095779705749,0.96,0.99,64.0,65.0,19.3636441,-99.1507401,1.0,1.0,1.6,1.0,324.0,1.0,365.0,1.0,1125.0,30,57,87,256,0.0,0.0,4.8,4.9,4.8,4.8,4.8,4.7,1.7
2024-09-25,city scrape,Habitación compartida Mixta / Cama Inferior 12B,g,Información acerca del vecindario no proporcionada,Maria Yuliana,2016-09-07,2016-09-07,"Vive la experiencia Mr. Herold Homes
Espacios cómodos y seguros, con todas las amenidades básicas, para vivir una experiencia amena y placentera, sin preocuparte de nada, más que de disfrutar tu estancia, ya sea por trabajo, salud, o placer, en Mr. Herold Homes queremos hacerte sentir como en casa.",within an hour,f,"['email', 'phone']",f,Benito Juárez,Shared room in hotel,Shared room,1 shared bath,"[""Iron"", ""Carbon monoxide alarm"", ""TV"", ""Wifi"", ""Paid washer \u2013 In building"", ""Smoke alarm"", ""Fire extinguisher"", ""Paid parking on premises"", ""Kitchen"", ""First aid kit"", ""Self check-in"", ""Smart lock"", ""Exercise equipment"", ""AC - split type ductless system"", ""Dedicated workspace"", ""Cooking basics"", ""Portable heater"", ""Hair dryer""]",9999-01-01,No disponible,t,1159550328851178329,0.96,0.99,64.0,65.0,19.3636441,-99.1507401,1.0,1.0,1.6,1.0,324.0,1.0,365.0,1.0,1125.0,19,22,22,194,0.0,0.0,4.8,4.9,4.8,4.8,4.8,4.7,1.7
2024-09-25,city scrape,Habitación 4  para 4 personas,"Room  very close to the airport, comfortable and comfortable, in a quiet, safe and central area because  everything is close:  2 blocks cinema and shopping center, 3 blocks from the markets, 3 blocks from the moctezuma metro, 5 minutes from the airport, 15 from the city center of mexico, one block from the eastern bus terminal.<br /><br />with all-inclusive washing area, electricity, water, wifi, TV, netflix and gas.",Información acerca del vecindario no proporcionada,Vito German,2024-05-23,2024-05-23,Información acerca del anfitrión del no proporcionada,a few days or more,f,"['email', 'phone']",t,Venustiano Carranza,Shared room in home,Shared room,3 shared baths,"[""Exterior security cameras on property"", ""Host greets you"", ""Self check-in"", ""Pets allowed"", ""Smoke alarm"", ""Lockbox""]",9999-01-01,No disponible,f,1165587213119459947,1.0,0.9,2.0,3.0,19.4332032782981,-99.1081380612067,4.0,3.0,1.0,0.0,690.0,1.0,365.0,1.0,365.0,29,59,89,269,0.0,0.0,4.8,4.9,4.8,4.8,4.8,4.7,1.7
2024-09-25,city scrape,Habitación 6 para 2 personas,"Room  very close to the airport, comfortable and comfortable, in a quiet, safe and central area because  everything is close:  2 blocks cinema and shopping center, 3 blocks from the markets, 3 blocks from the moctezuma metro, 5 minutes from the airport, 15 from the city center of mexico, one block from the eastern bus terminal.<br /><br />with all-inclusive washing area, electricity, water, wifi, TV, netflix and gas.",Información acerca del vecindario no proporcionada,Vito German,2024-05-23,2024-05-23,Información acerca del anfitrión del no proporcionada,a few days or more,f,"['email', 'phone']",t,Venustiano Carranza,Shared room in home,Shared room,3 shared baths,"[""Washer"", ""TV"", ""Wifi"", ""Lockbox"", ""Fire extinguisher"", ""Host greets you"", ""Kitchen"", ""First aid kit"", ""Self check-in"", ""Pets allowed"", ""Exterior security cameras on property"", ""Dedicated workspace"", ""Smoke alarm""]",9999-01-01,No disponible,f,1165603861180299451,1.0,0.9,2.0,3.0,19.43299285500448,-99.10969317340069,2.0,3.0,1.0,0.0,449.0,1.0,365.0,1.0,365.0,25,55,85,265,0.0,0.0,4.8,4.9,4.8,4.8,4.8,4.7,1.7
2024-09-26,city scrape,Habitación compartida en condesa,"Enjoy easy access to popular shops and restaurants from this lovely place to stay.<br /><br /><br />Shared room, hostel type in the county <br /><br />The house is big has <br /><br />1 equipped kitchen <br /><br />3 bathrooms <br /><br />2 Terraces<br /><br />Hot Water <br /><br />Wifi<br /><br />Each shared room has 2 triple bunk beds",Información acerca del vecindario no proporcionada,Andrea,2017-09-14,2017-09-14,"Anfitriona en Airnbn desde hace 6 años , encantada de recibir huéspedes a mi casa o mis espacios. Dedicada en brindarles toda la ayuda que esté en mis manos para hacer su viaje lo más agradable posible ",within an hour,f,"['email', 'phone']",t,Cuauhtémoc,Shared room in bed and breakfast,Shared room,2.5 shared baths,"[""Iron"", ""Wifi"", ""Laundromat nearby"", ""Bikes"", ""Dishes and silverware"", ""Self check-in"", ""Backyard"", ""Long term stays allowed"", ""Essentials"", ""Hot water"", ""Patio or balcony"", ""Bed linens"", ""Kitchen"", ""Outdoor dining area"", ""Smoke alarm"", ""Stove"", ""Extra pillows and blankets"", ""Dedicated workspace"", ""Cooking basics"", ""Lockbox""]",2024-06-13,No disponible,t,1162330855170166839,0.9,0.98,76.0,82.0,19.40972,-99.18056,3.0,2.5,1.0,1.0,163.0,1.0,365.0,1.0,365.0,30,60,90,270,6.0,2.0,4.5,4.83,4.83,4.9,4.83,4.67,1.7
2024-09-25,city scrape,Departamento CDMX,"This unique cheap place if you want to spend a day or several days in this beautiful apartment do not hesitate to stay here, we accept all kinds of pets, our apartment is very close to the airport of the CDMX you can use all the appliances,  stove also hot water and internet ideal to rest on what your flight or your favorite event is also very close to the forum sun and palace of sports.",Información acerca del vecindario no proporcionada,Felipe,2019-08-29,2019-08-29,Información acerca del anfitrión del no proporcionada,within a few hours,f,"['email', 'phone']",t,Iztacalco,Shared room in home,Shared room,1 shared bath,"[""Washer"", ""TV"", ""Wifi"", ""Kitchen"", ""First aid kit"", ""Exercise equipment"", ""Exterior security cameras on property"", ""Pets allowed"", ""Dedicated workspace""]",9999-01-01,No disponible,f,1168561665937315202,1.0,0.9,1.0,1.0,19.410157025444896,-99.2,2.0,1.0,1.6,1.0,400.0,1.0,365.0,1.0,365.0,29,59,89,364,0.0,0.0,4.8,4.9,4.8,4.8,4.8,4.7,1.7
2024-09-25,city scrape,Habitación compartida en condesa,"Stay in this unique place located in the heart of downtown and don't miss a thing.<br /><br />Shared room with up to 5 more people in the county , one street from Tamaulipas <br /><br />The house has <br /><br />4 Bathrooms <br /><br />Equipped Kitchen <br /><br />Hot Water <br /><br />Wifi",Información acerca del vecindario no proporcionada,Andrea,2017-09-14,2017-09-14,"Anfitriona en Airnbn desde hace 6 años , encantada de recibir huéspedes a mi casa o mis espacios. Dedicada en brindarles toda la ayuda que esté en mis manos para hacer su viaje lo más agradable posible ",within an hour,f,"['email', 'phone']",t,Cuauhtémoc,Shared room in bed and breakfast,Shared room,4 shared baths,"[""Outdoor dining area"", ""Wifi"", ""Kitchen""]",2024-06-10,No disponible,t,1169212948267766016,0.9,0.98,76.0,82.0,19.40849906621103,-99.1771379402449,3.0,4.0,1.0,4.0,143.0,1.0,365.0,1.0,365.0,29,59,89,269,3.0,0.0,5.0,5.0,5.0,4.67,5.0,5.0,0.83
2024-09-25,city scrape,Habitación compartida en condesa,Enjoy easy access to popular shops and restaurants from this lovely place to stay.<br /><br />Hosting in shared rooms.<br /><br />Hot Water<br /><br />Equipped Kitchen <br /><br />Common areas <br /><br />3 terraces <br /><br />4 bathrooms <br /><br />Wifi,Información acerca del vecindario no proporcionada,Andrea,2017-09-14,2017-09-14,"Anfitriona en Airnbn desde hace 6 años , encantada de recibir huéspedes a mi casa o mis espacios. Dedicada en brindarles toda la ayuda que esté en mis manos para hacer su viaje lo más agradable posible ",within an hour,f,"['email', 'phone']",t,Cuauhtémoc,Shared room in bed and breakfast,Shared room,4 shared baths,"[""Outdoor dining area"", ""Wifi"", ""Kitchen"", ""Exterior security cameras on property""]",2024-06-24,No disponible,t,1173845394543209539,0.9,0.98,76.0,82.0,19.40708942065306,-99.17732396210988,2.0,4.0,1.0,4.0,150.0,1.0,365.0,1.0,365.0,30,60,90,270,2.0,0.0,4.0,5.0,4.8,5.0,5.0,4.5,0.64
2024-09-26,city scrape,Habitación compartida condesa,Enjoy easy access to popular shops and restaurants from this lovely place to stay.<br /><br />Shared room in La Condesa<br /><br />Stocked Kitchen <br /><br />Common areas<br /><br />Terraces <br /><br />Wifi <br /><br />4 baths <br /><br />Hot water,Información acerca del vecindario no proporcionada,Andrea,2017-09-14,2017-09-14,"Anfitriona en Airnbn desde hace 6 años , encantada de recibir huéspedes a mi casa o mis espacios. Dedicada en brindarles toda la ayuda que esté en mis manos para hacer su viaje lo más agradable posible ",within an hour,f,"['email', 'phone']",t,Cuauhtémoc,Shared room in bed and breakfast,Shared room,4 shared baths,"[""Outdoor dining area"", ""Wifi"", ""Kitchen"", ""Exterior security cameras on property""]",2024-06-15,No disponible,t,1173847036690491020,0.9,0.98,76.0,82.0,19.406853458264848,-99.17541556057324,2.0,4.0,1.0,4.0,150.0,1.0,365.0,1.0,365.0,30,60,90,269,3.0,1.0,4.33,4.0,4.33,4.0,5.0,4.67,0.87
2024-09-25,city scrape,Habitacion compartida en condesa,"Enjoy easy access to popular shops and restaurants from this lovely place to stay.<br /><br />shared room type of hostel in the county<br /><br />to access the room you have to climb external stairs, to take in consideration.<br /><br />the house has<br /><br />4 bathrooms<br /><br />equipped kitchen<br /><br />3 terraces<br /><br />wifi<br /><br />hot water",Información acerca del vecindario no proporcionada,Soledad,2021-12-31,2021-12-31,Información acerca del anfitrión del no proporcionada,within an hour,f,"['email', 'phone']",t,Cuauhtémoc,Shared room in bed and breakfast,Shared room,4 shared baths,"[""Outdoor dining area"", ""Wifi"", ""Kitchen"", ""Exterior security cameras on property""]",9999-01-01,No disponible,t,1178452039112043806,0.9,0.95,19.0,20.0,19.40689567088152,-99.175718879303,3.0,4.0,1.0,6.0,157.0,1.0,365.0,1.0,365.0,30,60,90,270,0.0,0.0,4.8,4.9,4.8,4.8,4.8,4.7,1.7
2024-09-25,city scrape,Hostal mujeres,From this centrally located accommodation the whole group can have easy access to everything.,Información acerca del vecindario no proporcionada,Zamaira,2016-10-25,2016-10-25,Información acerca del anfitrión del no proporcionada,within an hour,f,"['email', 'phone']",t,Benito Juárez,Shared room in home,Shared room,1.5 shared baths,"[""Iron"", ""Washer"", ""Outdoor furniture"", ""Wifi"", ""Fire pit"", ""Freezer"", ""Laundromat nearby"", ""Refrigerator"", ""Dishes and silverware"", ""Ethernet connection"", ""Blender"", ""Outdoor kitchen"", ""Portable fans"", ""Hangers"", ""Shared backyard"", ""Free parking on premises"", ""Hammock"", ""Long term stays allowed"", ""First aid kit"", ""Hot water"", ""Smoking allowed"", ""Dining table"", ""Shower gel"", ""Barbecue utensils"", ""Luggage dropoff allowed"", ""Pocket wifi"", ""Bed linens"", ""Kitchen"", ""Oven"", ""Outdoor dining area"", ""BBQ grill"", ""Drying rack for clothing"", ""Stove"", ""Extra pillows and blankets"", ""Window guards"", ""Cleaning products"", ""Indoor fireplace"", ""Clothing storage"", ""Wine glasses"", ""Trash compactor"", ""Free street parking"", ""Exterior security cameras on property"", ""Dedicated workspace"", ""Cooking basics"", ""Microwave""]",2024-06-30,No disponible,f,1183512642560175739,0.9,0.81,8.0,8.0,19.39300589323768,-99.15341959120208,6.0,1.5,0.0,6.0,178.0,1.0,365.0,1.0,365.0,28,58,88,363,8.0,2.0,5.0,5.0,4.88,5.0,5.0,5.0,2.73
2024-09-26,city scrape,No.5 Pink Room Reforma /Chapultepec,Enjoy the simplicity of this quiet and central place.,Información acerca del vecindario no proporcionada,Julio,2016-08-30,2016-08-30,Información acerca del anfitrión del no proporcionada,within an hour,t,"['email', 'phone']",t,Cuauhtémoc,Shared room in rental unit,Shared room,1 shared bath,"[""Washer"", ""TV"", ""Wifi"", ""Kitchen""]",2024-06-26,No disponible,t,1184480619452297358,0.98,1.0,6.0,7.0,19.422517230238245,-99.17334891961848,1.0,1.0,1.0,1.0,450.0,1.0,365.0,1.0,365.0,22,50,80,354,16.0,3.0,4.88,5.0,4.88,5.0,4.94,4.88,5.16
2024-09-25,city scrape,Hostal hombres,From this centrally located accommodation the whole group can have easy access to everything.,Información acerca del vecindario no proporcionada,Zamaira,2016-10-25,2016-10-25,Información acerca del anfitrión del no proporcionada,within an hour,f,"['email', 'phone']",t,Benito Juárez,Shared room in home,Shared room,1.5 shared baths,"[""Shared patio or balcony"", ""Iron"", ""Washer"", ""Outdoor furniture"", ""Wifi"", ""Fire pit"", ""Freezer"", ""Laundromat nearby"", ""Refrigerator"", ""Dishes and silverware"", ""Blender"", ""Outdoor kitchen with sink"", ""Portable fans"", ""Hangers"", ""Shared backyard"", ""Free parking on premises"", ""Hammock"", ""Long term stays allowed"", ""First aid kit"", ""Hot water"", ""Smoking allowed"", ""Dining table"", ""Shower gel"", ""Barbecue utensils"", ""Clothing storage: closet"", ""Luggage dropoff allowed"", ""Pocket wifi"", ""Bed linens"", ""Kitchen"", ""Other gas stove"", ""Oven"", ""Outdoor dining area"", ""BBQ grill"", ""Drying rack for clothing"", ""Extra pillows and blankets"", ""Window guards"", ""Cleaning products"", ""Indoor fireplace"", ""Fire extinguisher"", ""Wine glasses"", ""Trash compactor"", ""Free street parking"", ""Exterior security cameras on property"", ""Dedicated workspace"", ""Cooking basics"", ""Microwave""]",2024-06-24,No disponible,f,1182899413649770845,0.9,0.81,8.0,8.0,19.39308003554243,-99.15359227502412,6.0,1.5,1.0,6.0,178.0,1.0,365.0,1.0,365.0,30,60,90,365,9.0,2.0,4.78,4.89,4.78,4.89,4.78,4.89,2.87
2024-09-25,city scrape,Cuarto compartido,"We are close to shopping centers, hospital area and really everything is walking in a quiet residential area",Información acerca del vecindario no proporcionada,Erneste,2014-12-28,2014-12-28,Con un gran amor por mi país MEXICO! Apasionado por la cultura francesa! Amante de las experiencias #Viajes,within an hour,f,"['email', 'phone']",t,Tlalpan,Shared room in home,Shared room,1 shared bath,"[""Washer"", ""Wifi"", ""Kitchen"", ""Outdoor dining area"", ""Dedicated workspace""]",2024-07-22,No disponible,f,1190122828449760323,1.0,0.91,3.0,3.0,19.29774954969003,-99.12210253181549,2.0,1.0,1.6,2.0,320.0,3.0,365.0,3.0,365.0,29,59,89,179,1.0,0.0,4.0,4.0,5.0,5.0,5.0,4.0,0.45
2024-09-25,city scrape,Habitación compartida para estud,We have shared rooms and many common areas that make the house feel much more comfortable and spacious.,Información acerca del vecindario no proporcionada,Luis,2018-08-04,2018-08-04,"Hello my friends, my house is very big and interesting, I always have guests from different parts of the world and therefore there is a very broad cultural exchange. The location is excellent because the Airport is 15 minutes from here and the downtown too. The Metrobus is around the corner, is very cheap to travel on it.",a few days or more,f,"['email', 'phone']",t,Gustavo A. Madero,Shared room in guesthouse,Shared room,5 shared baths,"[""Washer"", ""TV"", ""Wifi"", ""Fire extinguisher"", ""Patio or balcony"", ""Kitchen"", ""Hammock"", ""First aid kit"", ""Long term stays allowed"", ""BBQ grill"", ""Exercise equipment"", ""Exterior security cameras on property"", ""Dedicated workspace"", ""Ping pong table""]",9999-01-01,No disponible,f,1187982054157697838,1.0,0.3,116.0,124.0,19.488977115664007,-99.1370321791369,1.0,1.4,1.0,1.0,189.0,28.0,365.0,28.0,365.0,25,55,85,265,0.0,0.0,4.8,4.9,4.8,4.8,4.8,4.7,1.7
2024-09-25,city scrape,Compartida para estudiantes,Enjoy easy access to everything from this perfectly located home near the IPN.,Información acerca del vecindario no proporcionada,Luis,2018-08-04,2018-08-04,"Hello my friends, my house is very big and interesting, I always have guests from different parts of the world and therefore there is a very broad cultural exchange. The location is excellent because the Airport is 15 minutes from here and the downtown too. The Metrobus is around the corner, is very cheap to travel on it.",a few days or more,f,"['email', 'phone']",t,Gustavo A. Madero,Shared room in guesthouse,Shared room,3.5 shared baths,"[""Washer"", ""Wifi"", ""Kitchen"", ""Exterior security cameras on property"", ""Dedicated workspace""]",9999-01-01,No disponible,f,1191043903911727066,1.0,0.3,116.0,124.0,19.49371818882796,-99.13549443203206,1.0,3.5,1.0,1.0,183.0,28.0,365.0,28.0,365.0,29,59,89,269,0.0,0.0,4.8,4.9,4.8,4.8,4.8,4.7,1.7
2024-09-25,city scrape,Shared room for students,Enjoy easy access to everything from this perfectly located home near the IPN.,Información acerca del vecindario no proporcionada,Luis,2018-08-04,2018-08-04,"Hello my friends, my house is very big and interesting, I always have guests from different parts of the world and therefore there is a very broad cultural exchange. The location is excellent because the Airport is 15 minutes from here and the downtown too. The Metrobus is around the corner, is very cheap to travel on it.",a few days or more,f,"['email', 'phone']",t,Gustavo A. Madero,Shared room in guesthouse,Shared room,3.5 shared baths,"[""Washer"", ""Wifi"", ""Kitchen"", ""Exterior security cameras on property"", ""Dedicated workspace""]",9999-01-01,No disponible,f,1191058877107495232,1.0,0.3,116.0,124.0,19.494514451346365,-99.13700597985844,1.0,3.5,1.0,1.0,183.0,28.0,365.0,28.0,365.0,25,55,85,265,0.0,0.0,4.8,4.9,4.8,4.8,4.8,4.7,1.7
2024-09-25,city scrape,Habitación Klimt en el Sur CDMX,"Your family will be close to everything if you stay in this centrally located accommodation. If you are going to Coyoacán, Zona Centro, Ciudad Universitaria, World Trade Center and more. This space is super comfortable, independent entrance where you will have all the necessary amenities for your visit. Behind Galerías Insurgente, it connects to Metrobus line, Metro Line 12, Trolebus and EcoBici. Avenues such as Félix Cuevas, Río Churubusco, Eje 8 e Insurgentes. Historical location and lovely accommodation.",Información acerca del vecindario no proporcionada,Ricardo,2022-04-19,2022-04-19,"Im mexican, love to travel and meet other travelers, im a sociologist and my partner Tania as well, we will love to give the best experience possible to anyone that ones to come to stay with us",within an hour,t,"['email', 'phone']",t,Benito Juárez,Shared room in rental unit,Shared room,1 shared bath,"[""Iron"", ""TV"", ""Wifi"", ""Crib"", ""Kitchen"", ""Self check-in"", ""Smart lock"", ""Pets allowed"", ""Dedicated workspace"", ""Cooking basics"", ""Smoke alarm"", ""Hair dryer""]",2024-07-28,No disponible,t,1193464002564421262,1.0,1.0,10.0,10.0,19.370120050784,-99.17913558346712,2.0,1.0,2.0,1.0,403.0,1.0,365.0,1.0,365.0,0,8,38,313,12.0,3.0,4.92,4.75,4.58,5.0,5.0,4.92,6.0
2024-09-26,city scrape,Hostal CDMX Roma,"The Roma room, a central room and ideal for your rest.<br />10 minutes from the American Embassy, the Wax Museum, the Angel of Independence, the Chapultepec Castle, Fine Arts and the Glorieta de Insurgentes.<br /><br />Get to know her !",Información acerca del vecindario no proporcionada,Israel,2018-12-17,2018-12-17,Información acerca del anfitrión del no proporcionada,within an hour,f,"['email', 'phone']",t,Cuauhtémoc,Shared room in guesthouse,Shared room,1 shared bath,"[""TV"", ""Wifi"", ""Fire extinguisher"", ""Paid parking on premises"", ""First aid kit"", ""Self check-in"", ""Exterior security cameras on property"", ""Dedicated workspace"", ""Lockbox""]",9999-01-01,No disponible,f,1197228779811532755,0.93,0.99,4.0,5.0,19.424141341755416,-99.16204778828352,4.0,1.0,1.6,4.0,380.0,1.0,365.0,1.0,365.0,30,60,90,269,0.0,0.0,4.8,4.9,4.8,4.8,4.8,4.7,1.7
2024-09-26,city scrape,Nápoles room CDMX,"La Napoli Room, it is a central room and ideal for your rest.<br />10 minutes from the American Embassy, the Wax Museum, the Angel of Independence and the Glorieta de Insurgentes.<br />Get to know her !",Información acerca del vecindario no proporcionada,Israel,2018-12-17,2018-12-17,Información acerca del anfitrión del no proporcionada,within an hour,f,"['email', 'phone']",t,Cuauhtémoc,Shared room in guesthouse,Shared room,No expecificado,"[""TV"", ""Wifi"", ""Fire extinguisher"", ""Paid parking on premises"", ""First aid kit"", ""Self check-in"", ""Outdoor dining area"", ""Exterior security cameras on property"", ""Dedicated workspace"", ""Lockbox""]",2024-07-15,No disponible,t,1196508408722050647,0.93,0.99,4.0,5.0,19.4253394,-99.1612805,6.0,0.5,1.6,6.0,300.0,1.0,365.0,1.0,365.0,30,60,90,269,4.0,3.0,5.0,5.0,5.0,5.0,5.0,5.0,1.62
2024-09-25,city scrape,Cuauhtémoc B,This place has a strategic location - it will be very easy to plan your visit!,Información acerca del vecindario no proporcionada,Luis Abraham,2021-08-27,2021-08-27,"Trato que el huésped tenga la mejor atención, lo trato con respeto, amabilidad. Mi interés personal, es que el huésped disfrute su estancia en la Ciudad de México, como si fuera un local. 

Trato que mi huésped se sientan en su propio hogar. Mi mi primera y única intención, es hacer ameno el viaje de cualquier turista. Se en mi estancia o no se queda en mi estancia.

Me encanta conocer nuevas personas, y trato de ser un caballero.",within an hour,t,"['email', 'phone']",t,Cuauhtémoc,Shared room in rental unit,Shared room,1 shared bath,"[""Carbon monoxide alarm"", ""Washer"", ""TV"", ""Wifi"", ""Lockbox"", ""Fire extinguisher"", ""Kitchen"", ""First aid kit"", ""Self check-in"", ""Pets allowed"", ""Dedicated workspace"", ""Smoke alarm""]",2024-08-18,No disponible,t,1198846138235053649,1.0,0.99,5.0,6.0,19.42635535332148,-99.1541839528382,2.0,1.0,1.0,1.0,357.0,2.0,365.0,2.0,1125.0,0,0,0,8,4.0,3.0,4.75,4.25,5.0,5.0,5.0,4.75,3.08
2024-09-25,city scrape,Muy cerca de reforma la diana,📍Excellent location <br />Mississippi quasi Reforma River <br />Col. Cuauhtémoc <br />Between Panuco and Lerma <br /><br />2 blocks from Diana<br />2 Blocks of Indoor Circuit<br />2 Blocks of Torre Mayor <br /><br />Full bed 🛌<br />Closet👚🧥👗<br />Desk 👨‍💻✍️<br />Good lighting. ☀️<br />Great ventilation 🪟<br /><br />👉 Shared <br />Bathroom 🚽 🛁 <br />Kitchen 🍳🥘<br />Terrace 🪴🎍🌹🍀<br />Elevator 🚠<br />Laundry facilities very close 🫧<br />(There is no washing machine available)<br /><br />Parking space 🚗,Información acerca del vecindario no proporcionada,Raul,2023-10-03,2023-10-03,Primero lo q deja y luego lo q aprendejaaaaa,within an hour,f,['phone'],t,Iztapalapa,Shared room in rental unit,Shared room,1 shared bath,"[""Free parking on premises"", ""TV"", ""Wifi"", ""Kitchen"", ""First aid kit"", ""Dedicated workspace"", ""Smoke alarm""]",9999-01-01,No disponible,f,1199289850611446177,1.0,1.0,4.0,4.0,19.300135629820296,-99.07613564282656,2.0,1.0,1.6,1.0,1000.0,1.0,365.0,1.0,365.0,30,60,90,365,0.0,0.0,4.8,4.9,4.8,4.8,4.8,4.7,1.7
2024-09-25,city scrape,Cómodo lugar cerca de conciertos,"Enjoy the simplicity of this quiet and central, safe and very good vibes accommodation,  15 minutes by car from the airport, 10 minutes walk to the Autodromo to siblings Rodriguez and State GNP safe, 8 minutes walking to the Palacio de los Deportes and 5 minutes walking to the Velodromo.",Información acerca del vecindario no proporcionada,Iliana,2018-11-07,2018-11-07,Hilvanando instantes para confeccionar la vida.,within an hour,t,"['email', 'phone']",t,Venustiano Carranza,Shared room in rental unit,Shared room,1 shared bath,"[""Iron"", ""Wifi"", ""Freezer"", ""Laundromat nearby"", ""Host greets you"", ""Refrigerator"", ""Mosquito net"", ""Dishes and silverware"", ""Hangers"", ""Mini fridge"", ""Body soap"", ""Carbon monoxide alarm"", ""Backyard"", ""Sound system"", ""First aid kit"", ""Hot water"", ""Smoking allowed"", ""Dining table"", ""Luggage dropoff allowed"", ""TV"", ""Coffee"", ""Bed linens"", ""Kitchen"", ""Oven"", ""Books and reading material"", ""Drying rack for clothing"", ""Smoke alarm"", ""Stove"", ""Extra pillows and blankets"", ""Window guards"", ""Clothing storage"", ""Free street parking"", ""Dedicated workspace"", ""Cooking basics"", ""Hair dryer""]",2024-08-09,No disponible,t,1201498666141272390,1.0,0.99,2.0,3.0,19.41133,-99.09972,2.0,1.0,1.0,1.0,400.0,1.0,365.0,1.0,365.0,22,48,78,253,9.0,2.0,4.44,4.56,4.33,5.0,4.89,4.44,5.63
2024-09-26,city scrape,Habitacion Compartida Condesa,"Enjoy easy access to popular shops and restaurants from this lovely place to stay.<br /><br />Room Shared type hostel in the heart of the Countess<br /><br />Each room has 2 triple bunk beds, the cost is per bed, you must select the number of people to choose the beds<br /><br />Equipped kitchen<br /><br />3 shared bathrooms<br /><br />2 Terrace<br /><br />wifi<br /><br />hot water",Información acerca del vecindario no proporcionada,Soledad,2021-12-31,2021-12-31,Información acerca del anfitrión del no proporcionada,within an hour,f,"['email', 'phone']",t,Cuauhtémoc,Shared room in bed and breakfast,Shared room,3 shared baths,"[""Dedicated workspace"", ""Wifi"", ""Kitchen""]",9999-01-01,No disponible,t,1202204836699975664,0.9,0.95,19.0,20.0,19.41029,-99.18024,3.0,3.0,1.6,1.0,149.0,1.0,365.0,1.0,365.0,30,60,90,270,0.0,0.0,4.8,4.9,4.8,4.8,4.8,4.7,1.7
2024-09-26,city scrape,Aesthetic Space en Reforma y Barato,"Welcome to my cozy LGBTIQAP + friendliness space in the heart of Mexico City! This apartment offers a unique and central experience, just two blocks from the iconic Angel of Independence and a few blocks from the US Embassy.",Información acerca del vecindario no proporcionada,Javier,2020-10-28,2020-10-28,"Gracias a mi enfoque disciplinado, profesionalismo y dedicación.

Soy un trabajador confiable y persistente, comprometido con proporcionar un servicio de calidad.

Mi naturaleza ambiciosa me impulsa a alcanzar altos estándares, y mi capacidad para la organización y la eficiencia me destaca en roles que requieren atención al detalle.",within an hour,t,"['email', 'phone', 'work_email']",t,Cuauhtémoc,Shared room in loft,Shared room,1 shared bath,"[""Iron"", ""Washer"", ""Wifi"", ""Dishes and silverware"", ""Self check-in"", ""Blender"", ""Carbon monoxide alarm"", ""Hot water kettle"", ""Keypad"", ""First aid kit"", ""Coffee"", ""Kitchen"", ""Outdoor dining area"", ""Books and reading material"", ""Smoke alarm"", ""Stove"", ""Fire extinguisher"", ""Microwave"", ""Dedicated workspace"", ""Cooking basics"", ""Hair dryer""]",2024-08-04,No disponible,t,1212362205094435618,1.0,1.0,4.0,5.0,19.429666114725062,-99.16966932698362,1.0,1.0,1.0,1.0,375.0,1.0,30.0,1.0,1125.0,26,55,85,174,12.0,0.9,5.0,4.92,4.5,4.92,5.0,4.92,6.67
2024-09-26,city scrape,"Cama ""Diego Rivera""  en La casa del Viajero",Enjoy the simplicity of this quiet and central accommodation.,Información acerca del vecindario no proporcionada,Daniel,2016-07-24,2016-07-24,"I'm Daniel, a person who enjoys other people company and explore new cultures,  I'll be happy to host you",within an hour,f,"['email', 'phone']",t,Cuauhtémoc,Shared room in home,Shared room,2 shared baths,"[""Extra pillows and blankets"", ""Iron"", ""Cleaning products"", ""Washer"", ""Wifi"", ""Clothing storage"", ""Host greets you"", ""Room-darkening shades"", ""Bed linens"", ""Kitchen"", ""Dishes and silverware"", ""Essentials"", ""Free street parking"", ""Hot water"", ""Drying rack for clothing"", ""Cooking basics"", ""Hangers""]",2024-09-07,No disponible,f,1215433636756081077,1.0,0.99,10.0,12.0,19.44399242756415,-99.16256049163924,1.0,2.0,1.0,1.0,200.0,1.0,365.0,1.0,365.0,1,1,1,1,3.0,3.0,4.33,4.33,4.33,4.33,4.67,4.0,3.0
2024-09-25,city scrape,"Cama ""Leonora Carrington""  en La casa del Viajero",Enjoy the simplicity of this quiet and central accommodation.,Información acerca del vecindario no proporcionada,Daniel,2016-07-24,2016-07-24,"I'm Daniel, a person who enjoys other people company and explore new cultures,  I'll be happy to host you",within an hour,f,"['email', 'phone']",t,Cuauhtémoc,Shared room in home,Shared room,2 shared baths,"[""Extra pillows and blankets"", ""Iron"", ""Cleaning products"", ""Washer"", ""Wifi"", ""Clothing storage"", ""Host greets you"", ""Room-darkening shades"", ""Bed linens"", ""Kitchen"", ""Dishes and silverware"", ""Essentials"", ""Free street parking"", ""Hot water"", ""Drying rack for clothing"", ""Cooking basics"", ""Hangers""]",2024-08-30,No disponible,f,1215437254599849418,1.0,0.99,10.0,12.0,19.44413,-99.16472,1.0,2.0,1.0,1.0,200.0,1.0,365.0,1.0,365.0,30,60,90,365,1.0,1.0,4.8,4.8,4.8,4.9,4.9,4.8,1.0
2024-09-26,city scrape,Espacio de estudio (no vivienda),We offer a fully equipped professional studio for tattoo artists who are looking for a comfortable and functional place to work. Our space is specifically designed for tattoo artists who need a safe and clean environment to perform their art without worrying about logistical details.<br />This space is exclusively for professional use. It's not a place to stay. Ideal for tattoos who visit the CDMX and need a temporary place to serve their customers.,Información acerca del vecindario no proporcionada,Sofía Noemí,2016-11-13,2016-11-13,"Mujer joven 30 años casada, profesionista y empresaria, no me gustan las fiestas y amo los animales ",within an hour,f,"['email', 'phone']",t,Miguel Hidalgo,Shared room in rental unit,Shared room,1 shared bath,"[""Fire extinguisher"", ""Dedicated workspace"", ""Wifi"", ""Exterior security cameras on property""]",9999-01-01,No disponible,f,1216241798362532741,1.0,1.0,1.0,1.0,19.4013,-99.17076,1.0,1.0,1.6,1.0,416.0,1.0,365.0,1.0,365.0,29,59,89,363,0.0,0.0,4.8,4.9,4.8,4.8,4.8,4.7,1.7
2024-09-25,city scrape,Habitación compartida,"Enjoy the simplicity of this quiet and central accommodation, you will have a pleasant time you will not regret it.<br />The room has two double beds and the common areas would be shared only as kitchen and bathroom",Información acerca del vecindario no proporcionada,Gerardo Abraham,2024-02-25,2024-02-25,alegre me gustar compartir con los huéspedes lugares o tips para que estén bien en la ciudad,within a day,f,"['email', 'phone']",t,Gustavo A. Madero,Shared room in rental unit,Shared room,1 shared bath,"[""TV"", ""Wifi"", ""Sound system"", ""Host greets you"", ""Kitchen"", ""First aid kit"", ""Refrigerator"", ""Air conditioning"", ""Stove"", ""Exterior security cameras on property"", ""Books and reading material"", ""Cooking basics"", ""Microwave""]",9999-01-01,No disponible,f,1217025167317012866,0.67,0.67,1.0,1.0,19.478181,-99.1323916,2.0,1.0,1.0,2.0,240.0,1.0,365.0,1.0,365.0,29,59,89,364,0.0,0.0,4.8,4.9,4.8,4.8,4.8,4.7,1.7
2024-09-26,city scrape,Habitacion compartida Condesa,"Shared room, with 3 triple bunk beds in the county<br /><br />equipped kitchen<br /><br />shared terraces<br /><br />3 baths <br /><br />hot water<br /><br />wifi",Información acerca del vecindario no proporcionada,Soledad,2021-12-31,2021-12-31,Información acerca del anfitrión del no proporcionada,within an hour,f,"['email', 'phone']",t,Cuauhtémoc,Shared room in bed and breakfast,Shared room,2.5 shared baths,"[""Carbon monoxide alarm"", ""Wifi"", ""Kitchen"", ""First aid kit"", ""Outdoor dining area""]",2024-08-19,No disponible,t,1223917594565580297,0.9,0.95,19.0,20.0,19.4050324,-99.1745805,3.0,2.5,1.6,1.0,158.0,1.0,365.0,1.0,365.0,22,52,82,356,13.0,0.9,4.92,4.69,4.85,4.85,4.92,4.92,1.6
2024-09-25,city scrape,Hostal mixto,Enjoy the simplicity of this quiet and central accommodation.,Información acerca del vecindario no proporcionada,Zamaira,2016-10-25,2016-10-25,Información acerca del anfitrión del no proporcionada,within an hour,f,"['email', 'phone']",t,Benito Juárez,Shared room in home,Shared room,1.5 shared baths,"[""Free parking on premises"", ""Washer"", ""TV"", ""Wifi"", ""Fire pit"", ""Indoor fireplace"", ""Fire extinguisher"", ""Kitchen"", ""First aid kit"", ""BBQ grill"", ""Outdoor dining area"", ""Exterior security cameras on property"", ""Dedicated workspace""]",9999-01-01,No disponible,f,1229935481572144337,0.9,0.81,8.0,8.0,19.392070445330727,-99.1536905309174,9.0,1.5,1.6,1.8,199.0,1.0,365.0,1.0,365.0,30,60,90,365,0.0,0.0,4.8,4.9,4.8,4.8,4.8,4.7,1.7
2024-09-25,city scrape,Mini departamento privado.,Take a break and relax in this peaceful oasis.,Información acerca del vecindario no proporcionada,Laura Alicia,2023-09-19,2023-09-19,Información acerca del anfitrión del no proporcionada,within an hour,t,"['email', 'phone']",t,Álvaro Obregón,Shared room in rental unit,Shared room,1 shared bath,"[""First aid kit"", ""Wifi"", ""Kitchen"", ""Exterior security cameras on property""]",9999-01-01,No disponible,f,1231278383976622776,0.83,0.98,5.0,5.0,19.3837225,-99.2290096,2.0,1.0,1.0,1.0,350.0,2.0,365.0,2.0,365.0,2,32,62,337,0.0,0.0,4.8,4.9,4.8,4.8,4.8,4.7,1.7
2024-09-25,city scrape,Hospedaje en Coyoacán CDMX,You will have a lot of fun in this comfortable place to stay.,Información acerca del vecindario no proporcionada,Bellanira Isabel,2019-09-10,2019-09-10,"Soy una persona muy amable, atenta, dispuesta a ofrecer un buen servicio como anfitriona en mi casa y fuera de ella ",within an hour,f,"['email', 'phone']",t,Coyoacán,Shared room in home,Shared room,2 shared baths,"[""Iron"", ""Washer"", ""Wifi"", ""Freezer"", ""Laundromat nearby"", ""Dishes and silverware"", ""Blender"", ""Portable fans"", ""Hangers"", ""Mini fridge"", ""Long term stays allowed"", ""First aid kit"", ""Hot water"", ""Dining table"", ""TV"", ""Coffee"", ""Bed linens"", ""Kitchen"", ""Drying rack for clothing"", ""Stove"", ""Extra pillows and blankets"", ""Fire extinguisher"", ""Room-darkening shades"", ""Microwave"", ""Cooking basics""]",2024-09-14,No disponible,f,1241654482296564722,1.0,0.87,7.0,7.0,19.31524067850578,-99.1168777230338,9.0,2.0,1.0,1.8,273.0,1.0,365.0,1.0,365.0,30,60,90,365,1.0,1.0,5.0,5.0,5.0,5.0,5.0,5.0,1.0
2024-09-25,city scrape,Cuarto Familiar para 6 personas,"This bedroom is ideal for a full family or a group of friends traveling together, or attending a nearby concert. Can accommodate 6 people in comfortable cabin-like beds with curtains for extra privacy. The bathroom is exclusively between the guests in the bedroom. The place is quiet and offers lockers to store your belongings; we recommend bringing your own padlock for added security.",Información acerca del vecindario no proporcionada,Oscar Arturo,2016-03-19,2016-03-19,"Soy una persona que le encanta salir a disfrutar de su país así como de viajar y conocer gente de otros lugares del planeta, me encanta salir a la montaña y los deportes extremos, soy una persona tranquila, me gusta pasarla bien, no tomo, no fumo. trabajo por mi cuenta como generalista 3D desde hace mas de 8 años.",within an hour,f,"['email', 'phone']",t,Venustiano Carranza,Shared room in home,Shared room,1 shared bath,"[""TV"", ""Wifi"", ""Fire extinguisher"", ""First aid kit"", ""Exterior security cameras on property"", ""Smoking allowed"", ""Smoke alarm""]",9999-01-01,No disponible,f,1239163343779403019,1.0,1.0,4.0,4.0,19.4323305,-99.0958832,6.0,1.0,1.0,6.0,1200.0,1.0,365.0,1.0,365.0,28,58,88,363,0.0,0.0,4.8,4.9,4.8,4.8,4.8,4.7,1.7
2024-09-25,city scrape,IOW4 LV studio,"IOW4 LV STUDIO© CONCEPT TO SHARE TRIPS IN STANDARD AREAS IN COLIVING. ONLY TRAVELERS WITH WIDE CRITERIA AND EXPERIENCED IN THE ECONOMY AND WONDERFUL TRAVEL AND DESTINATIONS; BOLD AND SOPHISTICATED, WHO LIKE TO PROLONG THE FUN FOR MORE DAYS AT THE BEST PRICE<br /><br />IMPORTANT<br />AIRBED AIR MATTRESS IN SHARED ROOM, NO PRIVATE AREAS<br /><br />YOUR HOST #JOESCACAO WRITER, FENG SHUI EXPERT, CHOCOLATIER, FOUNDER #IOW4<br /><br />IN EACH SPACE #IOW4 YOUR HOME AND<br />IN EVERY HOME A SPACE #IOW4",Información acerca del vecindario no proporcionada,Joe'S,2019-02-19,2019-02-19,"Soy Escritor, Viajero, Escuchador, Fotógrafo, Conferencista, Consultor en Negocios, Facultador, Programador, Chocolatero, Biomagneterapista y sobre todo soy experto en el ocio creativo. Este 2020 he creado IOW4 una aldea colaborativa de ocio creativo ¡ven y conócenos!",within an hour,f,"['email', 'phone']",t,Iztacalco,Shared room in rental unit,Shared room,1 shared bath,"[""Wifi"", ""Kitchen"", ""Keypad"", ""Self check-in"", ""Exterior security cameras on property""]",9999-01-01,No disponible,t,1245764268727921299,1.0,1.0,32.0,80.0,19.38955,-99.12134,2.0,1.0,1.0,0.0,70.0,3.0,365.0,3.0,1125.0,0,30,60,335,0.0,0.0,4.8,4.9,4.8,4.8,4.8,4.7,1.7
2024-09-25,city scrape,IOW4 LV maravillosa,"IOW4 LV WONDERFUL© CONCEPT TO SHARE TRIPS IN STANDARD AREAS IN COLIVING. FOR TRAVELERS WITH WIDE CRITERIA AND EXPERIENCED IN THE ECONOMY AND WONDERFUL TRAVEL AND DESTINATIONS; BOLD AND SOPHISTICATED, WHO LIKE TO PROLONG THE FUN FOR MORE DAYS AT THE BEST PRICE<br /><br />IMPORTANT<br />AIRBED AIR MATTRESS IN SHARED ROOM, NO PRIVATE AREAS<br /><br />YOUR HOST #JOESCACAO WRITER, FENG SHUI EXPERT, CHOCOLATIER, FOUNDER #IOW4<br /><br />IN EACH SPACE #IOW4 YOUR HOME AND<br />IN EVERY HOME A SPACE #IOW4",Información acerca del vecindario no proporcionada,Joe'S,2019-02-19,2019-02-19,"Soy Escritor, Viajero, Escuchador, Fotógrafo, Conferencista, Consultor en Negocios, Facultador, Programador, Chocolatero, Biomagneterapista y sobre todo soy experto en el ocio creativo. Este 2020 he creado IOW4 una aldea colaborativa de ocio creativo ¡ven y conócenos!",within an hour,f,"['email', 'phone']",t,Iztacalco,Shared room in rental unit,Shared room,1 shared bath,"[""Wifi"", ""Kitchen"", ""Keypad"", ""Self check-in"", ""Exterior security cameras on property""]",9999-01-01,No disponible,t,1246455131724928238,1.0,1.0,32.0,80.0,19.38969,-99.12213,2.0,1.0,1.0,0.0,70.0,3.0,365.0,3.0,1125.0,0,30,60,335,0.0,0.0,4.8,4.9,4.8,4.8,4.8,4.7,1.7
2024-09-25,city scrape,La casa de marmol,Disconnect from your concerns in this spacious and serene space.<br />A safe and comfortable space for everyone.<br />here you can spend a quiet  and comfortable stay.,Información acerca del vecindario no proporcionada,Veronica,2024-09-17,2024-09-17,Información acerca del anfitrión del no proporcionada,within an hour,f,"['email', 'phone']",t,Tlalpan,Shared room in guesthouse,Shared room,2.5 shared baths,"[""Wifi"", ""Freezer"", ""Cleaning available during stay"", ""Host greets you"", ""Bathtub"", ""Refrigerator"", ""Dishes and silverware"", ""Dishwasher"", ""Pets allowed"", ""Blender"", ""Hangers"", ""Free parking on premises"", ""Body soap"", ""Clothing storage: closet and wardrobe"", ""Shampoo"", ""Hot water"", ""Shower gel"", ""TV"", ""Coffee"", ""Patio or balcony"", ""Hot tub"", ""Kitchen"", ""Oven"", ""Cleaning products"", ""Wine glasses"", ""Microwave"", ""Smoking allowed""]",2024-09-23,No disponible,f,1248058667744084823,1.0,1.0,4.0,4.0,19.2875017,-99.1850468,8.0,2.5,4.0,4.0,1058.0,1.0,365.0,1.0,365.0,30,60,90,90,1.0,1.0,5.0,5.0,5.0,5.0,5.0,5.0,1.0
2024-09-25,city scrape,IOW4 LV yoga lounge,"IOW4 LV YOGA LOUNGE©  CONCEPT FOR SHARING TRIPS IN STANDARD AREAS IN COLIVING. ONLY FOR TRAVELERS WITH BROAD CRITERIA AND EXPERIENCED IN THE ECONOMY AND TRIPS AND WONDERFUL DESTINATIONS; DARING AND SOPHISTICATED, WHO LIKE TO EXTEND THE FUN FOR MORE DAYS AT THE BEST PRICE<br /><br />IMPORTANT<br />MATTRESS IN THE STAY , NO PRIVATE OR EXCLUSIVE AREAS<br /><br />YOUR HOST #JOESCACAO WRITER, FENG SHUI EXPERT, CHOCOLATIER, FOUNDER #IOW4<br /><br />IN EACH SPACE #IOW4 YOUR HOME AND<br />IN EVERY HOME A SPACE #IOW4",Información acerca del vecindario no proporcionada,Joe'S,2019-02-19,2019-02-19,"Soy Escritor, Viajero, Escuchador, Fotógrafo, Conferencista, Consultor en Negocios, Facultador, Programador, Chocolatero, Biomagneterapista y sobre todo soy experto en el ocio creativo. Este 2020 he creado IOW4 una aldea colaborativa de ocio creativo ¡ven y conócenos!",within an hour,f,"['email', 'phone']",t,Iztacalco,Shared room in rental unit,Shared room,1 shared bath,"[""Wifi"", ""Kitchen"", ""Keypad"", ""Self check-in"", ""Exterior security cameras on property""]",9999-01-01,No disponible,t,1251003920085208093,1.0,1.0,32.0,80.0,19.38924,-99.12072,1.0,1.0,1.6,0.0,50.0,7.0,365.0,7.0,1125.0,30,60,90,365,0.0,0.0,4.8,4.9,4.8,4.8,4.8,4.7,1.7
